id,source,source_id,mountain_id,mountain_name,name,length_km,length_km_src,up_min,down_min,surface,closed,risk,difficulty_src
1,forest,112150201-35255,44,아차산,구의동구간,0.013,0.01,1,0,토사,False,,쉬움
2,forest,112150201-35256,44,아차산,광장동구간,0.026,0.03,1,0,토사,False,,쉬움
3,forest,112150201-35284,44,아차산,광장동구간,0.004,0.0,1,0,토사,False,,쉬움
4,forest,112600501-40198,50,용마산 (경기),면목동구간,0.101,0.1,2,1,토사,False,암석코스 추락위험,쉬움
5,forest,112600501-40200,50,용마산 (경기),면목7동구간,0.099,0.1,2,1,토사,False,암석코스 추락위험,쉬움
6,forest,112600501-40201,50,용마산 (경기),면목7동구간,0.036,0.04,1,0,토사,False,암석코스 추락위험,쉬움
7,forest,116500401-40800,17,우면산,,0.049,1.34,24,17,,False,,쉬움
8,forest,112600501-40202,50,용마산 (경기),면목7동구간,0.03,0.03,1,0,토사,False,암석코스 추락위험,쉬움
9,forest,116500401-40809,17,우면산,,0.02,0.19,3,2,,False,,쉬움
10,forest,116500401-40811,17,우면산,,0.039,0.1,2,1,,False,,쉬움
11,forest,112600501-40199,50,용마산 (경기),사가정공원 입구-깔딱고개 입구구간,0.092,0.09,2,1,토사,False,암석코스 추락위험,쉬움
12,forest,116500401-40818,17,우면산,,0.341,0.34,6,4,,False,,쉬움
13,forest,116500401-40819,17,우면산,,0.063,0.23,4,3,,False,,쉬움
14,forest,112600501-40196,50,용마산 (경기),면목동구간,0.047,0.05,1,1,토사,False,암석코스 추락위험,쉬움
15,forest,116500401-40825,17,우면산,,0.245,0.39,7,5,,False,,쉬움
16,forest,116500401-40826,17,우면산,,0.074,0.42,7,5,,False,,쉬움
17,forest,116500401-40828,17,우면산,,0.125,0.24,4,3,,False,,쉬움
18,forest,116500401-40829,17,우면산,,0.004,0.05,1,1,,False,,쉬움
19,forest,116500401-40830,17,우면산,,0.211,0.22,4,3,,False,,쉬움
20,forest,112600501-40197,50,용마산 (경기),면목7동구간,0.14,0.14,2,2,토사/암반,False,암석코스 추락위험,쉬움
21,forest,116500401-40831,17,우면산,,0.462,0.59,10,7,,False,,쉬움
22,forest,116500401-40832,17,우면산,서초동구간,3.052,3.05,54,38,,False,,쉬움
23,forest,112600501-40185,50,용마산 (경기),면목7동구간,0.191,0.19,3,2,토사/암반,False,암석코스 추락위험,쉬움
24,forest,112600501-40186,50,용마산 (경기),면목7동구간,0.018,0.02,1,0,토사/암반,False,암석코스 추락위험,쉬움
25,forest,112600501-40187,50,용마산 (경기),깔딱고개 입구-구계 입구 휀스 옆구간,0.062,0.06,1,1,토사,False,암석코스 추락위험,쉬움
26,forest,112600501-40188,50,용마산 (경기),면목7동구간,0.117,0.12,2,1,토사/암반,False,암석코스 추락위험,쉬움
27,forest,112600501-40189,50,용마산 (경기),면목7동구간,0.195,0.2,4,2,토사/암반,False,암석코스 추락위험,쉬움
28,forest,112600501-40190,50,용마산 (경기),면목7동구간,0.109,0.11,2,1,토사/암반,False,암석코스 추락위험,쉬움
29,forest,112600501-40191,50,용마산 (경기),면목7동구간,0.072,0.07,1,1,토사/암반,False,암석코스 추락위험,쉬움
30,forest,112600501-40192,50,용마산 (경기),면목7동구간,0.184,0.18,3,2,토사/암반,False,암석코스 추락위험,쉬움
31,forest,112600501-40193,50,용마산 (경기),면목7동구간,0.036,0.04,1,0,토사/암반,False,암석코스 추락위험,쉬움
32,forest,112600501-40194,50,용마산 (경기),면목동구간,0.035,0.04,1,0,토사,False,암석코스 추락위험,쉬움
33,forest,112600501-40195,50,용마산 (경기),면목7동구간,0.241,0.24,4,3,토사/암반,False,암석코스 추락위험,쉬움
34,forest,112600501-40203,50,용마산 (경기),면목7동구간,0.087,0.09,2,1,토사,False,암석코스 추락위험,쉬움
35,forest,112600501-40204,50,용마산 (경기),면목7동구간,0.12,0.12,2,1,토사,False,암석코스 추락위험,쉬움
36,forest,112600501-40205,50,용마산 (경기),사가정공원 입구-깔딱고개 입구구간,0.115,0.12,2,1,토사,False,암석코스 추락위험,쉬움
37,forest,112600501-40206,50,용마산 (경기),사가정공원 입구-깔딱고개 입구구간,0.059,0.06,1,1,토사,False,암석코스 추락위험,쉬움
38,forest,112600501-40207,50,용마산 (경기),면목7동구간,0.089,0.09,2,1,토사/암반,False,암석코스 추락위험,쉬움
39,forest,112600501-40208,50,용마산 (경기),면목동구간,0.01,0.01,1,0,토사,False,암석코스 추락위험,쉬움
40,forest,112600501-40209,50,용마산 (경기),면목7동구간,0.097,0.1,2,1,토사/암반,False,암석코스 추락위험,쉬움
41,forest,112600501-40210,50,용마산 (경기),면목7동구간,0.043,0.04,1,0,토사/암반,False,암석코스 추락위험,쉬움
42,forest,112600501-40211,50,용마산 (경기),사가정공원 입구-깔딱고개 입구구간,0.061,0.06,1,1,토사,False,암석코스 추락위험,쉬움
43,forest,112600501-40212,50,용마산 (경기),사가정공원 입구-깔딱고개 입구구간,0.119,0.12,2,1,토사,False,암석코스 추락위험,쉬움
44,forest,112600501-40213,50,용마산 (경기),사가정공원 입구-깔딱고개 입구구간,0.022,0.02,1,0,토사,False,암석코스 추락위험,쉬움
45,forest,112600501-40214,50,용마산 (경기),사가정공원 입구-깔딱고개 입구구간,0.096,0.1,2,1,토사,False,암석코스 추락위험,쉬움
46,forest,112600501-40215,50,용마산 (경기),사가정공원 입구-깔딱고개 입구구간,0.07,0.07,1,1,토사,False,암석코스 추락위험,쉬움
47,forest,112600501-40216,50,용마산 (경기),사가정공원 입구-깔딱고개 입구구간,0.133,0.13,2,2,토사,False,암석코스 추락위험,쉬움
48,forest,112600501-40217,50,용마산 (경기),사가정공원 입구-깔딱고개 입구구간,0.037,0.04,1,0,토사,False,암석코스 추락위험,쉬움
49,forest,112600501-40218,50,용마산 (경기),면목7동구간,0.307,0.31,5,4,토사/암반,False,암석코스 추락위험,쉬움
50,forest,112600501-40219,50,용마산 (경기),면목7동구간,0.159,0.16,3,2,토사/암반,False,암석코스 추락위험,쉬움
51,forest,112600501-40220,50,용마산 (경기),면목7동구간,0.211,0.21,4,3,토사/암반,False,암석코스 추락위험,쉬움
52,forest,112600501-40221,50,용마산 (경기),면목7동구간,0.85,0.85,15,11,토사/암반,False,암석코스 추락위험,쉬움
53,forest,112600501-40222,50,용마산 (경기),사가정공원 입구-깔딱고개 입구구간,0.046,0.05,1,1,토사,False,암석코스 추락위험,쉬움
54,forest,112600501-40223,50,용마산 (경기),면목7동구간,0.038,0.04,1,0,토사/암반,False,암석코스 추락위험,쉬움
55,forest,112600501-40224,50,용마산 (경기),면목7동구간,0.692,0.69,12,9,토사/암반,False,암석코스 추락위험,쉬움
56,forest,112600501-40225,50,용마산 (경기),면목7동구간,0.077,0.08,1,1,토사/암반,False,암석코스 추락위험,쉬움
57,forest,112600501-40226,50,용마산 (경기),면목7동구간,0.036,0.04,1,0,토사/암반,False,암석코스 추락위험,쉬움
58,forest,112600501-40227,50,용마산 (경기),면목동구간,0.031,0.03,1,0,토사,False,암석코스 추락위험,쉬움
59,forest,112600501-40228,50,용마산 (경기),깔딱고개 입구-구계 입구 휀스 옆구간,0.064,0.06,1,1,토사,False,암석코스 추락위험,쉬움
60,forest,112600501-40229,50,용마산 (경기),면목7동구간,0.072,0.07,1,1,토사/암반,False,암석코스 추락위험,쉬움
61,forest,112600501-40230,50,용마산 (경기),면목7동구간,0.035,0.04,1,0,토사/암반,False,암석코스 추락위험,쉬움
62,forest,112600501-40231,50,용마산 (경기),면목동구간,0.013,0.01,1,0,토사,False,암석코스 추락위험,쉬움
63,forest,112600501-40232,50,용마산 (경기),면목7동구간,0.028,0.03,1,0,토사/암반,False,암석코스 추락위험,쉬움
64,forest,112600501-40233,50,용마산 (경기),면목7동구간,0.034,0.03,1,0,토사/암반,False,암석코스 추락위험,쉬움
65,forest,112600501-40234,50,용마산 (경기),면목7동구간,0.183,0.18,3,2,토사/암반,False,암석코스 추락위험,쉬움
66,forest,112600501-40235,50,용마산 (경기),면목7동구간,0.125,0.12,2,1,토사/암반,False,암석코스 추락위험,쉬움
67,forest,112600501-40236,50,용마산 (경기),면목7동구간,0.06,0.06,1,1,토사/암반,False,암석코스 추락위험,쉬움
68,forest,112600501-40237,50,용마산 (경기),면목7동구간,0.038,0.04,1,0,토사/암반,False,암석코스 추락위험,쉬움
69,forest,112600501-40238,50,용마산 (경기),면목7동구간,0.17,0.17,3,2,토사/암반,False,암석코스 추락위험,쉬움
70,forest,112600501-40239,50,용마산 (경기),면목7동구간,0.05,0.05,1,1,토사/암반,False,암석코스 추락위험,쉬움
71,forest,112600501-40240,50,용마산 (경기),면목7동구간,0.087,0.09,2,1,토사/암반,False,암석코스 추락위험,쉬움
72,forest,112600501-40241,50,용마산 (경기),면목7동구간,0.121,0.12,2,1,토사/암반,False,암석코스 추락위험,쉬움
73,forest,112600501-40242,50,용마산 (경기),사가정공원 입구-깔딱고개 입구구간,0.042,0.04,1,0,토사,False,암석코스 추락위험,쉬움
74,forest,112600501-40243,50,용마산 (경기),사가정공원 입구-깔딱고개 입구구간,0.026,0.03,1,0,토사,False,암석코스 추락위험,쉬움
75,forest,112600501-40244,50,용마산 (경기),사가정공원 입구-깔딱고개 입구구간,0.195,0.2,4,2,토사,False,암석코스 추락위험,쉬움
76,forest,112600501-40245,50,용마산 (경기),사가정공원 입구-깔딱고개 입구구간,0.161,0.16,3,2,토사,False,암석코스 추락위험,쉬움
77,forest,112600501-40246,50,용마산 (경기),사가정공원 입구-깔딱고개 입구구간,0.03,0.03,1,0,토사,False,암석코스 추락위험,쉬움
78,forest,112600501-40247,50,용마산 (경기),사가정공원 입구-깔딱고개 입구구간,0.046,0.05,1,1,토사,False,암석코스 추락위험,쉬움
79,forest,112600501-40248,50,용마산 (경기),사가정공원 입구-깔딱고개 입구구간,0.096,0.1,2,1,토사,False,암석코스 추락위험,쉬움
80,forest,112600501-40249,50,용마산 (경기),사가정공원 입구-깔딱고개 입구구간,0.02,0.02,1,0,토사,False,암석코스 추락위험,쉬움
81,forest,112600501-40250,50,용마산 (경기),사가정공원 입구-깔딱고개 입구구간,0.108,0.57,10,7,토사,False,암석코스 추락위험,쉬움
82,forest,112600501-40251,50,용마산 (경기),면목동구간,0.006,0.01,1,0,토사,False,암석코스 추락위험,쉬움
83,forest,112600501-40252,50,용마산 (경기),면목7동구간,0.175,0.18,3,2,토사/암반,False,암석코스 추락위험,쉬움
84,forest,112600501-40253,50,용마산 (경기),깔딱고개 입구-구계 입구 휀스 옆구간,0.106,0.11,2,1,토사,False,암석코스 추락위험,쉬움
85,forest,112600501-40254,50,용마산 (경기),면목7동구간,0.023,0.02,1,0,토사/암반,False,암석코스 추락위험,쉬움
86,forest,112600501-40255,50,용마산 (경기),면목7동구간,0.193,0.19,3,2,토사/암반,False,암석코스 추락위험,쉬움
87,forest,112600501-40256,50,용마산 (경기),깔딱고개 입구-구계 입구 휀스 옆구간,0.218,0.22,4,3,토사,False,암석코스 추락위험,쉬움
88,forest,112600501-40257,50,용마산 (경기),면목7동구간,0.153,0.15,3,2,토사/암반,False,암석코스 추락위험,쉬움
89,forest,112600501-40258,50,용마산 (경기),면목7동구간,0.115,0.11,2,1,토사/암반,False,암석코스 추락위험,쉬움
90,forest,112600501-40271,50,용마산 (경기),면목7동구간,0.154,0.15,3,2,토사/암반,False,암석코스 추락위험,쉬움
91,forest,112600501-40259,50,용마산 (경기),면목7동구간,0.092,0.09,2,1,토사/암반,False,암석코스 추락위험,쉬움
92,forest,112600501-40260,50,용마산 (경기),깔딱고개 입구-구계 입구 휀스 옆구간,0.02,0.02,1,0,토사,False,암석코스 추락위험,쉬움
93,forest,112600501-40261,50,용마산 (경기),면목7동구간,0.105,0.11,2,1,토사/암반,False,암석코스 추락위험,쉬움
94,forest,112600501-40262,50,용마산 (경기),면목7동구간,0.189,0.19,3,2,토사/암반,False,암석코스 추락위험,쉬움
95,forest,112600501-40263,50,용마산 (경기),면목7동구간,0.076,0.08,1,1,토사/암반,False,암석코스 추락위험,쉬움
96,forest,112600501-40264,50,용마산 (경기),깔딱고개 입구-구계 입구 휀스 옆구간,0.138,0.14,2,2,토사,False,암석코스 추락위험,쉬움
97,forest,112600501-40265,50,용마산 (경기),면목7동구간,0.294,0.29,5,4,토사/암반,False,암석코스 추락위험,쉬움
98,forest,112600501-40266,50,용마산 (경기),면목7동구간,0.069,0.07,1,1,토사/암반,False,암석코스 추락위험,쉬움
99,forest,112600501-40267,50,용마산 (경기),사가정공원 입구-깔딱고개 입구구간,0.214,0.25,4,3,토사,False,암석코스 추락위험,쉬움
100,forest,112600501-40268,50,용마산 (경기),면목7동구간,0.009,0.01,1,0,토사,False,암석코스 추락위험,쉬움
101,forest,112600501-40269,50,용마산 (경기),면목7동구간,0.088,0.09,2,1,토사,False,암석코스 추락위험,쉬움
102,forest,112600501-40270,50,용마산 (경기),면목7동구간,0.481,0.48,8,6,토사,False,암석코스 추락위험,쉬움
103,forest,112600501-40272,50,용마산 (경기),면목7동구간,0.242,0.24,4,3,토사/암반,False,암석코스 추락위험,쉬움
104,forest,112600501-40273,50,용마산 (경기),중곡동구간,0.004,0.0,1,0,토사,False,암석코스 추락위험,쉬움
105,forest,112600501-40274,50,용마산 (경기),중곡동구간,0.045,0.04,1,0,토사,False,암석코스 추락위험,쉬움
106,forest,112600501-40275,50,용마산 (경기),면목7동구간,0.089,0.09,2,1,토사/암반,False,암석코스 추락위험,쉬움
107,forest,112600501-40276,50,용마산 (경기),면목7동구간,0.043,0.04,1,0,토사/암반,False,암석코스 추락위험,쉬움
108,forest,112600501-40277,50,용마산 (경기),중곡동구간,0.161,0.16,3,2,토사,False,암석코스 추락위험,쉬움
109,forest,112600501-40278,50,용마산 (경기),면목7동구간,0.024,0.02,1,0,토사/암반,False,암석코스 추락위험,쉬움
110,forest,112600501-40279,50,용마산 (경기),중곡동구간,0.03,0.03,1,0,토사,False,암석코스 추락위험,쉬움
111,forest,112600501-40280,50,용마산 (경기),면목7동구간,0.088,0.09,2,1,토사/암반,False,암석코스 추락위험,쉬움
112,forest,112600501-40281,50,용마산 (경기),면목7동구간,0.058,0.06,1,1,토사/암반,False,암석코스 추락위험,쉬움
113,forest,112600501-40282,50,용마산 (경기),면목7동구간,0.115,0.11,2,1,토사/암반,False,암석코스 추락위험,쉬움
114,forest,112600501-40283,50,용마산 (경기),면목7동구간,0.042,0.04,1,0,토사/암반,False,암석코스 추락위험,쉬움
115,forest,112600501-40284,50,용마산 (경기),면목7동구간,0.262,0.26,5,3,토사/암반,False,암석코스 추락위험,쉬움
116,forest,112600501-40285,50,용마산 (경기),깔딱고개 입구-구계 입구 휀스 옆구간,0.267,0.27,5,3,토사,False,암석코스 추락위험,쉬움
117,forest,112600501-40286,50,용마산 (경기),면목7동구간,0.09,0.09,2,1,토사/암반,False,암석코스 추락위험,쉬움
118,forest,112600501-40287,50,용마산 (경기),면목7동구간,0.094,0.09,2,1,토사/암반,False,암석코스 추락위험,쉬움
119,forest,112600501-40288,50,용마산 (경기),면목7동구간,0.71,0.71,13,9,토사/암반,False,암석코스 추락위험,쉬움
120,forest,112600501-40289,50,용마산 (경기),깔딱고개 입구-구계 입구 휀스 옆구간,0.077,0.08,1,1,토사,False,암석코스 추락위험,쉬움
121,forest,112600501-40290,50,용마산 (경기),깔딱고개 입구-구계 입구 휀스 옆구간,0.079,0.08,1,1,토사,False,암석코스 추락위험,쉬움
122,forest,112600501-40291,50,용마산 (경기),면목7동구간,0.109,0.11,2,1,토사/암반,False,암석코스 추락위험,쉬움
123,forest,112600501-40292,50,용마산 (경기),면목동구간,0.063,0.06,1,1,토사/암반,False,암석코스 추락위험,쉬움
124,forest,112600501-40293,50,용마산 (경기),면목7동구간,0.067,0.07,1,1,토사/암반,False,암석코스 추락위험,쉬움
125,forest,112600501-40294,50,용마산 (경기),면목7동구간,0.085,0.08,1,1,토사/암반,False,암석코스 추락위험,쉬움
126,forest,112600501-40295,50,용마산 (경기),면목7동구간,0.037,0.04,1,0,토사/암반,False,암석코스 추락위험,쉬움
127,forest,112600501-40296,50,용마산 (경기),면목동구간,0.015,0.01,1,0,토사/암반,False,암석코스 추락위험,쉬움
128,forest,112600501-40297,50,용마산 (경기),면목7동구간,0.076,0.08,1,1,토사/암반,False,암석코스 추락위험,쉬움
129,forest,112600501-40298,50,용마산 (경기),면목동구간,0.089,0.09,2,1,토사,False,암석코스 추락위험,쉬움
130,forest,112600501-40299,50,용마산 (경기),면목동구간,0.079,0.08,1,1,토사/암반,False,암석코스 추락위험,쉬움
131,forest,112600501-40300,50,용마산 (경기),면목7동구간,0.024,0.02,1,0,토사/암반,False,암석코스 추락위험,쉬움
132,forest,112600501-40301,50,용마산 (경기),면목동구간,0.235,0.28,5,3,토사,False,암석코스 추락위험,쉬움
133,forest,112600501-40302,50,용마산 (경기),깔딱고개 입구-구계 입구 휀스 옆구간,0.252,0.25,4,3,토사,False,암석코스 추락위험,쉬움
134,forest,112600501-40303,50,용마산 (경기),면목7동구간,0.052,0.05,1,1,토사/암반,False,암석코스 추락위험,쉬움
135,forest,112600501-40304,50,용마산 (경기),면목7동구간,0.129,0.13,2,2,토사/암반,False,암석코스 추락위험,쉬움
136,forest,112600501-40305,50,용마산 (경기),면목7동구간,0.047,0.05,1,1,토사/암반,False,암석코스 추락위험,쉬움
137,forest,112600501-40306,50,용마산 (경기),깔딱고개 입구-구계 입구 휀스 옆구간,0.122,0.12,2,1,토사,False,암석코스 추락위험,쉬움
138,forest,112600501-40307,50,용마산 (경기),깔딱고개 입구-구계 입구 휀스 옆구간,0.22,0.58,10,7,토사,False,암석코스 추락위험,쉬움
139,forest,112150201-35335,44,아차산,광장동구간,0.009,0.01,1,0,토사,False,,쉬움
140,forest,112150201-35189,44,아차산,중곡동구간,0.033,0.03,1,0,토사,False,,쉬움
141,forest,112150201-35190,44,아차산,중곡동구간,0.009,0.01,1,0,토사,False,,쉬움
142,forest,112150201-35125,44,아차산,구의동구간,0.523,0.52,9,6,토사,False,,쉬움
143,forest,112150201-35126,44,아차산,중곡동구간,0.207,0.21,4,3,토사,False,,쉬움
144,forest,112150201-35127,44,아차산,중곡동구간,0.626,0.63,11,8,토사,False,,쉬움
145,forest,112150201-35128,44,아차산,구의동구간,0.198,0.2,4,2,토사,False,,쉬움
146,forest,112150201-35129,44,아차산,구의동구간,0.677,0.68,12,8,토사,False,,쉬움
147,forest,112150201-35130,44,아차산,중곡동구간,0.239,0.24,4,3,토사,False,,쉬움
148,forest,112150201-35131,44,아차산,중곡동구간,0.112,0.11,2,1,토사,False,,쉬움
149,forest,112150201-35132,44,아차산,중곡동구간,0.116,0.12,2,1,토사,False,,쉬움
150,forest,112150201-35133,44,아차산,중곡동구간,0.021,0.02,1,0,토사,False,,쉬움
151,forest,112150201-35134,44,아차산,중곡동구간,0.015,0.02,1,0,토사,False,,쉬움
152,forest,112150201-35135,44,아차산,구의동구간,0.339,0.34,6,4,토사,False,,쉬움
153,forest,112150201-35136,44,아차산,중곡동구간,0.389,0.39,7,5,토사,False,,중간
154,forest,112150201-35137,44,아차산,중곡동구간,0.079,0.08,1,1,토사,False,,쉬움
155,forest,112150201-35138,44,아차산,중곡동구간,0.031,0.03,1,0,토사,False,,쉬움
156,forest,112150201-35139,44,아차산,중곡동구간,0.327,0.33,6,4,토사,False,,쉬움
157,forest,112150201-35140,44,아차산,중곡동구간,0.026,0.03,1,0,토사,False,,쉬움
158,forest,112150201-35141,44,아차산,중곡동구간,0.04,0.04,1,0,토사,False,,쉬움
159,forest,112150201-35142,44,아차산,중곡동구간,0.167,0.17,3,2,토사,False,,쉬움
160,forest,112150201-35143,44,아차산,중곡동구간,0.076,0.08,1,1,토사,False,,쉬움
161,forest,112150201-35144,44,아차산,중곡동구간,0.166,0.17,3,2,토사,False,,쉬움
162,forest,112150201-35145,44,아차산,중곡동구간,0.015,0.01,1,0,토사,False,,쉬움
163,forest,112150201-35146,44,아차산,중곡동구간,0.013,0.01,1,0,토사,False,,쉬움
164,forest,112150201-35147,44,아차산,중곡동구간,0.141,0.14,2,2,토사,False,,쉬움
165,forest,112150201-35148,44,아차산,중곡동구간,0.008,0.01,1,0,토사,False,,쉬움
166,forest,112150201-35149,44,아차산,중곡동구간,0.051,0.05,1,1,토사,False,,쉬움
167,forest,112150201-35150,44,아차산,중곡동구간,0.107,0.11,2,1,토사,False,,쉬움
168,forest,112150201-35151,44,아차산,중곡동구간,0.009,0.01,1,0,토사,False,,쉬움
169,forest,112150201-35152,44,아차산,중곡동구간,0.07,0.07,1,1,토사,False,,쉬움
170,forest,112150201-35153,44,아차산,중곡동구간,0.061,0.06,1,1,토사,False,,쉬움
171,forest,112150201-35191,44,아차산,중곡동구간,0.022,0.02,1,0,토사,False,,쉬움
172,forest,112150201-35154,44,아차산,중곡동구간,0.146,0.15,3,2,토사,False,,쉬움
173,forest,112150201-35155,44,아차산,중곡동구간,0.075,0.07,1,1,토사,False,,쉬움
174,forest,112150201-35156,44,아차산,중곡동구간,0.015,0.02,1,0,토사,False,,쉬움
175,forest,112150201-35157,44,아차산,중곡동구간,0.035,0.03,1,0,토사,False,,쉬움
176,forest,112150201-35158,44,아차산,중곡동구간,0.065,0.06,1,1,토사,False,,쉬움
177,forest,112150201-35159,44,아차산,중곡동구간,0.071,0.07,1,1,토사,False,,쉬움
178,forest,112150201-35160,44,아차산,중곡동구간,0.035,0.03,1,0,토사,False,,쉬움
179,forest,112150201-35161,44,아차산,중곡동구간,0.009,0.01,1,0,토사,False,,쉬움
180,forest,112150201-35162,44,아차산,중곡동구간,0.026,0.03,1,0,토사,False,,쉬움
181,forest,112150201-35163,44,아차산,중곡동구간,0.137,0.14,2,2,토사,False,,쉬움
182,forest,112150201-35164,44,아차산,중곡동구간,0.033,0.03,1,0,토사,False,,쉬움
183,forest,112150201-35165,44,아차산,중곡동구간,0.247,0.25,4,3,토사,False,,쉬움
184,forest,112150201-35166,44,아차산,중곡동구간,0.029,0.03,1,0,토사,False,,쉬움
185,forest,112150201-35167,44,아차산,중곡동구간,0.03,0.03,1,0,토사,False,,쉬움
186,forest,112150201-35168,44,아차산,중곡동구간,0.045,0.04,1,0,토사,False,,쉬움
187,forest,112150201-35169,44,아차산,중곡동구간,0.177,0.18,3,2,토사,False,,쉬움
188,forest,112150201-35170,44,아차산,중곡동구간,0.029,0.03,1,0,토사,False,,쉬움
189,forest,112150201-35192,44,아차산,중곡동구간,0.367,0.37,7,5,토사,False,,쉬움
190,forest,112150201-35171,44,아차산,중곡동구간,0.43,0.43,8,5,토사,False,,쉬움
191,forest,112150201-35172,44,아차산,중곡동구간,0.103,0.1,2,1,토사,False,,쉬움
192,forest,112150201-35173,44,아차산,중곡동구간,0.025,0.02,1,0,토사,False,,쉬움
193,forest,112150201-35174,44,아차산,중곡동구간,0.071,0.07,1,1,토사,False,,쉬움
194,forest,112150201-35175,44,아차산,중곡동구간,0.134,0.13,2,2,토사,False,,쉬움
195,forest,112150201-35176,44,아차산,중곡동구간,0.131,0.13,2,2,토사,False,,쉬움
196,forest,112150201-35177,44,아차산,중곡동구간,0.036,0.04,1,0,토사,False,,쉬움
197,forest,112150201-35178,44,아차산,중곡동구간,0.036,0.04,1,0,토사,False,,쉬움
198,forest,112150201-35179,44,아차산,구의동구간,0.149,0.15,3,2,토사,False,,쉬움
199,forest,112150201-35180,44,아차산,중곡동구간,0.017,0.02,1,0,토사,False,,쉬움
200,forest,112150201-35181,44,아차산,중곡동구간,0.119,0.12,2,1,토사,False,,쉬움
201,forest,112150201-35182,44,아차산,중곡동구간,0.134,0.13,2,2,토사,False,,쉬움
202,forest,112150201-35183,44,아차산,중곡동구간,0.105,0.11,2,1,토사,False,,쉬움
203,forest,112150201-35184,44,아차산,중곡동구간,0.038,0.04,1,0,토사,False,,쉬움
204,forest,112150201-35185,44,아차산,중곡동구간,0.049,0.05,1,1,토사,False,,쉬움
205,forest,112150201-35186,44,아차산,중곡동구간,0.044,0.04,1,0,토사,False,,쉬움
206,forest,112150201-35187,44,아차산,중곡동구간,0.052,0.05,1,1,토사,False,,쉬움
207,forest,112150201-35188,44,아차산,중곡동구간,0.026,0.03,1,0,토사,False,,쉬움
208,forest,112150201-35193,44,아차산,중곡동구간,0.338,0.34,6,4,토사,False,,쉬움
209,forest,112150201-35194,44,아차산,중곡동구간,0.064,0.06,1,1,토사,False,,쉬움
210,forest,112150201-35195,44,아차산,중곡동구간,0.023,0.02,1,0,토사,False,,쉬움
211,forest,112150201-35196,44,아차산,중곡동구간,0.07,0.07,1,1,토사,False,,쉬움
212,forest,112150201-35197,44,아차산,중곡동구간,0.011,0.01,1,0,토사,False,,쉬움
213,forest,112150201-35198,44,아차산,중곡동구간,0.057,0.06,1,1,토사,False,,쉬움
214,forest,112150201-35199,44,아차산,중곡동구간,0.018,0.02,1,0,토사,False,,쉬움
215,forest,112150201-35200,44,아차산,중곡동구간,0.288,0.29,5,4,토사,False,,쉬움
216,forest,112150201-35201,44,아차산,중곡동구간,0.078,0.08,1,1,토사,False,,쉬움
217,forest,112150201-35202,44,아차산,중곡동구간,0.101,0.1,2,1,토사,False,,쉬움
218,forest,112150201-35203,44,아차산,중곡동구간,0.113,0.11,2,1,토사,False,,쉬움
219,forest,112150201-35204,44,아차산,중곡동구간,0.083,0.08,1,1,토사,False,,쉬움
220,forest,112150201-35205,44,아차산,중곡동구간,0.319,0.32,6,4,토사,False,,쉬움
221,forest,112150201-35206,44,아차산,중곡동구간,0.04,0.04,1,0,토사,False,,쉬움
222,forest,112150201-35207,44,아차산,중곡동구간,0.045,0.04,1,0,토사,False,,쉬움
223,forest,112150201-35231,44,아차산,광장동구간,0.047,0.05,1,1,토사,False,,쉬움
224,forest,112150201-35208,44,아차산,광장동구간,0.124,0.12,2,1,토사,False,,쉬움
225,forest,112150201-35209,44,아차산,광장동구간,0.036,0.04,1,0,토사,False,,쉬움
226,forest,112150201-35210,44,아차산,광장동구간,0.021,0.02,1,0,토사,False,,쉬움
227,forest,112150201-35211,44,아차산,광장동구간,0.107,0.11,2,1,토사,False,,쉬움
228,forest,112150201-35212,44,아차산,광장동구간,0.035,0.04,1,0,토사,False,,쉬움
229,forest,112150201-35213,44,아차산,광장동구간,0.073,0.07,1,1,토사,False,,쉬움
230,forest,112150201-35214,44,아차산,광장동구간,0.062,0.06,1,1,토사,False,,쉬움
231,forest,112150201-35215,44,아차산,구의동구간,0.093,0.09,2,1,토사,False,,쉬움
232,forest,112150201-35216,44,아차산,구의동구간,0.018,0.02,1,0,토사,False,,쉬움
233,forest,112150201-35217,44,아차산,구의동구간,0.081,0.08,1,1,토사,False,,쉬움
234,forest,112150201-35218,44,아차산,광장동구간,0.011,0.01,1,0,토사,False,,쉬움
235,forest,112150201-35219,44,아차산,광장동구간,0.021,0.02,1,0,토사,False,,쉬움
236,forest,112150201-35220,44,아차산,광장동구간,0.028,0.03,1,0,토사,False,,쉬움
237,forest,112150201-35221,44,아차산,광장동구간,0.045,0.05,1,1,토사,False,,쉬움
238,forest,112150201-35222,44,아차산,광장동구간,0.061,0.06,1,1,토사,False,,쉬움
239,forest,112150201-35223,44,아차산,광장동구간,0.135,0.14,2,2,토사,False,,쉬움
240,forest,112150201-35224,44,아차산,광장동구간,0.025,0.03,1,0,토사,False,,쉬움
241,forest,112150201-35225,44,아차산,광장동구간,0.028,0.03,1,0,토사,False,,쉬움
242,forest,112150201-35226,44,아차산,광장동구간,0.01,0.01,1,0,토사,False,,쉬움
243,forest,112150201-35227,44,아차산,광장동구간,0.01,0.01,1,0,토사,False,,중간
244,forest,112150201-35228,44,아차산,광장동구간,0.036,0.04,1,0,토사,False,,쉬움
245,forest,112150201-35229,44,아차산,광장동구간,0.011,0.01,1,0,토사,False,,쉬움
246,forest,112150201-35230,44,아차산,광장동구간,0.028,0.03,1,0,토사,False,,쉬움
247,forest,112150201-35254,44,아차산,광장동구간,0.019,0.02,1,0,토사,False,,쉬움
248,forest,112150201-35232,44,아차산,광장동구간,0.048,0.05,1,1,토사,False,,쉬움
249,forest,112150201-35233,44,아차산,중곡동구간,0.047,1.58,28,20,토사,False,,쉬움
250,forest,112150201-35234,44,아차산,중곡동구간,0.148,0.15,3,2,토사,False,,쉬움
251,forest,112150201-35235,44,아차산,구의동구간,0.024,0.02,1,0,토사,False,,쉬움
252,forest,112150201-35236,44,아차산,아천동구간,0.119,0.12,2,1,토사,False,,쉬움
253,forest,112150201-35237,44,아차산,구의동구간,0.495,0.5,9,6,토사,False,,쉬움
254,forest,112150201-35238,44,아차산,광장동구간,0.025,0.02,1,0,토사,False,,쉬움
255,forest,112150201-35239,44,아차산,광장동구간,0.06,0.06,1,1,토사,False,,쉬움
256,forest,112150201-35240,44,아차산,광장동구간,0.023,0.02,1,0,토사,False,,쉬움
257,forest,112150201-35241,44,아차산,광장동구간,0.037,0.04,1,0,토사,False,,쉬움
258,forest,112150201-35242,44,아차산,광장동구간,0.014,0.01,1,0,토사,False,,쉬움
259,forest,112150201-35243,44,아차산,광장동구간,0.008,0.01,1,0,토사,False,,쉬움
260,forest,112150201-35244,44,아차산,광장동구간,0.025,0.03,1,0,토사,False,,쉬움
261,forest,112150201-35245,44,아차산,광장동구간,0.005,0.0,1,0,토사,False,,쉬움
262,forest,112150201-35246,44,아차산,광장동구간,0.022,0.02,1,0,토사,False,,쉬움
263,forest,112150201-35247,44,아차산,광장동구간,0.032,0.03,1,0,토사,False,,쉬움
264,forest,112150201-35248,44,아차산,광장동구간,0.035,0.04,1,0,토사,False,,쉬움
265,forest,112150201-35249,44,아차산,광장동구간,0.042,0.04,1,0,토사,False,,쉬움
266,forest,112150201-35250,44,아차산,광장동구간,0.048,0.05,1,1,토사,False,,쉬움
267,forest,112150201-35251,44,아차산,광장동구간,0.07,0.07,1,1,토사,False,,쉬움
268,forest,112150201-35252,44,아차산,광장동구간,0.015,0.01,1,0,토사,False,,쉬움
269,forest,112150201-35253,44,아차산,광장동구간,0.062,0.06,1,1,토사,False,,쉬움
270,forest,112150201-35257,44,아차산,광장동구간,0.018,0.02,1,0,토사,False,,쉬움
271,forest,112150201-35258,44,아차산,광장동구간,0.058,0.06,1,1,토사,False,,쉬움
272,forest,112150201-35259,44,아차산,광장동구간,0.025,0.02,1,0,토사,False,,쉬움
273,forest,112150201-35260,44,아차산,광장동구간,0.027,0.03,1,0,토사,False,,쉬움
274,forest,112150201-35261,44,아차산,광장동구간,0.005,0.01,1,0,토사,False,,쉬움
275,forest,112150201-35262,44,아차산,광장동구간,0.016,0.02,1,0,토사,False,,쉬움
276,forest,112150201-35263,44,아차산,광장동구간,0.04,0.04,1,0,토사,False,,쉬움
277,forest,112150201-35264,44,아차산,광장동구간,0.047,0.05,1,1,토사,False,,쉬움
278,forest,112150201-35265,44,아차산,광장동구간,0.031,0.03,1,0,토사,False,,쉬움
279,forest,112150201-35266,44,아차산,광장동구간,0.011,0.01,1,0,토사,False,,쉬움
280,forest,112150201-35267,44,아차산,광장동구간,0.006,0.01,1,0,토사,False,,쉬움
281,forest,112150201-35268,44,아차산,광장동구간,0.007,0.01,1,0,토사,False,,쉬움
282,forest,112150201-35269,44,아차산,광장동구간,0.024,0.02,1,0,토사,False,,쉬움
283,forest,112150201-35270,44,아차산,광장동구간,0.005,0.01,1,0,토사,False,,쉬움
284,forest,112150201-35271,44,아차산,광장동구간,0.016,0.02,1,0,토사,False,,쉬움
285,forest,112150201-35272,44,아차산,광장동구간,0.019,0.02,1,0,토사,False,,쉬움
286,forest,112150201-35273,44,아차산,광장동구간,0.011,0.01,1,0,토사,False,,쉬움
287,forest,112150201-35274,44,아차산,광장동구간,0.02,0.02,1,0,토사,False,,쉬움
288,forest,112150201-35275,44,아차산,광장동구간,0.017,0.02,1,0,토사,False,,쉬움
289,forest,112150201-35276,44,아차산,광장동구간,0.007,0.01,1,0,토사,False,,쉬움
290,forest,112150201-35277,44,아차산,광장동구간,0.021,0.02,1,0,토사,False,,쉬움
291,forest,112150201-35278,44,아차산,광장동구간,0.026,0.03,1,0,토사,False,,쉬움
292,forest,112150201-35279,44,아차산,광장동구간,0.022,0.02,1,0,토사,False,,쉬움
293,forest,112150201-35280,44,아차산,광장동구간,0.007,0.01,1,0,토사,False,,쉬움
294,forest,112150201-35281,44,아차산,광장동구간,0.015,0.02,1,0,토사,False,,쉬움
295,forest,112150201-35282,44,아차산,광장동구간,0.017,0.02,1,0,토사,False,,쉬움
296,forest,112150201-35283,44,아차산,광장동구간,0.07,0.07,1,1,토사,False,,쉬움
297,forest,112150201-35285,44,아차산,광장동구간,0.028,0.03,1,0,토사,False,,쉬움
298,forest,112150201-35286,44,아차산,광장동구간,0.015,0.01,1,0,토사,False,,쉬움
299,forest,112150201-35287,44,아차산,광장동구간,0.025,0.02,1,0,토사,False,,쉬움
300,forest,112150201-35288,44,아차산,광장동구간,0.015,0.01,1,0,토사,False,,쉬움
301,forest,112150201-35289,44,아차산,광장동구간,0.008,0.01,1,0,토사,False,,쉬움
302,forest,112150201-35290,44,아차산,광장동구간,0.017,0.02,1,0,토사,False,,쉬움
303,forest,112150201-35291,44,아차산,광장동구간,0.029,0.03,1,0,토사,False,,쉬움
304,forest,112150201-35292,44,아차산,광장동구간,0.024,0.02,1,0,토사,False,,쉬움
305,forest,112150201-35293,44,아차산,구의동구간,0.12,0.12,2,1,토사,False,,쉬움
306,forest,112150201-35294,44,아차산,구의동구간,0.125,0.13,2,2,토사,False,,쉬움
307,forest,112150201-35295,44,아차산,광장동구간,0.012,0.01,1,0,토사,False,,쉬움
308,forest,112150201-35296,44,아차산,광장동구간,0.013,0.01,1,0,토사,False,,쉬움
309,forest,112150201-35297,44,아차산,광장동구간,0.018,0.02,1,0,토사,False,,쉬움
310,forest,112150201-35298,44,아차산,광장동구간,0.019,0.02,1,0,토사,False,,쉬움
311,forest,112150201-35299,44,아차산,광장동구간,0.024,0.02,1,0,토사,False,,쉬움
312,forest,112150201-35300,44,아차산,광장동구간,0.004,0.0,1,0,토사,False,,쉬움
313,forest,112150201-35301,44,아차산,광장동구간,0.015,0.02,1,0,토사,False,,쉬움
314,forest,112150201-35302,44,아차산,광장동구간,0.01,0.01,1,0,토사,False,,쉬움
315,forest,112150201-35303,44,아차산,광장동구간,0.016,0.02,1,0,토사,False,,쉬움
316,forest,112150201-35304,44,아차산,광장동구간,0.043,0.04,1,0,토사,False,,쉬움
317,forest,112150201-35305,44,아차산,광장동구간,0.055,0.06,1,1,토사,False,,쉬움
318,forest,112150201-35306,44,아차산,광장동구간,0.037,0.04,1,0,토사,False,,쉬움
319,forest,112150201-35307,44,아차산,광장동구간,0.032,0.03,1,0,토사,False,,쉬움
320,forest,112150201-35308,44,아차산,구의동구간,0.134,0.13,2,2,토사,False,,쉬움
321,forest,112150201-35309,44,아차산,광장동구간,0.059,0.06,1,1,토사,False,,쉬움
322,forest,112150201-35310,44,아차산,광장동구간,0.06,0.06,1,1,토사,False,,쉬움
323,forest,112150201-35311,44,아차산,광장동구간,0.075,0.07,1,1,토사,False,,쉬움
324,forest,112150201-35312,44,아차산,광장동구간,0.02,0.02,1,0,토사,False,,쉬움
325,forest,112150201-35313,44,아차산,광장동구간,0.04,0.04,1,0,토사,False,,쉬움
326,forest,112150201-35314,44,아차산,광장동구간,0.065,0.06,1,1,토사,False,,쉬움
327,forest,112150201-35315,44,아차산,광장동구간,0.048,0.05,1,1,토사,False,,쉬움
328,forest,112150201-35316,44,아차산,광장동구간,0.254,0.25,4,3,토사,False,,쉬움
329,forest,112150201-35317,44,아차산,구의동구간,0.381,0.38,7,5,토사,False,,쉬움
330,forest,112150201-35318,44,아차산,광장동구간,0.015,0.02,1,0,토사,False,,쉬움
331,forest,112150201-35319,44,아차산,광장동구간,0.012,0.01,1,0,토사,False,,쉬움
332,forest,112150201-35320,44,아차산,광장동구간,0.027,0.03,1,0,토사,False,,쉬움
333,forest,112150201-35321,44,아차산,광장동구간,0.033,0.03,1,0,토사,False,,쉬움
334,forest,112150201-35322,44,아차산,광장동구간,0.003,0.0,1,0,토사,False,,쉬움
335,forest,112150201-35323,44,아차산,광장동구간,0.031,0.03,1,0,토사,False,,쉬움
336,forest,112150201-35324,44,아차산,광장동구간,0.013,0.01,1,0,토사,False,,쉬움
337,forest,112150201-35325,44,아차산,광장동구간,0.017,0.02,1,0,토사,False,,쉬움
338,forest,112150201-35326,44,아차산,광장동구간,0.077,0.08,1,1,토사,False,,쉬움
339,forest,112150201-35327,44,아차산,광장동구간,0.041,0.04,1,0,토사,False,,쉬움
340,forest,112150201-35328,44,아차산,광장동구간,0.045,0.04,1,0,토사,False,,쉬움
341,forest,112150201-35329,44,아차산,광장동구간,0.009,0.01,1,0,토사,False,,쉬움
342,forest,112150201-35330,44,아차산,광장동구간,0.009,0.01,1,0,토사,False,,쉬움
343,forest,112150201-35331,44,아차산,광장동구간,0.006,0.01,1,0,토사,False,,쉬움
344,forest,112150201-35332,44,아차산,광장동구간,0.109,0.11,2,1,토사,False,,쉬움
345,forest,112150201-35333,44,아차산,광장동구간,0.054,0.05,1,1,토사,False,,쉬움
346,forest,112150201-35334,44,아차산,광장동구간,0.021,0.02,1,0,토사,False,,쉬움
347,forest,112150201-35336,44,아차산,광장동구간,0.023,0.02,1,0,토사,False,,쉬움
348,forest,112150201-35337,44,아차산,광장동구간,0.069,0.07,1,1,토사,False,,쉬움
349,forest,112150201-35338,44,아차산,광장동구간,0.02,0.02,1,0,토사,False,,쉬움
350,forest,112150201-35339,44,아차산,광장동구간,0.016,0.02,1,0,토사,False,,쉬움
351,forest,112150201-35340,44,아차산,광장동구간,0.01,0.01,1,0,토사,False,,쉬움
352,forest,112150201-35341,44,아차산,광장동구간,0.022,0.02,1,0,토사,False,,쉬움
353,forest,112150201-35342,44,아차산,광장동구간,0.013,0.01,1,0,토사,False,,쉬움
354,forest,112150201-35343,44,아차산,광장동구간,0.004,0.0,1,0,토사,False,,쉬움
355,forest,112150201-35344,44,아차산,광장동구간,0.023,0.02,1,0,토사,False,,쉬움
356,forest,112150201-35345,44,아차산,광장동구간,0.036,0.04,1,0,토사,False,,쉬움
357,forest,112150201-35346,44,아차산,구의동구간,0.034,0.03,1,0,토사,False,,쉬움
358,forest,112150201-35347,44,아차산,구의동구간,0.099,0.1,2,1,토사,False,,쉬움
359,forest,112150201-35348,44,아차산,광장동구간,0.104,0.1,2,1,토사,False,,쉬움
360,forest,112150201-35349,44,아차산,구의동구간,0.098,0.1,2,1,토사,False,,쉬움
361,forest,112150201-35350,44,아차산,아천동구간,0.011,0.01,1,0,토사,False,,쉬움
362,forest,112150201-35351,44,아차산,중곡동구간,0.844,0.87,16,11,토사,False,,쉬움
363,forest,112150201-35352,44,아차산,중곡동구간,0.036,0.04,1,0,토사,False,,쉬움
364,forest,112150201-35353,44,아차산,중곡동구간,0.096,0.1,2,1,토사,False,,쉬움
365,forest,112150201-35354,44,아차산,중곡동구간,0.066,0.07,1,1,토사,False,,쉬움
366,forest,112150201-35355,44,아차산,중곡동구간,0.034,0.03,1,0,토사,False,,쉬움
367,forest,112150201-35356,44,아차산,중곡동구간,0.108,0.11,2,1,토사,False,,쉬움
368,forest,112150201-35357,44,아차산,중곡동구간,0.059,0.06,1,1,토사,False,,쉬움
369,forest,112150201-35358,44,아차산,중곡동구간,0.041,0.04,1,0,토사,False,,쉬움
370,forest,112150201-35359,44,아차산,중곡동구간,0.097,0.1,2,1,토사,False,,쉬움
371,forest,112150201-35360,44,아차산,중곡동구간,0.06,0.06,1,1,토사,False,,쉬움
372,forest,112150201-35361,44,아차산,중곡동구간,0.066,0.07,1,1,토사,False,,쉬움
373,forest,112150201-35362,44,아차산,중곡동구간,0.058,0.06,1,1,토사,False,,쉬움
374,forest,112150201-35363,44,아차산,중곡동구간,0.044,0.04,1,0,토사,False,,쉬움
375,forest,112150201-35364,44,아차산,광장동구간,0.025,0.03,1,0,토사,False,,쉬움
376,forest,112150201-35365,44,아차산,광장동구간,0.008,0.01,1,0,토사,False,,쉬움
377,forest,112150201-35366,44,아차산,중곡동구간,0.066,0.19,3,2,토사,False,,쉬움
378,forest,112150201-35367,44,아차산,중곡동구간,0.064,0.12,2,1,토사,False,,쉬움
379,forest,112150201-35368,44,아차산,중곡동구간,0.056,0.16,3,2,토사,False,,쉬움
380,forest,112150201-35369,44,아차산,중곡동구간,0.088,0.09,2,1,토사,False,,쉬움
381,forest,112150201-35370,44,아차산,중곡동구간,0.164,0.16,3,2,토사,False,,쉬움
382,forest,113500201-33105,46,수락산,,0.065,0.07,1,1,,False,,쉬움
383,forest,113500201-33106,46,수락산,,0.078,0.08,1,1,,False,,쉬움
384,forest,113500201-33107,46,수락산,,0.036,0.04,1,0,,False,,쉬움
385,forest,113500201-33108,46,수락산,,0.023,0.02,1,0,,False,,쉬움
386,forest,113500201-33109,46,수락산,상계동구간,0.011,0.05,1,1,,False,,쉬움
387,forest,113500201-33110,46,수락산,,0.028,0.03,1,0,,False,,쉬움
388,forest,113500201-33111,46,수락산,,0.043,0.14,2,2,,False,,쉬움
389,forest,113500201-33112,46,수락산,,0.216,0.22,4,3,,False,,쉬움
390,forest,113500201-33113,46,수락산,상계동구간,0.112,0.11,2,1,,False,,쉬움
391,forest,113500201-33114,46,수락산,,0.821,0.82,14,10,,False,,쉬움
392,forest,113500201-33116,46,수락산,,0.064,0.1,2,1,,False,,쉬움
393,forest,113500201-33117,46,수락산,,0.655,0.66,12,8,,False,,쉬움
394,forest,113500201-33118,46,수락산,,0.101,0.1,2,1,,False,,쉬움
395,forest,113500201-33119,46,수락산,,0.121,0.12,2,1,,False,,쉬움
396,forest,113500201-33120,46,수락산,,0.11,0.13,2,2,,False,,쉬움
397,forest,113500201-33121,46,수락산,상계동구간,1.002,1.05,19,13,,False,,쉬움
398,forest,113500201-33125,46,수락산,,0.026,0.66,12,8,,False,,쉬움
399,forest,114100801-26877,47,북한산,서대문구홍은동구간,0.026,0.03,1,0,돌/토사,False,암벽지역,쉬움
400,forest,113500201-33205,46,수락산,상계동구간,1.667,1.67,29,21,,False,,쉬움
401,forest,113500201-33206,46,수락산,상계동구간,2.064,2.07,62,43,,False,,쉬움
402,forest,113500201-33208,46,수락산,상계동구간,2.271,2.36,42,29,,False,,쉬움
403,forest,113500201-33204,46,수락산,,0.844,0.89,16,11,,False,,쉬움
404,forest,113500201-33210,46,수락산,,0.272,0.27,5,3,,False,,쉬움
405,forest,113500201-33211,46,수락산,상계동구간,1.746,1.75,53,37,,False,,쉬움
406,forest,113500201-33215,46,수락산,상계동구간,2.05,2.05,77,54,,False,,쉬움
407,forest,113500201-33216,46,수락산,상계동구간,2.199,2.2,39,27,,False,,쉬움
408,forest,113500201-33226,46,수락산,,0.825,0.83,15,10,,False,,쉬움
409,forest,113500201-33227,46,수락산,상계동구간,0.984,0.98,17,12,,False,,쉬움
410,forest,113500201-33239,46,수락산,,1.654,1.65,29,20,,False,,쉬움
411,forest,113500201-33240,46,수락산,,0.076,0.99,17,12,,False,,쉬움
412,forest,113500101-28044,45,불암산,,0.019,0.07,1,1,,False,,쉬움
413,forest,113500201-33241,46,수락산,상계동구간,0.06,0.26,5,3,,False,,쉬움
414,forest,113500201-33245,46,수락산,,0.017,0.02,1,0,,False,,쉬움
415,forest,113500201-33248,46,수락산,청학리구간,0.563,0.92,16,11,,False,,쉬움
416,forest,113500201-33251,46,수락산,,0.839,0.91,16,11,,False,,쉬움
417,forest,113500201-33252,46,수락산,,0.05,0.05,1,1,,False,,쉬움
418,forest,113500201-33260,46,수락산,청학리구간,0.015,0.43,8,5,,False,,쉬움
419,forest,113500201-33268,46,수락산,상계동구간,0.834,0.83,15,10,,False,,쉬움
420,forest,113500201-33272,46,수락산,상계동구간,1.159,1.16,20,14,,False,,쉬움
421,forest,113500201-33282,46,수락산,상계동구간,0.298,0.3,5,4,,False,,쉬움
422,forest,113500201-33283,46,수락산,,0.722,0.72,13,9,,False,,쉬움
423,forest,113500201-33287,46,수락산,상계동구간,0.062,0.14,2,2,,False,,쉬움
424,forest,113500201-33288,46,수락산,,0.02,0.07,1,1,,False,,쉬움
425,forest,113500201-33293,46,수락산,별내동구간,0.033,0.08,1,1,,False,,쉬움
426,forest,113500101-28063,45,불암산,,0.034,0.03,1,0,,False,,쉬움
427,forest,113500101-28064,45,불암산,,0.086,0.09,2,1,,False,,쉬움
428,forest,113500101-28041,45,불암산,,0.062,0.1,2,1,,False,,쉬움
429,forest,113500101-28054,45,불암산,,0.089,0.09,2,1,,False,,쉬움
430,forest,113500101-28055,45,불암산,,0.084,0.08,1,1,,False,,쉬움
431,forest,113500101-28056,45,불암산,,0.155,0.23,4,3,,False,,쉬움
432,forest,113500101-28057,45,불암산,,0.044,0.04,1,0,,False,,쉬움
433,forest,113500101-28060,45,불암산,,0.019,0.02,1,0,,False,,쉬움
434,forest,113500101-28061,45,불암산,,0.031,0.03,1,0,,False,,쉬움
435,forest,113500101-28062,45,불암산,별내동구간,0.155,0.15,3,2,,False,,쉬움
436,forest,113500101-28065,45,불암산,,0.174,0.3,5,4,,False,,쉬움
437,forest,113500101-28068,45,불암산,별내동구간,0.149,0.15,3,2,,False,,중간
438,forest,113500101-28069,45,불암산,,0.116,0.12,2,1,,False,,쉬움
439,forest,113500101-28071,45,불암산,,0.038,0.04,1,0,,False,,쉬움
440,forest,113500101-28072,45,불암산,,0.05,0.05,1,1,,False,,쉬움
441,forest,113500101-28075,45,불암산,별내동구간,0.055,0.06,1,1,,False,,쉬움
442,forest,113500101-28081,45,불암산,별내동구간,0.054,0.22,4,3,,False,,쉬움
443,forest,113500101-28088,45,불암산,공릉동구간,0.19,0.96,17,12,,False,,쉬움
444,forest,113500101-28095,45,불암산,,0.41,1.33,23,16,,False,,쉬움
445,forest,113500101-28096,45,불암산,중계동구간,1.047,1.05,26,18,,False,,쉬움
446,forest,113500101-28097,45,불암산,상계동구간,1.182,1.22,22,15,,False,,쉬움
447,forest,113500101-28099,45,불암산,중계동구간,0.869,0.87,15,11,,False,,쉬움
448,forest,113500101-28100,45,불암산,중계동구간,0.929,0.97,21,15,,False,,쉬움
449,forest,113500101-28101,45,불암산,공릉동구간,1.937,1.94,34,24,,False,,쉬움
450,forest,113500101-28103,45,불암산,,0.787,0.83,15,10,,False,,쉬움
451,forest,113500101-28110,45,불암산,,0.11,0.11,2,1,,False,,쉬움
452,forest,113500101-28117,45,불암산,,0.034,0.05,1,1,,False,,쉬움
453,forest,113500101-28118,45,불암산,,0.033,0.03,1,0,,False,,쉬움
454,forest,114100801-26922,47,북한산,홍은동구간,0.048,0.05,1,1,토사,False,암벽지역,쉬움
455,forest,114100801-26874,47,북한산,서대문구홍은중앙1길구간,0.016,0.02,1,0,토사,False,암벽지역,쉬움
456,forest,114100801-26876,47,북한산,서대문구홍은중앙1길구간,0.023,0.02,1,0,토사,False,암벽지역,중간
457,forest,114100801-26875,47,북한산,서대문구홍은중앙1길구간,0.028,0.03,1,0,토사,False,암벽지역,쉬움
458,forest,114100801-26847,47,북한산,서대문구홍은동풍림아이원아파트-홍,0.076,0.08,1,1,시멘트,False,암벽지역,쉬움
459,forest,114100801-26848,47,북한산,서대문구홍은동풍림아이원아파트-홍,0.011,0.01,1,0,시멘트,False,암벽지역,쉬움
460,forest,114100801-26849,47,북한산,서대문구홍은동풍림아이원아파트-홍,0.132,0.13,2,2,시멘트,False,암벽지역,쉬움
461,forest,114100801-26850,47,북한산,서대문구홍은동풍림아이원아파트-홍,0.02,0.02,1,0,시멘트,False,암벽지역,쉬움
462,forest,114100801-26851,47,북한산,서대문구홍은동풍림아이원아파트-홍,0.049,0.05,1,1,시멘트,False,암벽지역,쉬움
463,forest,114100801-26852,47,북한산,서대문구홍은동풍림아이원아파트-홍,0.097,0.1,2,1,시멘트,False,암벽지역,쉬움
464,forest,114100801-26853,47,북한산,서대문구홍은동풍림아이원아파트-홍,0.18,0.18,3,2,시멘트,False,암벽지역,쉬움
465,forest,114100801-26854,47,북한산,홍은동구간,0.256,0.26,5,3,토사,False,암벽지역,쉬움
466,forest,114100801-26855,47,북한산,서대문구홍은2동구간,0.199,0.2,4,2,토사,False,암벽지역,쉬움
467,forest,114100801-26856,47,북한산,서대문구홍은2동구간,0.288,0.29,5,4,토사,False,암벽지역,쉬움
468,forest,114100801-26857,47,북한산,서대문구홍은2동구간,0.077,0.08,1,1,토사,False,암벽지역,쉬움
469,forest,114100801-26858,47,북한산,서대문구홍은동-종로구구간,0.106,0.11,2,1,토사,False,암벽지역,쉬움
470,forest,114100801-26859,47,북한산,서대문구홍은동-종로구구간,0.119,0.12,2,1,토사,False,암벽지역,쉬움
471,forest,114100801-26860,47,북한산,서대문구홍은동포방터1길구간,0.058,0.06,1,1,토사,False,암벽지역,중간
472,forest,114100801-26861,47,북한산,홍은동구간,0.043,0.04,1,0,토사,False,암벽지역,쉬움
473,forest,114100801-26862,47,북한산,서대문구홍은동포방터1길구간,0.173,0.17,3,2,토사,False,암벽지역,쉬움
474,forest,114100801-26863,47,북한산,서대문구홍은동포방터1길구간,0.073,0.07,1,1,토사,False,암벽지역,쉬움
475,forest,114100801-26864,47,북한산,서대문구홍은동포방터1길구간,0.083,0.08,1,1,토사,False,암벽지역,쉬움
476,forest,114100801-26865,47,북한산,서대문구홍은동포방터1길구간,0.076,0.08,1,1,토사,False,암벽지역,쉬움
477,forest,114100801-26866,47,북한산,홍은동구간,0.051,0.05,1,1,토사,False,암벽지역,쉬움
478,forest,114100801-26867,47,북한산,홍은동구간,0.043,0.04,1,0,토사,False,암벽지역,쉬움
479,forest,114100801-26868,47,북한산,홍은동구간,0.053,0.05,1,1,토사,False,암벽지역,쉬움
480,forest,114100801-26869,47,북한산,서대문구홍은1동구간,0.049,0.05,1,1,토사,False,암벽지역,쉬움
481,forest,114100801-26870,47,북한산,홍은동구간,0.498,0.5,9,6,토사,False,암벽지역,쉬움
482,forest,114100801-26871,47,북한산,홍은동구간,0.037,0.04,1,0,토사,False,암벽지역,쉬움
483,forest,114100801-26872,47,북한산,서대문구홍은1동구간,0.066,0.07,1,1,토사,False,암벽지역,쉬움
484,forest,114100801-26873,47,북한산,서대문구홍은중앙1길구간,0.034,0.03,1,0,토사,False,암벽지역,쉬움
485,forest,114100801-26878,47,북한산,서대문구홍은동구간,0.058,0.06,1,1,돌/토사,False,암벽지역,쉬움
486,forest,114100801-26879,47,북한산,서대문구홍은동구간,0.018,0.02,1,0,돌/토사,False,암벽지역,쉬움
487,forest,114100801-26880,47,북한산,홍은동구간,0.029,0.03,1,0,토사,False,암벽지역,쉬움
488,forest,114100801-26881,47,북한산,서대문구홍은중앙1길구간,0.042,0.04,1,0,토사,False,암벽지역,중간
489,forest,114100801-26882,47,북한산,서대문구홍은중앙1길구간,0.05,0.05,1,1,토사,False,암벽지역,쉬움
490,forest,114100801-26883,47,북한산,서대문구홍은동포방터5길구간,0.153,0.15,3,2,토사,False,암벽지역,쉬움
491,forest,114100801-26884,47,북한산,홍은동구간,0.069,0.07,1,1,토사,False,암벽지역,쉬움
492,forest,114100801-26885,47,북한산,홍은동구간,0.02,0.02,1,0,토사,False,암벽지역,쉬움
493,forest,114100801-26886,47,북한산,서대문구홍은2동구간,0.03,0.03,1,0,토사,False,암벽지역,쉬움
494,forest,114100801-26887,47,북한산,서대문구홍은동풍림아이원아파트-홍,0.038,0.04,1,0,시멘트,False,암벽지역,쉬움
495,forest,114100801-26888,47,북한산,서대문구홍은동풍림아이원아파트-홍,0.029,0.03,1,0,시멘트,False,암벽지역,쉬움
496,forest,114100801-26889,47,북한산,서대문구홍은동풍림아이원아파트-홍,0.07,0.07,1,1,시멘트,False,암벽지역,쉬움
497,forest,114100801-26890,47,북한산,서대문구홍은동풍림아이원아파트-홍,0.081,0.08,1,1,시멘트,False,암벽지역,쉬움
498,forest,114100801-26891,47,북한산,홍은동구간,0.008,0.01,1,0,토사,False,암벽지역,쉬움
499,forest,114100801-26892,47,북한산,서대문구홍은중앙1길구간,0.131,0.13,2,2,토사,False,암벽지역,쉬움
500,forest,114100801-26893,47,북한산,서대문구홍은동벽산아파트관리사무,0.073,0.07,1,1,토사,False,암벽지역,쉬움
501,forest,114100801-26894,47,북한산,서대문구홍은중앙1길구간,0.205,0.2,4,2,토사,False,암벽지역,쉬움
502,forest,114100801-26895,47,북한산,서대문구홍은동풍림아이원아파트-홍,0.087,0.09,2,1,시멘트,False,암벽지역,쉬움
503,forest,114100801-26896,47,북한산,서대문구홍은2동구간,0.037,0.04,1,0,토사,False,암벽지역,쉬움
504,forest,114100801-26897,47,북한산,"서대문구홍은1동,홍은2동주민자치센",0.01,0.01,1,0,토사,False,암벽지역,쉬움
505,forest,114100801-26898,47,북한산,서대문구홍은동풍림아이원아파트-홍,0.156,0.16,3,2,시멘트,False,암벽지역,쉬움
506,forest,114100801-26921,47,북한산,홍은동구간,0.056,0.06,1,1,토사,False,암벽지역,쉬움
507,forest,114100801-26899,47,북한산,홍은동구간,0.153,0.15,3,2,토사,False,암벽지역,쉬움
508,forest,114100801-26900,47,북한산,홍은동구간,0.036,0.04,1,0,토사,False,암벽지역,쉬움
509,forest,114100801-26901,47,북한산,홍은동구간,0.021,0.02,1,0,토사,False,암벽지역,쉬움
510,forest,114100801-26902,47,북한산,홍은동구간,0.017,0.02,1,0,토사,False,암벽지역,쉬움
511,forest,114100801-26903,47,북한산,홍은동구간,0.076,0.08,1,1,토사,False,암벽지역,쉬움
512,forest,114100801-26904,47,북한산,서대문구홍은2동구간,0.14,0.14,2,2,토사,False,암벽지역,쉬움
513,forest,114100801-26905,47,북한산,서대문구홍은2동구간,0.023,0.02,1,0,토사,False,암벽지역,쉬움
514,forest,114100801-26906,47,북한산,서대문구홍은2동구간,0.128,0.13,2,2,토사,False,암벽지역,쉬움
515,forest,114100801-26907,47,북한산,서대문구홍은2동구간,0.045,0.05,1,1,토사,False,암벽지역,쉬움
516,forest,114100801-26908,47,북한산,홍은동구간,0.029,0.03,1,0,토사,False,암벽지역,쉬움
517,forest,114100801-26909,47,북한산,홍은동구간,0.06,0.06,1,1,토사,False,암벽지역,쉬움
518,forest,114100801-26910,47,북한산,서대문구홍은동벽산아파트111동놀이,0.104,0.1,2,1,토사,False,암벽지역,쉬움
519,forest,114100801-26911,47,북한산,서대문구홍은동신계아파트구간,0.205,0.21,4,3,토사,False,암벽지역,쉬움
520,forest,114100801-26912,47,북한산,홍은동구간,0.027,0.03,1,0,토사,False,암벽지역,쉬움
521,forest,114100801-26913,47,북한산,서대문구홍은2동구간,0.193,0.19,3,2,토사,False,암벽지역,쉬움
522,forest,114100801-26914,47,북한산,홍은동구간,0.041,0.04,1,0,토사,False,암벽지역,쉬움
523,forest,114100801-26915,47,북한산,홍은동구간,0.018,0.02,1,0,토사,False,암벽지역,쉬움
524,forest,114100801-26916,47,북한산,서대문구홍은동풍림아이원아파트-홍,0.008,0.01,1,0,시멘트,False,암벽지역,쉬움
525,forest,114100801-26917,47,북한산,서대문구홍은동풍림아이원아파트-홍,0.009,0.01,1,0,시멘트,False,암벽지역,쉬움
526,forest,114100801-26918,47,북한산,홍은동구간,0.098,0.1,2,1,토사,False,암벽지역,쉬움
527,forest,114100801-26919,47,북한산,홍은동구간,0.014,0.01,1,0,토사,False,암벽지역,쉬움
528,forest,114100801-26920,47,북한산,홍은동구간,0.035,0.03,1,0,토사,False,암벽지역,쉬움
529,forest,114100801-26923,47,북한산,홍은동구간,0.015,0.01,1,0,토사,False,암벽지역,쉬움
530,forest,114100801-26924,47,북한산,홍은동구간,0.082,0.08,1,1,토사,False,암벽지역,쉬움
531,forest,114100801-26925,47,북한산,홍은동구간,0.258,0.26,5,3,토사,False,암벽지역,쉬움
532,forest,114100801-26926,47,북한산,홍은동구간,0.035,0.03,1,0,토사,False,암벽지역,쉬움
533,forest,114100801-26927,47,북한산,홍은동구간,0.071,0.07,1,1,토사,False,암벽지역,쉬움
534,forest,114100801-26928,47,북한산,홍은동구간,0.051,0.05,1,1,토사,False,암벽지역,쉬움
535,forest,114100801-26929,47,북한산,서대문구홍은동홍은극동아파트101동,0.013,0.01,1,0,토사,False,암벽지역,쉬움
536,forest,114100801-26930,47,북한산,서대문구홍은동구간,0.099,0.1,2,1,토사,False,암벽지역,중간
537,forest,114100801-26931,47,북한산,홍은동구간,0.034,0.03,1,0,토사,False,암벽지역,쉬움
538,forest,114100801-26932,47,북한산,홍은동구간,0.046,0.05,1,1,토사,False,암벽지역,쉬움
539,forest,114100801-26933,47,북한산,홍은동구간,0.142,0.14,2,2,토사,False,암벽지역,쉬움
540,forest,114100801-26934,47,북한산,홍은동구간,0.131,0.13,2,2,토사,False,암벽지역,쉬움
541,forest,114100801-26935,47,북한산,홍은동구간,0.047,0.05,1,1,토사,False,암벽지역,쉬움
542,forest,114100801-26936,47,북한산,홍은동구간,0.063,0.06,1,1,토사,False,암벽지역,쉬움
543,forest,114100801-26937,47,북한산,홍은동구간,0.053,0.05,1,1,토사,False,암벽지역,쉬움
544,forest,114100801-26938,47,북한산,홍은동구간,0.063,0.06,1,1,토사,False,암벽지역,쉬움
545,forest,114100801-26939,47,북한산,홍은동구간,0.167,0.17,3,2,토사,False,암벽지역,쉬움
546,forest,114100801-26940,47,북한산,서대문구홍은동포방터길구간,0.088,0.09,2,1,토사,False,암벽지역,쉬움
547,forest,114100801-26941,47,북한산,"서대문구홍은동,홍은극동아파트102동",0.021,0.02,1,0,토사,False,암벽지역,쉬움
548,forest,114100801-26942,47,북한산,홍은동구간,0.097,0.1,2,1,토사,False,암벽지역,쉬움
549,forest,114100801-26943,47,북한산,서대문구홍은2동구간,0.012,0.01,1,0,토사,False,암벽지역,쉬움
550,forest,114100801-26944,47,북한산,서대문구홍은2동구간,0.067,0.07,1,1,토사,False,암벽지역,쉬움
551,forest,114100801-26945,47,북한산,서대문구홍은2동구간,0.036,0.04,1,0,토사,False,암벽지역,쉬움
552,forest,114100801-26946,47,북한산,홍은동구간,0.031,0.03,1,0,토사,False,암벽지역,쉬움
553,forest,114100801-26947,47,북한산,홍은동구간,0.106,0.11,2,1,토사,False,암벽지역,쉬움
554,forest,114100801-26948,47,북한산,홍은동구간,0.051,0.05,1,1,토사,False,암벽지역,쉬움
555,forest,114100801-26949,47,북한산,홍은동구간,0.029,0.03,1,0,토사,False,암벽지역,쉬움
556,forest,114100801-26950,47,북한산,홍은동구간,0.06,0.06,1,1,토사,False,암벽지역,쉬움
557,forest,114100801-26951,47,북한산,홍은동구간,0.069,0.07,1,1,토사,False,암벽지역,쉬움
558,forest,114100801-26952,47,북한산,홍은동구간,0.073,0.07,1,1,토사,False,암벽지역,쉬움
559,forest,114100801-26953,47,북한산,서대문구홍은1동구간,0.31,0.31,5,4,토사,False,암벽지역,쉬움
560,forest,114100801-26954,47,북한산,홍은동구간,0.182,0.18,3,2,토사,False,암벽지역,쉬움
561,forest,114100801-26955,47,북한산,홍은동구간,0.053,0.05,1,1,토사,False,암벽지역,쉬움
562,forest,114100801-26956,47,북한산,홍은동구간,0.042,0.04,1,0,토사,False,암벽지역,쉬움
563,forest,114100801-26957,47,북한산,홍은동구간,0.074,0.07,1,1,토사,False,암벽지역,쉬움
564,forest,114100801-26958,47,북한산,홍은동구간,0.049,0.05,1,1,토사,False,암벽지역,쉬움
565,forest,114100801-26959,47,북한산,서대문구홍은동홍은중앙길352구간,0.121,0.12,2,1,토사,False,암벽지역,쉬움
566,forest,114100801-26960,47,북한산,홍은동구간,0.158,0.16,3,2,토사,False,암벽지역,중간
567,forest,114100801-26961,47,북한산,홍은동구간,0.085,0.09,2,1,토사,False,암벽지역,쉬움
568,forest,114100801-26962,47,북한산,서대문구홍은중앙1길구간,0.089,0.09,2,1,토사,False,암벽지역,쉬움
569,forest,114100801-26963,47,북한산,서대문구홍은중앙1길구간,0.139,0.14,2,2,토사,False,암벽지역,쉬움
570,forest,114100801-26964,47,북한산,홍은동구간,0.043,0.04,1,0,토사,False,암벽지역,쉬움
571,forest,114100801-26965,47,북한산,서대문구홍은동포방터1길구간,0.035,0.04,1,0,토사,False,암벽지역,쉬움
572,forest,114100801-26966,47,북한산,종로구상명대학교뒷편구간,0.12,0.12,2,1,토사,False,암벽지역,쉬움
573,forest,114100801-26967,47,북한산,홍은동구간,0.051,0.05,1,1,토사,False,암벽지역,쉬움
574,forest,114100801-26968,47,북한산,홍은동구간,0.108,0.11,2,1,토사,False,암벽지역,쉬움
575,forest,114100801-26969,47,북한산,홍지동구간,0.142,0.14,2,2,토사,False,암벽지역,쉬움
576,forest,114100801-26970,47,북한산,홍은동구간,0.119,0.12,2,1,토사,False,암벽지역,쉬움
577,forest,114100801-26971,47,북한산,홍은동구간,0.067,0.07,1,1,토사,False,암벽지역,쉬움
578,forest,114100801-26972,47,북한산,홍은동구간,0.148,0.15,3,2,토사,False,암벽지역,쉬움
579,forest,114100801-26973,47,북한산,서대문구홍은동홍은중앙3길구간,0.059,0.06,1,1,시멘트/토사,False,암벽지역,쉬움
580,forest,114100801-26974,47,북한산,서대문구홍은동홍은중앙3길구간,0.037,0.04,1,0,시멘트/토사,False,암벽지역,쉬움
581,forest,114100801-26975,47,북한산,서대문구홍은동홍은중앙3길구간,0.185,0.18,3,2,시멘트/토사,False,암벽지역,쉬움
582,forest,114100801-26976,47,북한산,서대문구홍은동홍은중앙3길구간,0.03,0.03,1,0,시멘트/토사,False,암벽지역,쉬움
583,forest,114100801-26977,47,북한산,구기동구간,0.161,0.16,3,2,토사,False,암벽지역,쉬움
584,forest,114100801-26978,47,북한산,서대문구홍은동홍은중앙3길구간,0.05,0.05,1,1,시멘트/토사,False,암벽지역,쉬움
585,forest,114100801-26979,47,북한산,홍은동구간,0.02,0.02,1,0,토사,False,암벽지역,쉬움
586,forest,114100801-26980,47,북한산,홍은동구간,0.111,0.11,2,1,토사,False,암벽지역,쉬움
587,forest,114100801-26981,47,북한산,홍은동구간,0.051,0.05,1,1,토사,False,암벽지역,쉬움
588,forest,114100801-26982,47,북한산,홍은동구간,0.006,0.01,1,0,토사,False,암벽지역,쉬움
589,forest,114100801-26983,47,북한산,홍은동구간,0.017,0.02,1,0,토사,False,암벽지역,쉬움
590,forest,114100801-26984,47,북한산,홍은동구간,0.032,0.03,1,0,토사,False,암벽지역,중간
591,forest,114100801-26985,47,북한산,홍은동구간,0.046,0.05,1,1,토사,False,암벽지역,쉬움
592,forest,114100801-26986,47,북한산,홍은동구간,0.075,0.07,1,1,토사,False,암벽지역,쉬움
593,forest,114100801-26987,47,북한산,홍은동구간,0.069,0.07,1,1,토사,False,암벽지역,쉬움
594,forest,114100801-26988,47,북한산,"서대문구홍은동,홍은극동아파트102동",0.192,0.19,3,2,토사,False,암벽지역,쉬움
595,forest,114100801-26989,47,북한산,"서대문구홍은동,홍은극동아파트102동",0.098,0.1,2,1,토사,False,암벽지역,쉬움
596,forest,114100801-26990,47,북한산,"서대문구홍은동,홍은극동아파트102동",0.09,0.09,2,1,토사,False,암벽지역,쉬움
597,forest,114100801-26991,47,북한산,홍은동구간,0.126,0.13,2,2,토사,False,암벽지역,쉬움
598,forest,114100801-26992,47,북한산,홍은동구간,0.059,0.06,1,1,토사,False,암벽지역,쉬움
599,forest,114100801-26993,47,북한산,홍은동구간,0.184,0.18,3,2,토사,False,암벽지역,쉬움
600,forest,114100801-26994,47,북한산,홍은동구간,0.022,0.02,1,0,토사,False,암벽지역,쉬움
601,forest,114100801-26995,47,북한산,홍은동구간,0.139,0.14,2,2,토사,False,암벽지역,쉬움
602,forest,114100801-26996,47,북한산,홍은동구간,0.404,0.4,7,5,토사,False,암벽지역,쉬움
603,forest,114100801-26997,47,북한산,홍은동구간,0.048,0.05,1,1,토사,False,암벽지역,쉬움
604,forest,114100801-26998,47,북한산,홍은동구간,0.011,0.01,1,0,토사,False,암벽지역,쉬움
605,forest,114100801-26999,47,북한산,홍은동구간,0.141,0.14,2,2,토사,False,암벽지역,쉬움
606,forest,114100801-27000,47,북한산,홍은동구간,0.075,0.08,1,1,토사,False,암벽지역,쉬움
607,forest,114100801-27001,47,북한산,서대문구홍은1동구간,0.021,0.02,1,0,토사,False,암벽지역,쉬움
608,forest,114100801-27002,47,북한산,홍은동구간,0.072,0.07,1,1,토사,False,암벽지역,쉬움
609,forest,114100801-27003,47,북한산,서대문구홍은1동구간,0.091,0.09,2,1,토사,False,암벽지역,쉬움
610,forest,114100801-27004,47,북한산,서대문구홍은1동구간,0.015,0.01,1,0,토사,False,암벽지역,쉬움
611,forest,114100801-27005,47,북한산,서대문구홍은1동구간,0.028,0.03,1,0,토사,False,암벽지역,쉬움
612,forest,114100801-27006,47,북한산,홍은동구간,0.07,0.07,1,1,토사,False,암벽지역,쉬움
613,forest,114100801-27007,47,북한산,홍은동구간,0.265,0.26,5,3,토사,False,암벽지역,쉬움
614,forest,114100801-27008,47,북한산,홍은동구간,0.019,0.02,1,0,토사,False,암벽지역,쉬움
615,forest,114100801-27009,47,북한산,홍은동구간,0.065,0.06,1,1,토사,False,암벽지역,쉬움
616,forest,114100801-27010,47,북한산,홍은동구간,0.027,0.03,1,0,토사,False,암벽지역,쉬움
617,forest,114100801-27011,47,북한산,홍은동구간,0.041,0.04,1,0,토사,False,암벽지역,쉬움
618,forest,114100801-27012,47,북한산,홍은동구간,0.098,0.1,2,1,토사,False,암벽지역,쉬움
619,forest,114100801-27013,47,북한산,홍은동구간,0.021,0.02,1,0,토사,False,암벽지역,쉬움
620,forest,114100801-27014,47,북한산,서대문구홍은2동구간,0.299,0.3,5,4,토사,False,암벽지역,쉬움
621,forest,114100801-27015,47,북한산,서대문구홍은2동구간,0.075,0.08,1,1,토사,False,암벽지역,쉬움
622,forest,114100801-27016,47,북한산,홍은동구간,0.301,0.3,5,4,토사,False,암벽지역,쉬움
623,forest,114100801-27017,47,북한산,서대문구홍은1동구간,0.047,0.05,1,1,토사,False,암벽지역,쉬움
624,forest,114100801-27018,47,북한산,서대문구홍은1동구간,0.084,0.08,1,1,토사,False,암벽지역,쉬움
625,forest,114100801-27019,47,북한산,홍은동구간,0.03,0.03,1,0,토사,False,암벽지역,쉬움
626,forest,114100801-27020,47,북한산,홍은동구간,0.076,0.08,1,1,토사,False,암벽지역,쉬움
627,forest,114100801-27021,47,북한산,서대문구홍은1동구간,0.195,0.2,4,2,토사,False,암벽지역,쉬움
628,forest,114100801-27022,47,북한산,녹번동구간,0.068,0.07,1,1,토사,False,암벽지역,쉬움
629,forest,114100801-27023,47,북한산,홍은동구간,0.049,0.05,1,1,토사,False,암벽지역,쉬움
630,forest,114100801-27024,47,북한산,홍은동구간,0.06,0.06,1,1,토사,False,암벽지역,쉬움
631,forest,114100801-27025,47,북한산,홍은동구간,0.103,0.1,2,1,토사,False,암벽지역,쉬움
632,forest,114100801-27026,47,북한산,"서대문구홍은1동,홍은2동주민자치센",0.069,0.07,1,1,토사,False,암벽지역,쉬움
633,forest,114100801-27027,47,북한산,홍은동구간,0.072,0.07,1,1,토사,False,암벽지역,쉬움
634,forest,114100801-27028,47,북한산,서대문구홍은동홍은중앙3길구간,0.06,0.06,1,1,시멘트/토사,False,암벽지역,쉬움
635,forest,114100801-27029,47,북한산,홍은동구간,0.061,0.06,1,1,토사,False,암벽지역,쉬움
636,forest,114100801-27030,47,북한산,서대문구홍은1동구간,0.104,0.1,2,1,토사,False,암벽지역,쉬움
637,forest,114100801-27031,47,북한산,홍은동구간,0.026,0.03,1,0,토사,False,암벽지역,쉬움
638,forest,114100801-27032,47,북한산,홍은동구간,0.061,0.06,1,1,토사,False,암벽지역,쉬움
639,forest,114100801-27033,47,북한산,서대문구홍은동풍림아이원아파트-홍,0.094,0.09,2,1,시멘트,False,암벽지역,쉬움
640,forest,114100801-27034,47,북한산,홍은동구간,0.084,0.08,1,1,토사,False,암벽지역,쉬움
641,forest,114100801-27035,47,북한산,홍은동구간,0.098,0.1,2,1,토사,False,암벽지역,쉬움
642,forest,114100801-27036,47,북한산,서대문구홍은동풍림아이원아파트-홍,0.069,0.07,1,1,시멘트,False,암벽지역,쉬움
643,forest,114100801-27037,47,북한산,홍은동구간,0.031,0.03,1,0,토사,False,암벽지역,쉬움
644,forest,114100801-27038,47,북한산,서대문구홍은1동구간,0.121,0.12,2,1,토사,False,암벽지역,쉬움
645,forest,114100801-27039,47,북한산,서대문구홍은1동구간,0.068,0.07,1,1,토사,False,암벽지역,쉬움
646,forest,114100801-27040,47,북한산,서대문구홍은2동구간,0.285,0.29,5,4,토사,False,암벽지역,쉬움
647,forest,114100801-27041,47,북한산,홍은동구간,0.046,0.05,1,1,토사,False,암벽지역,쉬움
648,forest,114100801-27042,47,북한산,서대문구홍은1동구간,0.019,0.02,1,0,토사,False,암벽지역,쉬움
649,forest,114100801-27043,47,북한산,서대문구홍은1동구간,0.017,0.02,1,0,토사,False,암벽지역,쉬움
650,forest,114100801-27044,47,북한산,서대문구홍은1동구간,0.026,0.03,1,0,토사,False,암벽지역,쉬움
651,forest,114100801-27045,47,북한산,서대문구홍은2동구간,0.039,0.04,1,0,토사,False,암벽지역,쉬움
652,forest,114100801-27046,47,북한산,홍은동구간,0.095,0.09,2,1,토사,False,암벽지역,쉬움
653,forest,114100801-27047,47,북한산,"서대문구홍은동,홍은극동아파트102동",0.055,0.05,1,1,토사,False,암벽지역,쉬움
654,forest,114100801-27048,47,북한산,"서대문구홍은동,홍은극동아파트102동",0.12,0.12,2,1,토사,False,암벽지역,쉬움
655,forest,114100801-27049,47,북한산,"서대문구홍은동,홍은극동아파트102동",0.125,0.13,2,2,토사,False,암벽지역,쉬움
656,forest,114100801-27050,47,북한산,서대문구홍은동포방터1길구간,0.127,0.13,2,2,토사,False,암벽지역,쉬움
657,forest,114100801-27051,47,북한산,서대문구홍은동포방터1길구간,0.087,0.09,2,1,토사,False,암벽지역,쉬움
658,forest,114100801-27052,47,북한산,홍은동구간,0.027,0.03,1,0,토사,False,암벽지역,쉬움
659,forest,114100801-27053,47,북한산,서대문구홍은동포방터1길구간,0.157,0.16,3,2,토사,False,암벽지역,쉬움
660,forest,114100801-27054,47,북한산,서대문구홍은동포방터1길구간,0.089,0.09,2,1,토사,False,암벽지역,쉬움
661,forest,114100801-27055,47,북한산,서대문구홍은2동구간,0.037,0.04,1,0,토사,False,암벽지역,쉬움
662,forest,114100801-27056,47,북한산,홍은동구간,0.014,0.01,1,0,토사,False,암벽지역,쉬움
663,forest,114100801-27057,47,북한산,서대문구홍은동구간,0.011,0.01,1,0,돌/토사,False,암벽지역,쉬움
664,forest,116200201-4295,43,관악산,남현동구간,3.588,3.59,63,44,암석,False,,쉬움
665,forest,116200201-4351,43,관악산,,0.008,0.26,5,3,,False,,쉬움
666,forest,116200201-4345,43,관악산,,0.172,0.24,4,3,,False,,쉬움
667,forest,116200201-4352,43,관악산,,0.01,0.22,4,3,,False,,쉬움
668,forest,116200201-4365,43,관악산,,0.116,0.14,2,2,,False,,쉬움
669,forest,116200201-4377,43,관악산,,0.362,0.39,7,5,,False,,쉬움
670,forest,116200201-4381,43,관악산,,0.011,0.11,2,1,,False,,쉬움
671,forest,116200201-4387,43,관악산,,0.011,0.01,1,0,,False,,쉬움
672,forest,116200201-4388,43,관악산,,0.028,0.03,1,0,,False,,쉬움
673,forest,412900401-49618,18,청계산 (경기/서울),상적동구간,1.436,3.62,91,63,,False,,쉬움
674,forest,412900401-49620,18,청계산 (경기/서울),,0.002,0.44,8,5,,False,,쉬움
675,forest,412900401-49641,18,청계산 (경기/서울),,0.75,0.75,13,9,,False,,쉬움
676,forest,412900401-49643,18,청계산 (경기/서울),,0.827,0.83,15,10,,False,,쉬움
677,forest,412900401-49644,18,청계산 (경기/서울),,0.065,0.2,4,2,,False,,쉬움
678,forest,412900401-49645,18,청계산 (경기/서울),,0.021,0.66,12,8,,False,,쉬움
679,forest,412900401-49646,18,청계산 (경기/서울),,0.237,0.24,4,3,,False,,쉬움
680,forest,412900401-49647,18,청계산 (경기/서울),,1.307,1.31,23,16,,False,,쉬움
681,forest,412900401-49648,18,청계산 (경기/서울),양재동구간,0.851,0.85,15,11,,False,,쉬움
682,forest,412900401-49649,18,청계산 (경기/서울),주암동구간,0.769,0.77,14,10,,False,,쉬움
683,forest,412900401-49654,18,청계산 (경기/서울),,1.232,1.29,23,16,,False,,쉬움
684,forest,412900401-49727,18,청계산 (경기/서울),,0.034,0.66,12,8,,False,,쉬움
685,forest,411700101-29481,66,삼성산 (서울/경기),,0.064,0.06,1,1,,False,,쉬움
686,forest,411700101-29478,66,삼성산 (서울/경기),,0.115,0.11,2,1,,False,,쉬움
687,forest,411700101-29479,66,삼성산 (서울/경기),,0.014,0.01,1,0,,False,,쉬움
688,forest,411700101-29480,66,삼성산 (서울/경기),,0.107,0.11,2,1,,False,,쉬움
689,forest,411700101-29482,66,삼성산 (서울/경기),,0.194,0.19,3,2,,False,,쉬움
690,forest,411700101-29483,66,삼성산 (서울/경기),,0.213,0.21,4,3,,False,,쉬움
691,forest,411700101-29484,66,삼성산 (서울/경기),,0.51,0.51,9,6,,False,,쉬움
692,forest,411700101-29485,66,삼성산 (서울/경기),,0.275,0.27,5,3,,False,,쉬움
693,forest,411700101-29486,66,삼성산 (서울/경기),,0.106,0.11,2,1,,False,,쉬움
694,forest,411700101-29487,66,삼성산 (서울/경기),,0.033,0.03,1,0,,False,,쉬움
695,forest,411700101-29488,66,삼성산 (서울/경기),,0.122,0.12,2,1,,False,,쉬움
696,forest,411700101-29489,66,삼성산 (서울/경기),,0.218,0.22,4,3,,False,,쉬움
697,forest,411700101-29490,66,삼성산 (서울/경기),,0.045,0.05,1,1,,False,,쉬움
698,forest,411700101-29491,66,삼성산 (서울/경기),,0.087,0.09,2,1,,False,,쉬움
699,forest,411700101-29638,66,삼성산 (서울/경기),시흥동구간,0.026,0.74,14,10,,False,,쉬움
700,forest,411700101-29639,66,삼성산 (서울/경기),시흥동구간,0.159,0.6,11,7,,False,,쉬움
701,forest,411700101-29642,66,삼성산 (서울/경기),,0.141,0.37,7,5,,False,,쉬움
702,forest,411700101-29647,66,삼성산 (서울/경기),,0.281,0.5,9,6,,False,,쉬움
703,forest,411700101-29648,66,삼성산 (서울/경기),,0.043,0.14,2,2,,False,,쉬움
704,forest,411700101-29649,66,삼성산 (서울/경기),,0.119,0.16,3,2,,False,,쉬움
705,forest,411700101-29650,66,삼성산 (서울/경기),,0.013,0.1,2,1,,False,,쉬움
706,forest,411700101-29651,66,삼성산 (서울/경기),,0.157,0.19,3,2,,False,,쉬움
707,forest,411700101-29652,66,삼성산 (서울/경기),,0.067,0.48,8,6,,False,,쉬움
708,forest,411700101-29653,66,삼성산 (서울/경기),,0.097,0.22,4,3,,False,,쉬움
709,forest,411700101-29654,66,삼성산 (서울/경기),,0.526,1.58,28,20,,False,,쉬움
710,forest,411700101-29655,66,삼성산 (서울/경기),,0.025,0.06,1,1,,False,,쉬움
711,forest,411700101-29656,66,삼성산 (서울/경기),,0.038,0.19,3,2,,False,,쉬움
712,forest,411700101-29658,66,삼성산 (서울/경기),,0.02,0.6,11,8,,False,,쉬움
713,forest,411700101-29659,66,삼성산 (서울/경기),,0.01,0.1,2,1,,False,,쉬움
714,forest,411700101-29663,66,삼성산 (서울/경기),,0.038,0.19,3,2,,False,,쉬움
715,forest,411700101-29664,66,삼성산 (서울/경기),,0.007,0.07,1,1,,False,,쉬움
716,forest,416102804-9965,128,남한산,마천동구간,0.049,1.65,35,25,,False,,쉬움
717,forest,282000501-32560,57,소래산,,0.114,0.17,3,2,,False,,쉬움
718,forest,282000501-32561,57,소래산,장수동구간,0.048,0.05,1,1,,False,,쉬움
719,forest,282000501-32562,57,소래산,장수동구간,0.309,0.31,5,4,,False,,쉬움
720,forest,282000501-32566,57,소래산,,0.046,0.24,4,3,,False,,쉬움
721,forest,282000501-32579,57,소래산,,0.034,0.59,10,7,,False,,쉬움
722,forest,282000501-32584,57,소래산,,0.029,0.09,2,1,,False,,쉬움
723,forest,282000501-32585,57,소래산,,0.371,0.7,12,9,,False,,쉬움
724,forest,282000501-32594,57,소래산,,0.365,0.41,7,5,,False,,쉬움
725,forest,282000501-32599,57,소래산,김재로 묘구간,0.422,0.42,7,5,,False,,쉬움
726,forest,282000501-32608,57,소래산,장수동구간,0.652,0.65,11,8,,False,,쉬움
727,forest,282000501-32615,57,소래산,장수동구간,0.115,0.12,2,1,,False,,쉬움
728,forest,282000501-32616,57,소래산,,0.263,0.28,5,3,,False,,쉬움
729,forest,282000501-32624,57,소래산,,0.208,0.21,4,3,,False,,쉬움
730,forest,411900401-32254,41,성주산,,0.088,0.38,7,5,,False,,쉬움
731,forest,113500201-33209,46,수락산,,0.657,0.66,12,8,,False,,쉬움
732,forest,113500201-33281,46,수락산,,0.017,0.02,1,0,,False,,쉬움
733,forest,116500401-40804,17,우면산,,0.087,0.09,2,1,,False,,쉬움
734,forest,116500401-40798,17,우면산,과천동구간,0.075,0.08,1,1,,False,,쉬움
735,forest,116500401-40799,17,우면산,과천동구간,0.133,0.13,2,2,,False,,쉬움
736,forest,116500401-40800,17,우면산,,1.293,1.34,24,17,,False,,쉬움
737,forest,116500401-40801,17,우면산,과천동구간,0.315,0.32,6,4,,False,,쉬움
738,forest,116500401-40802,17,우면산,,0.16,0.16,3,2,,False,,쉬움
739,forest,116500401-40803,17,우면산,,0.165,0.17,3,2,,False,,쉬움
740,forest,116500401-40805,17,우면산,,0.121,0.12,2,1,,False,,쉬움
741,forest,116500401-40806,17,우면산,,0.381,0.38,7,5,,False,,쉬움
742,forest,116500401-40807,17,우면산,과천동구간,0.197,0.2,4,2,,False,,쉬움
743,forest,116500401-40808,17,우면산,,0.113,0.11,2,1,,False,,쉬움
744,forest,116500401-40809,17,우면산,,0.167,0.19,3,2,,False,,쉬움
745,forest,116500401-40810,17,우면산,,0.293,0.29,5,4,,False,,쉬움
746,forest,116500401-40811,17,우면산,,0.065,0.1,2,1,,False,,쉬움
747,forest,116500401-40812,17,우면산,,0.256,0.26,5,3,,False,,쉬움
748,forest,116500401-40813,17,우면산,,0.063,0.06,1,1,,False,,쉬움
749,forest,116500401-40823,17,우면산,,0.083,0.08,1,1,,False,,쉬움
750,forest,116500401-40814,17,우면산,,0.543,0.54,10,7,,False,,쉬움
751,forest,116500401-40815,17,우면산,과천동구간,0.621,0.62,11,8,,False,,쉬움
752,forest,116500401-40816,17,우면산,과천동구간,0.845,0.85,15,11,,False,,쉬움
753,forest,116500401-40817,17,우면산,,0.112,0.11,2,1,,False,,쉬움
754,forest,116500401-40819,17,우면산,,0.227,0.23,4,3,,False,,쉬움
755,forest,116500401-40820,17,우면산,,0.105,0.1,2,1,,False,,쉬움
756,forest,116500401-40821,17,우면산,,0.163,0.16,3,2,,False,,쉬움
757,forest,116500401-40822,17,우면산,,0.116,0.12,2,1,,False,,쉬움
758,forest,116500401-40824,17,우면산,,0.494,0.49,9,6,,False,,쉬움
759,forest,116500401-40825,17,우면산,,0.143,0.39,7,5,,False,,쉬움
760,forest,116500401-40826,17,우면산,,0.419,0.42,7,5,,False,,쉬움
761,forest,116500401-40827,17,우면산,과천동구간,0.399,0.4,7,5,,False,,쉬움
762,forest,116500401-40828,17,우면산,,0.232,0.24,4,3,,False,,쉬움
763,forest,116500401-40829,17,우면산,,0.048,0.05,1,1,,False,,쉬움
764,forest,116500401-40830,17,우면산,,0.121,0.22,4,3,,False,,쉬움
765,forest,116500401-40831,17,우면산,,0.505,0.59,10,7,,False,,쉬움
766,forest,112600501-40250,50,용마산 (경기),사가정공원 입구-깔딱고개 입구구간,0.46,0.57,10,7,토사,False,암석코스 추락위험,쉬움
767,forest,112600501-40267,50,용마산 (경기),사가정공원 입구-깔딱고개 입구구간,0.039,0.25,4,3,토사,False,암석코스 추락위험,쉬움
768,forest,112600501-40301,50,용마산 (경기),면목동구간,0.044,0.28,5,3,토사,False,암석코스 추락위험,쉬움
769,forest,112600501-40307,50,용마산 (경기),깔딱고개 입구-구계 입구 휀스 옆구간,0.358,0.58,10,7,토사,False,암석코스 추락위험,쉬움
770,forest,112150201-35233,44,아차산,중곡동구간,1.537,1.58,28,20,토사,False,,쉬움
771,forest,112150201-35351,44,아차산,중곡동구간,0.023,0.87,16,11,토사,False,,쉬움
772,forest,112150201-35366,44,아차산,중곡동구간,0.188,0.19,3,2,토사,False,,쉬움
773,forest,112150201-35367,44,아차산,중곡동구간,0.051,0.12,2,1,토사,False,,쉬움
774,forest,112150201-35368,44,아차산,중곡동구간,0.107,0.16,3,2,토사,False,,쉬움
775,forest,113500201-33109,46,수락산,상계동구간,0.041,0.05,1,1,,False,,쉬움
776,forest,113500201-33111,46,수락산,,0.1,0.14,2,2,,False,,쉬움
777,forest,113500201-33115,46,수락산,상계동구간,0.033,0.03,1,0,,False,,쉬움
778,forest,113500201-33116,46,수락산,,0.038,0.1,2,1,,False,,쉬움
779,forest,113500201-33120,46,수락산,,0.022,0.13,2,2,,False,,쉬움
780,forest,113500201-33121,46,수락산,상계동구간,0.052,1.05,19,13,,False,,쉬움
781,forest,113500201-33122,46,수락산,,0.108,0.11,2,1,,False,,쉬움
782,forest,113500201-33123,46,수락산,,0.183,0.18,3,2,,False,,쉬움
783,forest,113500201-33124,46,수락산,장암동구간,0.155,0.15,3,2,,False,,쉬움
784,forest,113500201-33125,46,수락산,,0.635,0.66,12,8,,False,,쉬움
785,forest,113500201-33126,46,수락산,,0.06,0.06,1,1,,False,,쉬움
786,forest,113500201-33127,46,수락산,,0.313,0.31,5,4,,False,,쉬움
787,forest,113500201-33128,46,수락산,,0.88,0.88,16,11,,False,,쉬움
788,forest,113500201-33129,46,수락산,,0.05,0.05,1,1,,False,,쉬움
789,forest,113500201-33130,46,수락산,,0.074,0.07,1,1,,False,,쉬움
790,forest,113500201-33131,46,수락산,,0.059,0.06,1,1,,False,,쉬움
791,forest,113500201-33143,46,수락산,,0.224,0.22,4,3,,False,,쉬움
792,forest,113500201-33144,46,수락산,,0.154,0.15,3,2,,False,,쉬움
793,forest,113500201-33145,46,수락산,,1.812,1.81,32,22,,False,,쉬움
794,forest,113500201-33132,46,수락산,,0.58,0.58,10,7,,False,,쉬움
795,forest,113500201-33133,46,수락산,,0.055,0.05,1,1,,False,,쉬움
796,forest,113500201-33134,46,수락산,,0.031,0.03,1,0,,False,,쉬움
797,forest,113500201-33135,46,수락산,장암동구간,1.054,1.05,20,14,,False,,쉬움
798,forest,113500201-33136,46,수락산,장암동구간,1.071,1.07,19,13,,False,,쉬움
799,forest,113500201-33137,46,수락산,,1.016,1.02,18,13,,False,,쉬움
800,forest,113500201-33138,46,수락산,산곡동구간,0.244,0.24,4,3,,False,,쉬움
801,forest,113500201-33139,46,수락산,장암동구간,0.167,0.17,3,2,,False,,쉬움
802,forest,113500201-33140,46,수락산,장암동구간,1.237,1.24,22,15,,False,,쉬움
803,forest,113500201-33141,46,수락산,,1.261,1.26,22,16,,False,,쉬움
804,forest,113500201-33142,46,수락산,,0.415,0.42,7,5,,False,,쉬움
805,forest,113500201-33146,46,수락산,,0.162,0.16,3,2,,False,,쉬움
806,forest,113500201-33147,46,수락산,장암동구간,0.272,0.27,5,3,,False,,쉬움
807,forest,113500201-33148,46,수락산,,1.745,1.75,31,22,,False,,쉬움
808,forest,113500201-33149,46,수락산,,0.028,0.03,1,0,,False,,쉬움
809,forest,113500201-33150,46,수락산,,0.382,0.38,7,5,,False,,쉬움
810,forest,113500201-33151,46,수락산,,0.325,0.33,6,4,,False,,쉬움
811,forest,113500201-33152,46,수락산,,0.167,0.17,3,2,,False,,쉬움
812,forest,113500201-33153,46,수락산,장암동구간,0.245,0.24,4,3,,False,,쉬움
813,forest,113500201-33154,46,수락산,,0.517,0.52,9,6,,False,,쉬움
814,forest,113500201-33155,46,수락산,,1.786,1.79,32,22,,False,,쉬움
815,forest,113500201-33156,46,수락산,장암동구간,0.739,0.74,13,9,,False,,쉬움
816,forest,113500201-33169,46,수락산,,0.208,0.21,4,3,,False,,쉬움
817,forest,113500101-28043,45,불암산,,0.029,0.03,1,0,,False,,쉬움
818,forest,113500201-33157,46,수락산,,0.462,0.46,8,6,,False,,쉬움
819,forest,113500201-33158,46,수락산,,0.011,0.01,1,0,,False,,쉬움
820,forest,113500201-33159,46,수락산,,0.348,0.35,6,4,,False,,쉬움
821,forest,113500201-33160,46,수락산,,0.433,0.43,8,5,,False,,쉬움
822,forest,113500201-33161,46,수락산,,0.206,0.21,4,3,,False,,쉬움
823,forest,113500201-33162,46,수락산,,1.173,1.17,21,14,,False,,쉬움
824,forest,113500201-33163,46,수락산,,1.489,1.49,26,18,,False,,쉬움
825,forest,113500201-33164,46,수락산,,0.175,0.17,3,2,,False,,쉬움
826,forest,113500201-33165,46,수락산,장암동구간,0.152,0.15,3,2,,False,,쉬움
827,forest,113500201-33166,46,수락산,,0.864,0.86,15,11,,False,,쉬움
828,forest,113500201-33167,46,수락산,,0.241,0.24,4,3,,False,,쉬움
829,forest,113500201-33168,46,수락산,,1.282,1.28,23,16,,False,,쉬움
830,forest,113500201-33295,46,수락산,별내동구간,0.083,0.08,1,1,,False,,쉬움
831,forest,113500201-33170,46,수락산,,0.36,0.36,6,4,,False,,쉬움
832,forest,113500201-33171,46,수락산,,0.199,0.2,4,2,,False,,쉬움
833,forest,113500201-33172,46,수락산,,0.131,0.13,2,2,,False,,쉬움
834,forest,113500201-33173,46,수락산,장암동구간,0.379,0.38,7,5,,False,,쉬움
835,forest,113500201-33174,46,수락산,,0.029,0.03,1,0,,False,,쉬움
836,forest,113500201-33175,46,수락산,장암동구간,0.363,0.36,6,4,,False,,쉬움
837,forest,113500201-33176,46,수락산,,0.084,0.08,1,1,,False,,쉬움
838,forest,113500201-33177,46,수락산,장암동구간,0.406,0.41,7,5,,False,,쉬움
839,forest,113500201-33178,46,수락산,,1.953,1.95,34,24,,False,,쉬움
840,forest,113500201-33197,46,수락산,청학리구간,0.11,0.11,2,1,,False,,쉬움
841,forest,113500201-33179,46,수락산,,0.533,0.53,9,7,,False,,쉬움
842,forest,113500201-33180,46,수락산,,1.029,1.03,18,13,,False,,쉬움
843,forest,113500201-33181,46,수락산,장암동구간,0.685,0.69,12,9,,False,,쉬움
844,forest,113500201-33182,46,수락산,신곡동구간,0.579,0.58,11,8,,False,,쉬움
845,forest,113500201-33183,46,수락산,용현동구간,0.372,0.37,7,5,,False,,쉬움
846,forest,113500201-33184,46,수락산,신곡동구간,1.008,1.01,18,12,,False,,쉬움
847,forest,113500201-33185,46,수락산,별내동구간,0.513,0.51,9,6,,False,,쉬움
848,forest,113500201-33186,46,수락산,별내동구간,0.165,0.17,3,2,,False,,쉬움
849,forest,113500201-33187,46,수락산,청학리구간,0.251,0.25,4,3,,False,,쉬움
850,forest,113500201-33207,46,수락산,,0.672,0.67,12,8,,False,,쉬움
851,forest,113500201-33188,46,수락산,별내동구간,0.724,0.72,14,9,,False,,쉬움
852,forest,113500201-33189,46,수락산,청학리구간,0.256,0.26,5,3,,False,,쉬움
853,forest,113500201-33190,46,수락산,,0.366,0.37,7,5,,False,,쉬움
854,forest,113500201-33191,46,수락산,청학리구간,0.151,0.15,3,2,,False,,쉬움
855,forest,113500201-33192,46,수락산,,0.046,0.05,1,1,,False,,쉬움
856,forest,113500201-33193,46,수락산,,0.142,0.14,2,2,,False,,쉬움
857,forest,113500201-33194,46,수락산,청학리구간,0.779,0.78,14,10,,False,,쉬움
858,forest,113500201-33195,46,수락산,,0.148,0.15,3,2,,False,,쉬움
859,forest,113500201-33196,46,수락산,청학리구간,0.035,0.03,1,0,,False,,쉬움
860,forest,113500201-33208,46,수락산,상계동구간,0.089,2.36,42,29,,False,,쉬움
861,forest,113500201-33198,46,수락산,청학리구간,0.675,0.68,12,8,,False,,쉬움
862,forest,113500201-33199,46,수락산,청학리구간,0.644,0.64,14,10,,False,,쉬움
863,forest,113500201-33200,46,수락산,청학리구간,0.448,0.45,8,6,,False,,쉬움
864,forest,113500201-33201,46,수락산,청학리구간,0.188,0.19,3,2,,False,,쉬움
865,forest,113500201-33202,46,수락산,청학리구간,0.797,0.8,14,10,,False,,쉬움
866,forest,113500201-33203,46,수락산,청학리구간,0.16,0.16,3,2,,False,,쉬움
867,forest,113500201-33204,46,수락산,,0.05,0.89,16,11,,False,,쉬움
868,forest,113500201-33212,46,수락산,상계동구간,0.487,0.49,9,6,,False,,쉬움
869,forest,113500201-33213,46,수락산,,0.65,0.65,11,8,,False,,쉬움
870,forest,113500201-33214,46,수락산,,0.79,0.79,14,10,,False,,쉬움
871,forest,113500201-33217,46,수락산,,0.383,0.38,7,5,,False,,쉬움
872,forest,113500201-33218,46,수락산,별내동구간,0.511,0.51,9,6,,False,,쉬움
873,forest,113500201-33219,46,수락산,,0.206,0.21,4,3,,False,,쉬움
874,forest,113500201-33220,46,수락산,,0.205,0.21,4,3,,False,,쉬움
875,forest,113500201-33221,46,수락산,,0.739,0.74,13,9,,False,,쉬움
876,forest,113500201-33222,46,수락산,,0.923,0.92,16,11,,False,,쉬움
877,forest,113500201-33223,46,수락산,,0.098,0.1,2,1,,False,,쉬움
878,forest,113500201-33224,46,수락산,,0.202,0.2,4,2,,False,,쉬움
879,forest,113500201-33225,46,수락산,,0.342,0.34,6,4,,False,,쉬움
880,forest,113500201-33228,46,수락산,청학리구간,0.681,0.68,12,8,,False,,쉬움
881,forest,113500201-33276,46,수락산,,0.096,0.1,2,1,,False,,쉬움
882,forest,113500201-33229,46,수락산,,0.243,0.24,4,3,,False,,쉬움
883,forest,113500201-33230,46,수락산,,0.005,0.01,1,0,,False,,쉬움
884,forest,113500201-33231,46,수락산,,0.112,0.11,2,1,,False,,쉬움
885,forest,113500201-33232,46,수락산,,0.352,0.35,6,4,,False,,쉬움
886,forest,113500201-33233,46,수락산,,0.075,0.07,1,1,,False,,쉬움
887,forest,113500201-33234,46,수락산,,0.198,0.2,4,2,,False,,쉬움
888,forest,113500201-33235,46,수락산,청학리구간,0.095,0.09,2,1,,False,,쉬움
889,forest,113500201-33236,46,수락산,,0.157,0.16,3,2,,False,,쉬움
890,forest,113500201-33237,46,수락산,,0.54,0.54,10,7,,False,,쉬움
891,forest,113500201-33238,46,수락산,,0.211,0.21,4,3,,False,,쉬움
892,forest,113500201-33240,46,수락산,,0.99,0.99,17,12,,False,,쉬움
893,forest,113500101-28044,45,불암산,,0.053,0.07,1,1,,False,,쉬움
894,forest,113500201-33241,46,수락산,상계동구간,0.253,0.26,5,3,,False,,쉬움
895,forest,113500201-33242,46,수락산,상계동구간,0.114,0.11,2,1,,False,,쉬움
896,forest,113500201-33243,46,수락산,,0.326,0.33,6,4,,False,,쉬움
897,forest,113500201-33244,46,수락산,청학리구간,0.064,0.06,1,1,,False,,쉬움
898,forest,113500201-33246,46,수락산,상계동구간,0.016,0.02,1,0,,False,,쉬움
899,forest,113500201-33247,46,수락산,청학리구간,0.055,0.05,1,1,,False,,쉬움
900,forest,113500201-33248,46,수락산,청학리구간,0.353,0.92,16,11,,False,,쉬움
901,forest,113500201-33249,46,수락산,청학리구간,0.182,0.18,3,2,,False,,쉬움
902,forest,113500201-33277,46,수락산,청학리구간,0.285,0.29,5,4,,False,,쉬움
903,forest,113500201-33250,46,수락산,청학리구간,0.177,0.18,3,2,,False,,쉬움
904,forest,113500201-33251,46,수락산,,0.069,0.91,16,11,,False,,쉬움
905,forest,113500201-33253,46,수락산,,0.072,0.07,1,1,,False,,쉬움
906,forest,113500201-33254,46,수락산,,0.042,0.04,1,0,,False,,쉬움
907,forest,113500201-33255,46,수락산,,0.083,0.08,1,1,,False,,쉬움
908,forest,113500201-33256,46,수락산,,0.048,0.05,1,1,,False,,쉬움
909,forest,113500201-33257,46,수락산,,0.209,0.21,4,3,,False,,쉬움
910,forest,113500201-33258,46,수락산,청학리구간,0.092,0.09,2,1,,False,,쉬움
911,forest,113500201-33259,46,수락산,,0.084,0.08,1,1,,False,,중간
912,forest,113500201-33260,46,수락산,청학리구간,0.432,0.43,8,5,,False,,쉬움
913,forest,113500201-33261,46,수락산,,0.204,0.2,4,2,,False,,쉬움
914,forest,113500201-33278,46,수락산,,0.125,0.13,2,2,,False,,쉬움
915,forest,113500201-33279,46,수락산,,0.703,0.7,12,9,,False,,쉬움
916,forest,113500201-33280,46,수락산,,0.008,0.01,1,0,,False,,쉬움
917,forest,113500201-33262,46,수락산,,0.155,0.15,3,2,,False,,쉬움
918,forest,113500201-33263,46,수락산,청학리구간,0.103,0.1,2,1,,False,,쉬움
919,forest,113500201-33264,46,수락산,청학리구간,0.052,0.05,1,1,,False,,쉬움
920,forest,113500201-33265,46,수락산,청학리구간,0.056,0.06,1,1,,False,,쉬움
921,forest,113500201-33266,46,수락산,,0.026,0.03,1,0,,False,,쉬움
922,forest,113500201-33267,46,수락산,청학리구간,0.058,0.06,1,1,,False,,쉬움
923,forest,113500201-33269,46,수락산,청학리구간,0.83,0.83,15,10,,False,,쉬움
924,forest,113500201-33270,46,수락산,,0.431,0.43,8,5,,False,,쉬움
925,forest,113500201-33271,46,수락산,청학리구간,1.211,1.21,21,15,,False,,쉬움
926,forest,113500201-33273,46,수락산,,0.652,0.65,11,8,,False,,쉬움
927,forest,113500201-33274,46,수락산,,0.147,0.15,3,2,,False,,쉬움
928,forest,113500201-33275,46,수락산,,0.189,0.19,3,2,,False,,쉬움
929,forest,113500201-33282,46,수락산,상계동구간,0.068,0.3,5,4,,False,,쉬움
930,forest,113500201-33284,46,수락산,,0.06,0.06,1,1,,False,,쉬움
931,forest,113500201-33285,46,수락산,,0.077,0.08,1,1,,False,,쉬움
932,forest,113500201-33286,46,수락산,상계동구간,0.17,0.17,3,2,,False,,쉬움
933,forest,113500201-33287,46,수락산,상계동구간,0.139,0.14,2,2,,False,,쉬움
934,forest,113500201-33288,46,수락산,,0.052,0.07,1,1,,False,,쉬움
935,forest,113500201-33289,46,수락산,상계동구간,0.046,0.05,1,1,,False,,쉬움
936,forest,113500201-33290,46,수락산,,0.276,0.28,5,3,,False,,쉬움
937,forest,113500201-33291,46,수락산,,0.013,0.01,1,0,,False,,쉬움
938,forest,113500201-33292,46,수락산,,0.04,0.04,1,0,,False,,쉬움
939,forest,113500201-33293,46,수락산,별내동구간,0.047,0.08,1,1,,False,,쉬움
940,forest,113500201-33294,46,수락산,,0.082,0.08,1,1,,False,,쉬움
941,forest,113500201-33296,46,수락산,별내동구간,0.238,0.24,4,3,,False,,쉬움
942,forest,113500201-33297,46,수락산,별내동구간,0.071,0.07,1,1,,False,,쉬움
943,forest,113500201-33298,46,수락산,별내동구간,0.124,0.12,2,1,,False,,쉬움
944,forest,113500201-33299,46,수락산,상계동구간,0.079,0.08,1,1,,False,,쉬움
945,forest,113500201-33300,46,수락산,,0.25,0.25,4,3,,False,,쉬움
946,forest,113500201-33301,46,수락산,,0.276,0.28,5,3,,False,,쉬움
947,forest,113500201-33302,46,수락산,상계동구간,0.134,0.13,2,2,,False,,쉬움
948,forest,113500201-33303,46,수락산,상계동구간,0.062,0.06,1,1,,False,,쉬움
949,forest,113500201-33304,46,수락산,,0.132,0.13,2,2,,False,,쉬움
950,forest,113500201-33305,46,수락산,,0.166,0.17,3,2,,False,,쉬움
951,forest,113500201-33306,46,수락산,,0.15,0.15,3,2,,False,,쉬움
952,forest,113500201-33307,46,수락산,청학리구간,0.052,0.05,1,1,,False,,쉬움
953,forest,113500201-33308,46,수락산,,0.139,0.14,2,2,,False,,쉬움
954,forest,113500201-33309,46,수락산,,0.228,0.23,4,3,,False,,쉬움
955,forest,113500101-28119,45,불암산,별내동구간,0.043,0.04,1,0,,False,,쉬움
956,forest,113500101-28120,45,불암산,,0.02,0.02,1,0,,False,,쉬움
957,forest,113500101-28005,45,불암산,별내동구간,0.184,0.18,3,2,,False,,쉬움
958,forest,113500101-28006,45,불암산,,0.26,0.26,5,3,,False,,쉬움
959,forest,113500101-28007,45,불암산,,0.398,0.4,7,5,,False,,쉬움
960,forest,113500101-28008,45,불암산,,0.408,0.41,7,5,,False,,쉬움
961,forest,113500101-28009,45,불암산,,0.304,0.3,5,4,,False,,쉬움
962,forest,113500101-28010,45,불암산,,0.017,0.02,1,0,,False,,쉬움
963,forest,113500101-28011,45,불암산,별내동구간,0.205,0.2,4,2,,False,,쉬움
964,forest,113500101-28024,45,불암산,,0.23,0.23,4,3,,False,,쉬움
965,forest,113500101-28025,45,불암산,,0.051,0.05,1,1,,False,,쉬움
966,forest,113500101-28012,45,불암산,,0.581,0.58,10,7,,False,,쉬움
967,forest,113500101-28013,45,불암산,,0.107,0.11,2,1,,False,,쉬움
968,forest,113500101-28014,45,불암산,,0.104,0.1,2,1,,False,,쉬움
969,forest,113500101-28015,45,불암산,,0.039,0.04,1,0,,False,,쉬움
970,forest,113500101-28016,45,불암산,,0.113,0.11,2,1,,False,,쉬움
971,forest,113500101-28017,45,불암산,,0.124,0.12,2,1,,False,,쉬움
972,forest,113500101-28018,45,불암산,,0.222,0.22,4,3,,False,,쉬움
973,forest,113500101-28019,45,불암산,,0.107,0.11,2,1,,False,,쉬움
974,forest,113500101-28020,45,불암산,,0.155,0.16,3,2,,False,,쉬움
975,forest,113500101-28021,45,불암산,,0.188,0.19,3,2,,False,,쉬움
976,forest,113500101-28022,45,불암산,,0.096,0.1,2,1,,False,,쉬움
977,forest,113500101-28023,45,불암산,별내동구간,0.588,0.59,10,7,,False,,쉬움
978,forest,113500101-28042,45,불암산,,0.066,0.07,1,1,,False,,쉬움
979,forest,113500101-28026,45,불암산,,0.337,0.34,6,4,,False,,쉬움
980,forest,113500101-28027,45,불암산,,0.072,0.07,1,1,,False,,쉬움
981,forest,113500101-28028,45,불암산,,0.058,0.06,1,1,,False,,쉬움
982,forest,113500101-28029,45,불암산,,0.038,0.04,1,0,,False,,쉬움
983,forest,113500101-28030,45,불암산,,0.018,0.02,1,0,,False,,쉬움
984,forest,113500101-28031,45,불암산,,0.018,0.02,1,0,,False,,쉬움
985,forest,113500101-28032,45,불암산,,0.048,0.05,1,1,,False,,쉬움
986,forest,113500101-28033,45,불암산,별내동구간,0.409,0.41,8,5,,False,,쉬움
987,forest,113500101-28034,45,불암산,별내동구간,0.243,0.24,4,3,,False,,쉬움
988,forest,113500101-28035,45,불암산,별내동구간,0.028,0.03,1,0,,False,,쉬움
989,forest,113500101-28036,45,불암산,별내동구간,0.087,0.09,2,1,,False,,쉬움
990,forest,113500101-28037,45,불암산,,0.012,0.01,1,0,,False,,쉬움
991,forest,113500101-28038,45,불암산,,0.123,0.12,2,1,,False,,쉬움
992,forest,113500101-28039,45,불암산,별내동구간,0.099,0.1,2,1,,False,,쉬움
993,forest,113500101-28040,45,불암산,,0.053,0.05,1,1,,False,,쉬움
994,forest,113500101-28041,45,불암산,,0.043,0.1,2,1,,False,,쉬움
995,forest,113500101-28045,45,불암산,별내동구간,0.074,0.07,1,1,,False,,쉬움
996,forest,113500101-28046,45,불암산,별내동구간,0.068,0.07,1,1,,False,,쉬움
997,forest,113500101-28047,45,불암산,,0.111,0.11,2,1,,False,,쉬움
998,forest,113500101-28048,45,불암산,,0.036,0.04,1,0,,False,,쉬움
999,forest,113500101-28049,45,불암산,,0.075,0.08,1,1,,False,,쉬움
1000,forest,113500101-28050,45,불암산,,0.084,0.08,1,1,,False,,쉬움
1001,forest,113500101-28051,45,불암산,,0.042,0.04,1,0,,False,,쉬움
1002,forest,113500101-28052,45,불암산,,0.105,0.1,2,1,,False,,쉬움
1003,forest,113500101-28053,45,불암산,,0.027,0.03,1,0,,False,,쉬움
1004,forest,113500101-28056,45,불암산,,0.074,0.23,4,3,,False,,쉬움
1005,forest,113500101-28058,45,불암산,,0.082,0.08,1,1,,False,,쉬움
1006,forest,113500101-28059,45,불암산,,0.028,0.03,1,0,,False,,쉬움
1007,forest,113500101-28065,45,불암산,,0.129,0.3,5,4,,False,,쉬움
1008,forest,113500101-28066,45,불암산,,0.098,0.1,2,1,,False,,쉬움
1009,forest,113500101-28067,45,불암산,,0.14,0.14,2,2,,False,,쉬움
1010,forest,113500101-28070,45,불암산,별내동구간,0.056,0.06,1,1,,False,,쉬움
1011,forest,113500101-28072,45,불암산,,0.003,0.05,1,1,,False,,쉬움
1012,forest,113500101-28073,45,불암산,별내동구간,0.136,0.14,2,2,,False,,쉬움
1013,forest,113500101-28074,45,불암산,,0.053,0.05,1,1,,False,,쉬움
1014,forest,113500101-28075,45,불암산,별내동구간,0.006,0.06,1,1,,False,,쉬움
1015,forest,113500101-28076,45,불암산,별내동구간,0.029,0.03,1,0,,False,,쉬움
1016,forest,113500101-28077,45,불암산,,0.172,0.17,3,2,,False,,쉬움
1017,forest,113500101-28078,45,불암산,별내동구간,0.017,0.02,1,0,,False,,쉬움
1018,forest,113500101-28079,45,불암산,,0.119,0.12,2,1,,False,,쉬움
1019,forest,113500101-28080,45,불암산,,0.592,0.59,10,7,,False,,쉬움
1020,forest,113500101-28081,45,불암산,별내동구간,0.167,0.22,4,3,,False,,쉬움
1021,forest,113500101-28082,45,불암산,별내동구간,0.146,0.15,3,2,,False,,쉬움
1022,forest,113500101-28083,45,불암산,,0.084,0.08,1,1,,False,,쉬움
1023,forest,113500101-28084,45,불암산,별내동구간,0.12,0.12,2,1,,False,,쉬움
1024,forest,113500101-28085,45,불암산,,0.018,0.02,1,0,,False,,쉬움
1025,forest,113500101-28086,45,불암산,별내동구간,0.1,0.1,2,1,,False,,쉬움
1026,forest,113500101-28087,45,불암산,별내동구간,0.351,0.35,6,4,,False,,쉬움
1027,forest,113500101-28088,45,불암산,공릉동구간,0.908,0.96,17,12,,False,,쉬움
1028,forest,113500101-28089,45,불암산,중계동구간,0.587,0.59,10,7,,False,,쉬움
1029,forest,113500101-28090,45,불암산,,0.313,0.13,2,2,,False,,쉬움
1030,forest,113500101-28091,45,불암산,별내동구간,0.749,0.52,9,6,,False,,쉬움
1031,forest,113500101-28092,45,불암산,별내동구간,3.446,2.68,47,33,,False,,쉬움
1032,forest,113500101-28093,45,불암산,별내동구간,0.223,0.22,4,3,,False,,쉬움
1033,forest,113500101-28094,45,불암산,,1.056,1.06,27,19,,False,,쉬움
1034,forest,113500101-28095,45,불암산,,0.922,1.33,23,16,,False,,쉬움
1035,forest,113500101-28097,45,불암산,상계동구간,0.04,1.22,22,15,,False,,쉬움
1036,forest,113500101-28098,45,불암산,별내동구간,1.41,1.41,25,17,,False,,쉬움
1037,forest,113500101-28100,45,불암산,중계동구간,0.041,0.97,21,15,,False,,쉬움
1038,forest,113500101-28102,45,불암산,별내동구간,0.905,0.91,16,11,,False,,쉬움
1039,forest,113500101-28103,45,불암산,,0.319,0.83,15,10,,False,,쉬움
1040,forest,113500101-28104,45,불암산,,0.17,0.17,3,2,,False,,쉬움
1041,forest,113500101-28105,45,불암산,,0.692,0.69,12,9,,False,,쉬움
1042,forest,113500101-28106,45,불암산,,0.09,0.09,2,1,,False,,쉬움
1043,forest,113500101-28107,45,불암산,,0.103,0.1,2,1,,False,,쉬움
1044,forest,113500101-28108,45,불암산,,0.211,0.21,4,3,,False,,쉬움
1045,forest,113500101-28109,45,불암산,별내동구간,0.062,0.06,1,1,,False,,쉬움
1046,forest,113500101-28111,45,불암산,별내동구간,0.08,0.08,1,1,,False,,쉬움
1047,forest,113500101-28112,45,불암산,,0.088,0.09,2,1,,False,,쉬움
1048,forest,113500101-28113,45,불암산,별내동구간,0.697,0.7,12,9,,False,,쉬움
1049,forest,113500101-28114,45,불암산,,0.135,0.13,2,2,,False,,쉬움
1050,forest,113500101-28115,45,불암산,,0.061,0.06,1,1,,False,,쉬움
1051,forest,113500101-28116,45,불암산,,0.08,0.08,1,1,,False,,쉬움
1052,forest,113500101-28117,45,불암산,,0.017,0.05,1,1,,False,,쉬움
1053,forest,113500101-28121,45,불암산,별내동구간,0.076,0.08,1,1,,False,,쉬움
1054,forest,113500101-28122,45,불암산,별내동구간,0.053,0.05,1,1,,False,,쉬움
1055,forest,113500101-28123,45,불암산,,0.024,0.02,1,0,,False,,쉬움
1056,forest,113500101-28124,45,불암산,별내동구간,0.088,0.09,2,1,,False,,쉬움
1057,forest,113500101-28125,45,불암산,별내동구간,0.021,0.02,1,0,,False,,쉬움
1058,forest,113500101-28126,45,불암산,별내동구간,0.041,0.04,1,0,,False,,쉬움
1059,forest,113500101-28127,45,불암산,,0.045,0.04,1,0,,False,,쉬움
1060,forest,113500101-28128,45,불암산,별내동구간,0.277,0.28,5,3,,False,,쉬움
1061,forest,113500101-28129,45,불암산,,0.175,0.17,3,2,,False,,쉬움
1062,forest,113500101-28130,45,불암산,별내동구간,0.308,0.31,5,4,,False,,쉬움
1063,forest,113500101-28131,45,불암산,별내동구간,0.201,0.2,4,2,,False,,쉬움
1064,forest,113500101-28132,45,불암산,,0.115,0.11,2,1,,False,,쉬움
1065,forest,113500101-28133,45,불암산,별내동구간,0.021,0.02,1,0,,False,,쉬움
1066,forest,113500101-28134,45,불암산,,0.029,0.03,1,0,,False,,쉬움
1067,forest,113500101-28135,45,불암산,별내동구간,0.036,0.04,1,0,,False,,쉬움
1068,forest,113500101-28136,45,불암산,별내동구간,0.073,0.07,1,1,,False,,쉬움
1069,forest,113500101-28137,45,불암산,별내동구간,0.057,0.06,1,1,,False,,쉬움
1070,forest,113500101-28138,45,불암산,별내동구간,0.041,0.04,1,0,,False,,쉬움
1071,forest,113500101-28139,45,불암산,별내동구간,0.045,0.05,1,1,,False,,쉬움
1072,forest,116200201-4296,43,관악산,,0.54,0.54,10,7,,False,,쉬움
1073,forest,116200201-4297,43,관악산,,0.641,0.64,11,8,,False,,쉬움
1074,forest,116200201-4298,43,관악산,,0.807,0.81,14,10,,False,,쉬움
1075,forest,116200201-4299,43,관악산,,1.236,1.24,22,15,,False,,쉬움
1076,forest,116200201-4300,43,관악산,,0.502,0.5,9,6,,False,,쉬움
1077,forest,116200201-4301,43,관악산,중앙동구간,1.067,1.07,23,16,,False,,쉬움
1078,forest,116200201-4371,43,관악산,,0.137,0.14,2,2,,False,,쉬움
1079,forest,116200201-4281,43,관악산,,0.821,0.82,14,10,,False,,쉬움
1080,forest,116200201-4282,43,관악산,,1.382,1.38,24,17,,False,,쉬움
1081,forest,116200201-4283,43,관악산,,0.909,0.91,16,11,,False,,쉬움
1082,forest,116200201-4284,43,관악산,,0.787,0.79,14,10,,False,,쉬움
1083,forest,116200201-4285,43,관악산,,1.062,1.06,19,13,,False,,쉬움
1084,forest,116200201-4286,43,관악산,,0.302,0.3,5,4,,False,,쉬움
1085,forest,116200201-4287,43,관악산,,0.729,0.73,13,9,,False,,쉬움
1086,forest,116200201-4288,43,관악산,,0.978,0.98,17,12,,False,,쉬움
1087,forest,116200201-4289,43,관악산,,0.95,0.95,17,12,,False,,쉬움
1088,forest,116200201-4290,43,관악산,,0.577,0.58,10,7,,False,,쉬움
1089,forest,116200201-4291,43,관악산,,0.882,0.88,16,11,,False,,쉬움
1090,forest,116200201-4292,43,관악산,,0.42,0.42,8,6,,False,,중간
1091,forest,116200201-4293,43,관악산,,0.221,0.22,4,3,,False,,쉬움
1092,forest,116200201-4294,43,관악산,,0.984,0.98,17,12,,False,,쉬움
1093,forest,116200201-4302,43,관악산,,0.162,0.16,3,2,,False,,쉬움
1094,forest,116200201-4303,43,관악산,중앙동구간,0.755,0.76,14,10,,False,,쉬움
1095,forest,116200201-4304,43,관악산,과천동구간,1.108,1.11,21,15,,False,,쉬움
1096,forest,116200201-4305,43,관악산,중앙동구간,0.634,0.63,11,8,,False,,쉬움
1097,forest,116200201-4306,43,관악산,,0.509,0.51,9,6,,False,,쉬움
1098,forest,116200201-4307,43,관악산,,0.29,0.29,5,4,,False,,쉬움
1099,forest,116200201-4308,43,관악산,,0.837,0.84,15,10,,False,,쉬움
1100,forest,116200201-4309,43,관악산,,0.59,0.59,10,7,,False,,쉬움
1101,forest,116200201-4310,43,관악산,과천동구간,0.618,0.62,11,8,,False,,쉬움
1102,forest,116200201-4311,43,관악산,,0.292,0.29,5,4,,False,,쉬움
1103,forest,116200201-4312,43,관악산,갈현동구간,1.379,1.38,24,17,,False,,쉬움
1104,forest,116200201-4313,43,관악산,,0.114,0.11,2,1,,False,,쉬움
1105,forest,116200201-4314,43,관악산,,0.343,0.34,6,4,,False,,쉬움
1106,forest,116200201-4315,43,관악산,,0.558,0.56,10,7,,False,,쉬움
1107,forest,116200201-4316,43,관악산,중앙동구간,0.255,0.26,5,3,,False,,쉬움
1108,forest,116200201-4327,43,관악산,,0.021,0.02,1,0,,False,,쉬움
1109,forest,116200201-4317,43,관악산,중앙동구간,0.266,0.27,5,3,,False,,쉬움
1110,forest,116200201-4318,43,관악산,중앙동구간,0.285,0.29,5,4,,False,,쉬움
1111,forest,116200201-4319,43,관악산,,0.508,0.51,9,6,,False,,쉬움
1112,forest,116200201-4320,43,관악산,중앙동구간,0.176,0.18,3,2,,False,,쉬움
1113,forest,116200201-4321,43,관악산,과천동구간,0.638,0.64,11,8,,False,,쉬움
1114,forest,116200201-4322,43,관악산,,0.112,0.11,2,1,,False,,쉬움
1115,forest,116200201-4323,43,관악산,중앙동구간,0.132,0.13,2,2,,False,,쉬움
1116,forest,116200201-4324,43,관악산,,0.123,0.12,2,1,,False,,쉬움
1117,forest,116200201-4325,43,관악산,,0.065,0.06,1,1,,False,,쉬움
1118,forest,116200201-4326,43,관악산,,0.007,0.01,1,0,,False,,쉬움
1119,forest,116200201-4328,43,관악산,,0.249,0.25,4,3,,False,,쉬움
1120,forest,116200201-4329,43,관악산,,0.097,0.1,2,1,,False,,쉬움
1121,forest,116200201-4330,43,관악산,,0.136,0.14,2,2,,False,,쉬움
1122,forest,116200201-4331,43,관악산,,0.333,0.33,6,4,,False,,쉬움
1123,forest,116200201-4332,43,관악산,,0.46,0.46,8,6,,False,,쉬움
1124,forest,116200201-4333,43,관악산,,0.314,0.31,5,4,,False,,쉬움
1125,forest,116200201-4334,43,관악산,,0.246,0.25,4,3,,False,,쉬움
1126,forest,116200201-4335,43,관악산,,0.019,0.02,1,0,,False,,쉬움
1127,forest,116200201-4350,43,관악산,,0.12,0.12,2,1,,False,,쉬움
1128,forest,116200201-4351,43,관악산,,0.251,0.26,5,3,,False,,쉬움
1129,forest,116200201-4336,43,관악산,,0.289,0.29,5,4,,False,,쉬움
1130,forest,116200201-4337,43,관악산,,0.301,0.3,5,4,,False,,쉬움
1131,forest,116200201-4338,43,관악산,,0.107,0.11,2,1,,False,,쉬움
1132,forest,116200201-4339,43,관악산,,0.026,0.03,1,0,,False,,쉬움
1133,forest,116200201-4340,43,관악산,,0.014,0.01,1,0,,False,,쉬움
1134,forest,116200201-4341,43,관악산,,0.012,0.01,1,0,,False,,쉬움
1135,forest,116200201-4342,43,관악산,,0.33,0.33,6,4,,False,,쉬움
1136,forest,116200201-4343,43,관악산,,0.168,0.17,3,2,,False,,쉬움
1137,forest,116200201-4370,43,관악산,,0.137,0.14,2,2,,False,,쉬움
1138,forest,116200201-4344,43,관악산,,0.36,0.36,6,4,,False,,쉬움
1139,forest,116200201-4345,43,관악산,,0.066,0.24,4,3,,False,,쉬움
1140,forest,116200201-4346,43,관악산,,0.212,0.21,4,3,,False,,쉬움
1141,forest,116200201-4347,43,관악산,,0.135,0.14,2,2,,False,,쉬움
1142,forest,116200201-4348,43,관악산,,0.342,0.34,6,4,,False,,쉬움
1143,forest,116200201-4349,43,관악산,,0.06,0.06,1,1,,False,,쉬움
1144,forest,116200201-4352,43,관악산,,0.209,0.22,4,3,,False,,쉬움
1145,forest,116200201-4353,43,관악산,,0.525,0.52,9,6,,False,,쉬움
1146,forest,116200201-4354,43,관악산,,0.174,0.17,3,2,,False,,쉬움
1147,forest,116200201-4355,43,관악산,,0.3,0.3,5,4,,False,,쉬움
1148,forest,116200201-4356,43,관악산,,0.132,0.13,2,2,,False,,쉬움
1149,forest,116200201-4357,43,관악산,,0.231,0.23,4,3,,False,,쉬움
1150,forest,116200201-4358,43,관악산,,0.329,0.33,6,4,,False,,쉬움
1151,forest,116200201-4359,43,관악산,,0.719,0.72,13,9,,False,,쉬움
1152,forest,116200201-4360,43,관악산,,0.307,0.31,5,4,,False,,쉬움
1153,forest,116200201-4391,43,관악산,,0.06,0.06,1,1,,False,,쉬움
1154,forest,116200201-4361,43,관악산,,0.241,0.24,4,3,,False,,쉬움
1155,forest,116200201-4362,43,관악산,,0.087,0.09,2,1,,False,,쉬움
1156,forest,116200201-4363,43,관악산,,0.07,0.07,1,1,,False,,쉬움
1157,forest,116200201-4364,43,관악산,,0.016,0.02,1,0,,False,,쉬움
1158,forest,116200201-4365,43,관악산,,0.029,0.14,2,2,,False,,쉬움
1159,forest,116200201-4366,43,관악산,,0.037,0.04,1,0,,False,,쉬움
1160,forest,116200201-4367,43,관악산,,0.146,0.15,3,2,,False,,쉬움
1161,forest,116200201-4368,43,관악산,,0.314,0.31,5,4,,False,,쉬움
1162,forest,116200201-4369,43,관악산,,0.012,0.01,1,0,,False,,쉬움
1163,forest,116200201-4392,43,관악산,,0.062,0.06,1,1,,False,,쉬움
1164,forest,116200201-4372,43,관악산,,0.116,0.12,2,1,,False,,쉬움
1165,forest,116200201-4373,43,관악산,,0.074,0.07,1,1,,False,,쉬움
1166,forest,116200201-4374,43,관악산,,0.092,0.09,2,1,,False,,쉬움
1167,forest,116200201-4375,43,관악산,,0.332,0.33,6,4,,False,,쉬움
1168,forest,116200201-4376,43,관악산,,0.102,0.1,2,1,,False,,쉬움
1169,forest,116200201-4377,43,관악산,,0.284,0.39,7,5,,False,,쉬움
1170,forest,116200201-4378,43,관악산,,0.082,0.08,1,1,,False,,쉬움
1171,forest,116200201-4379,43,관악산,,0.143,0.14,2,2,,False,,쉬움
1172,forest,116200201-4380,43,관악산,,0.241,0.24,4,3,,False,,쉬움
1173,forest,116200201-4381,43,관악산,,0.103,0.11,2,1,,False,,쉬움
1174,forest,116200201-4382,43,관악산,,0.191,0.19,3,2,,False,,쉬움
1175,forest,116200201-4383,43,관악산,,0.075,0.08,1,1,,False,,쉬움
1176,forest,116200201-4384,43,관악산,,0.088,0.09,2,1,,False,,쉬움
1177,forest,116200201-4385,43,관악산,,0.074,0.07,1,1,,False,,쉬움
1178,forest,116200201-4386,43,관악산,,0.042,0.04,1,0,,False,,쉬움
1179,forest,116200201-4389,43,관악산,,0.353,0.35,6,4,,False,,쉬움
1180,forest,116200201-4390,43,관악산,,0.239,0.24,4,3,,False,,쉬움
1181,forest,116200201-4393,43,관악산,,0.174,0.17,3,2,,False,,쉬움
1182,forest,116200201-4394,43,관악산,,0.069,0.07,1,1,,False,,쉬움
1183,forest,116200201-4395,43,관악산,,0.005,0.01,1,0,,False,,쉬움
1184,forest,116200201-4396,43,관악산,,0.012,0.01,1,0,,False,,쉬움
1185,forest,116200201-4397,43,관악산,,0.05,0.05,1,1,,False,,쉬움
1186,forest,116200201-4398,43,관악산,중앙동구간,0.199,0.2,4,2,,False,,쉬움
1187,forest,116200201-4399,43,관악산,갈현동구간,0.985,0.99,17,12,,False,,쉬움
1188,forest,418204301-55003,14,화악산 (경기/강원),,1.731,1.73,31,21,,False,,쉬움
1189,forest,418204301-55004,14,화악산 (경기/강원),,2.18,2.18,38,27,,False,,쉬움
1190,forest,418204301-55005,14,화악산 (경기/강원),,1.29,1.29,23,16,,False,,쉬움
1191,forest,412900401-49639,18,청계산 (경기/서울),,0.346,0.35,6,4,,False,,쉬움
1192,forest,418203101-41200,122,운악산,,1.406,1.41,25,17,,False,,쉬움
1193,forest,418203101-41201,122,운악산,,0.636,0.64,11,8,,False,,쉬움
1194,forest,418203101-41202,122,운악산,,0.678,0.68,12,8,,False,,쉬움
1195,forest,418202901-37728,10,연인산,,0.411,0.41,7,5,,False,,쉬움
1196,forest,418202901-37729,10,연인산,,0.702,0.7,12,9,,False,,쉬움
1197,forest,418202901-37730,10,연인산,,3.607,3.61,64,45,,False,,쉬움
1198,forest,418201701-19493,6,민둥산 (경기),,1.174,1.17,21,14,,False,,쉬움
1199,forest,418201701-19494,6,민둥산 (경기),,2.503,2.5,44,31,,False,,쉬움
1200,forest,416101401-18798,23,문형산,,0.462,0.46,8,6,,False,,쉬움
1201,forest,418200801-5336,4,노적봉,승안리구간,0.406,0.41,9,6,,False,,중간
1202,forest,418200801-5337,4,노적봉,승안리구간,1.046,1.05,20,14,,False,,쉬움
1203,forest,282000501-32560,57,소래산,,0.054,0.17,3,2,,False,,쉬움
1204,forest,282000501-32563,57,소래산,신천동구간,0.01,0.01,1,0,,False,,쉬움
1205,forest,282000501-32564,57,소래산,신천동구간,0.055,0.06,1,1,,False,,쉬움
1206,forest,282000501-32565,57,소래산,신천동구간,0.55,0.55,10,7,,False,,쉬움
1207,forest,282000501-32566,57,소래산,,0.19,0.24,4,3,,False,,쉬움
1208,forest,282000501-32567,57,소래산,대야동구간,0.189,0.19,3,2,,False,,쉬움
1209,forest,282000501-32568,57,소래산,대야동구간,0.232,0.23,4,3,,False,,쉬움
1210,forest,282000501-32569,57,소래산,대야동구간,0.397,0.4,7,5,,False,,쉬움
1211,forest,282000501-32570,57,소래산,대야동구간,0.072,0.07,1,1,,False,,중간
1212,forest,282000501-32571,57,소래산,대야동구간,0.056,0.06,1,1,,False,,쉬움
1213,forest,282000501-32572,57,소래산,,0.022,0.02,1,0,,False,,쉬움
1214,forest,282000501-32573,57,소래산,,0.22,0.22,4,3,,False,,쉬움
1215,forest,282000501-32574,57,소래산,,0.227,0.23,4,3,,False,,쉬움
1216,forest,282000501-32575,57,소래산,,0.291,0.29,5,4,,False,,쉬움
1217,forest,282000501-32576,57,소래산,대야동구간,0.272,0.27,5,3,,False,,쉬움
1218,forest,282000501-32577,57,소래산,대야동구간,0.167,0.17,3,2,,False,,쉬움
1219,forest,282000501-32578,57,소래산,신천동구간,0.377,0.38,7,5,,False,,쉬움
1220,forest,282000501-32579,57,소래산,,0.554,0.59,10,7,,False,,쉬움
1221,forest,282000501-32580,57,소래산,,0.046,0.05,1,1,,False,,쉬움
1222,forest,282000501-32581,57,소래산,,0.213,0.21,4,3,,False,,쉬움
1223,forest,282000501-32582,57,소래산,대야동구간,0.657,0.66,12,8,,False,,쉬움
1224,forest,282000501-32583,57,소래산,대야동구간,0.644,0.64,11,8,,False,,쉬움
1225,forest,282000501-32584,57,소래산,,0.085,0.09,2,1,,False,,쉬움
1226,forest,282000501-32585,57,소래산,,0.327,0.7,12,9,,False,,쉬움
1227,forest,282000501-32586,57,소래산,신천동구간,0.422,0.42,7,5,,False,,쉬움
1228,forest,282000501-32587,57,소래산,신천동구간,0.333,0.33,6,4,,False,,쉬움
1229,forest,282000501-32588,57,소래산,,0.164,0.16,3,2,,False,,쉬움
1230,forest,282000501-32589,57,소래산,,0.048,0.05,1,1,,False,,쉬움
1231,forest,282000501-32590,57,소래산,신천동구간,0.285,0.28,5,3,,False,,쉬움
1232,forest,282000501-32591,57,소래산,,0.093,0.09,2,1,,False,,쉬움
1233,forest,282000501-32592,57,소래산,신천동구간,0.206,0.21,4,3,,False,,쉬움
1234,forest,418200801-5338,4,노적봉,,1.155,1.16,20,14,,False,,쉬움
1235,forest,282000501-32593,57,소래산,,0.139,0.14,2,2,,False,,쉬움
1236,forest,282000501-32594,57,소래산,,0.043,0.41,7,5,,False,,쉬움
1237,forest,282000501-32595,57,소래산,,0.041,0.04,1,0,,False,,쉬움
1238,forest,282000501-32596,57,소래산,,0.246,0.25,4,3,,False,,쉬움
1239,forest,282000501-32597,57,소래산,대야동구간,0.08,0.08,1,1,,False,,쉬움
1240,forest,282000501-32598,57,소래산,,0.076,0.08,1,1,,False,,쉬움
1241,forest,282000501-32600,57,소래산,,0.133,0.13,2,2,,False,,쉬움
1242,forest,282000501-32601,57,소래산,,0.127,0.13,2,2,,False,,쉬움
1243,forest,282000501-32602,57,소래산,대야동구간,0.123,0.12,2,1,,False,,쉬움
1244,forest,282000501-32603,57,소래산,대야동구간,0.535,0.54,10,7,,False,,쉬움
1245,forest,282000501-32604,57,소래산,,0.412,0.41,7,5,,False,,쉬움
1246,forest,282000501-32605,57,소래산,,0.312,0.31,5,4,,False,,쉬움
1247,forest,282000501-32606,57,소래산,,0.209,0.21,4,3,,False,,쉬움
1248,forest,282000501-32607,57,소래산,,4.116,4.12,73,51,,False,,쉬움
1249,forest,282000501-32608,57,소래산,장수동구간,0.001,0.65,11,8,,False,,쉬움
1250,forest,282000501-32609,57,소래산,,0.356,0.36,6,4,,False,,쉬움
1251,forest,282000501-32610,57,소래산,,0.249,0.25,4,3,,False,,쉬움
1252,forest,282000501-32611,57,소래산,,0.122,0.12,2,1,,False,,쉬움
1253,forest,282000501-32612,57,소래산,,0.105,0.1,2,1,,False,,쉬움
1254,forest,282000501-32613,57,소래산,신천동구간,0.589,0.59,10,7,,False,,쉬움
1255,forest,282000501-32614,57,소래산,,0.145,0.15,3,2,,False,,쉬움
1256,forest,282000501-32616,57,소래산,,0.019,0.28,5,3,,False,,쉬움
1257,forest,282000501-32617,57,소래산,,0.154,0.15,3,2,,False,,쉬움
1258,forest,282000501-32618,57,소래산,대야동구간,0.067,0.07,1,1,,False,,쉬움
1259,forest,282000501-32619,57,소래산,대야동구간,0.043,0.04,1,0,,False,,쉬움
1260,forest,282000501-32620,57,소래산,,0.099,0.1,2,1,,False,,쉬움
1261,forest,282000501-32621,57,소래산,,0.11,0.11,2,1,,False,,쉬움
1262,forest,282000501-32622,57,소래산,,0.177,0.18,3,2,,False,,쉬움
1263,forest,282000501-32623,57,소래산,신천동구간,0.134,0.13,2,2,,False,,쉬움
1264,forest,282000501-32624,57,소래산,,0.005,0.21,4,3,,False,,쉬움
1265,forest,282000501-32625,57,소래산,신천동구간,0.359,0.36,6,4,,False,,쉬움
1266,forest,282000501-32626,57,소래산,대야동구간,0.196,0.2,4,2,,False,,쉬움
1267,forest,418200801-5339,4,노적봉,승안리구간,0.651,0.65,14,10,,False,,쉬움
1268,forest,418200801-5340,4,노적봉,,0.771,0.77,14,10,,False,,쉬움
1269,forest,418200801-5341,4,노적봉,,1.843,1.84,32,23,,False,,쉬움
1270,forest,418200801-5342,4,노적봉,,0.829,0.83,15,10,,False,,쉬움
1271,forest,418200801-5343,4,노적봉,마장리구간,0.723,0.72,15,11,,False,,쉬움
1272,forest,418200801-5344,4,노적봉,백둔리구간,3.885,3.89,146,102,,False,,쉬움
1273,forest,418200801-5345,4,노적봉,승안리구간,1.414,1.41,25,17,,False,,쉬움
1274,forest,418200801-5346,4,노적봉,,0.411,0.41,7,5,,False,,쉬움
1275,forest,418200801-5347,4,노적봉,백둔리구간,6.022,3.94,70,49,,False,,쉬움
1276,forest,418200801-5348,4,노적봉,백둔리구간,2.701,2.7,48,33,,True,,쉬움
1277,forest,416500801-4948,117,광덕산 (강원/경기),,0.464,1.82,32,22,,False,,쉬움
1278,forest,414500201-2245,126,검단산 (하남/광주),창우동구간,3.382,3.38,127,89,,False,,쉬움
1279,forest,411170201-4714,53,광교산,,0.036,0.04,1,0,,False,,쉬움
1280,forest,414603201-50259,99,청명산 (수원/용인),,0.024,0.02,1,0,,False,,쉬움
1281,forest,418203101-41203,122,운악산,신상리구간,0.303,0.3,5,4,,False,,중간
1282,forest,418203101-41204,122,운악산,하판리구간,0.467,0.47,8,6,,False,,쉬움
1283,forest,418203101-41205,122,운악산,,0.406,0.41,7,5,,False,,쉬움
1284,forest,418203101-41216,122,운악산,,0.025,0.03,1,0,,False,,쉬움
1285,forest,418200801-5333,4,노적봉,승안리구간,1.913,1.91,72,50,,False,,쉬움
1286,forest,418200801-5334,4,노적봉,,0.125,0.13,2,2,,False,,쉬움
1287,forest,418200801-5335,4,노적봉,,1.124,1.12,20,14,,False,,쉬움
1288,forest,412700101-4909,58,광덕산 (안산),와동구간,0.098,0.1,2,1,,False,,쉬움
1289,forest,412700101-4910,58,광덕산 (안산),월피동구간,0.481,0.48,8,6,,False,,쉬움
1290,forest,412700101-4911,58,광덕산 (안산),월피동구간,0.135,0.13,2,2,,False,,쉬움
1291,forest,412700101-4912,58,광덕산 (안산),,0.039,0.04,1,0,,False,,쉬움
1292,forest,412700101-4913,58,광덕산 (안산),,0.299,0.3,5,4,,False,,쉬움
1293,forest,412700101-4914,58,광덕산 (안산),,0.165,0.16,3,2,,False,,쉬움
1294,forest,411170201-4619,53,광교산,,0.211,0.21,4,3,,False,,쉬움
1295,forest,412700101-4915,58,광덕산 (안산),,0.353,0.35,6,4,,False,,쉬움
1296,forest,412700101-4916,58,광덕산 (안산),월피동구간,0.208,0.21,4,3,,False,,쉬움
1297,forest,412700101-4917,58,광덕산 (안산),,0.054,0.05,1,1,,False,,쉬움
1298,forest,412700101-4918,58,광덕산 (안산),월피동구간,0.033,0.03,1,0,,False,,쉬움
1299,forest,412700101-4919,58,광덕산 (안산),와동구간,0.206,0.21,4,3,,False,,쉬움
1300,forest,412700101-4920,58,광덕산 (안산),,0.15,0.15,3,2,,False,,쉬움
1301,forest,412700101-4921,58,광덕산 (안산),,0.095,0.09,2,1,,False,,쉬움
1302,forest,412700101-4922,58,광덕산 (안산),,0.191,0.19,3,2,,False,,쉬움
1303,forest,412700101-4923,58,광덕산 (안산),,0.055,0.06,1,1,,False,,쉬움
1304,forest,412700101-4924,58,광덕산 (안산),,0.066,0.07,1,1,,False,,쉬움
1305,forest,412700101-4925,58,광덕산 (안산),,0.476,0.48,8,6,,False,,쉬움
1306,forest,411170201-4620,53,광교산,신봉동구간,0.128,0.13,2,2,,False,,쉬움
1307,forest,411170201-4621,53,광교산,성복동구간,0.183,0.18,3,2,,False,,쉬움
1308,forest,412700101-4926,58,광덕산 (안산),고잔동구간,0.233,0.23,4,3,,False,,쉬움
1309,forest,412700101-4927,58,광덕산 (안산),,0.081,0.08,1,1,,False,,쉬움
1310,forest,412700101-4928,58,광덕산 (안산),,0.177,0.18,3,2,,False,,쉬움
1311,forest,412700101-4929,58,광덕산 (안산),,0.099,0.1,2,1,,False,,쉬움
1312,forest,412700101-4930,58,광덕산 (안산),,0.191,0.19,3,2,,False,,쉬움
1313,forest,412700101-4931,58,광덕산 (안산),와동구간,0.23,0.23,4,3,,False,,쉬움
1314,forest,412700101-4932,58,광덕산 (안산),와동구간,0.452,0.45,8,6,,False,,쉬움
1315,forest,412700101-4933,58,광덕산 (안산),,0.154,0.15,3,2,,False,,쉬움
1316,forest,411170201-4602,53,광교산,상광교동구간,0.476,0.48,8,6,,False,,쉬움
1317,forest,412700101-4934,58,광덕산 (안산),,0.219,0.22,4,3,,False,,쉬움
1318,forest,412700101-4935,58,광덕산 (안산),,0.188,0.19,3,2,,False,,쉬움
1319,forest,412700101-4936,58,광덕산 (안산),와동구간,0.469,0.47,8,6,,False,,쉬움
1320,forest,412700101-4937,58,광덕산 (안산),,0.04,0.04,1,0,,False,,쉬움
1321,forest,412700101-4938,58,광덕산 (안산),고잔동구간,0.112,0.11,2,1,,False,,쉬움
1322,forest,412700101-4939,58,광덕산 (안산),,0.131,0.13,2,2,,False,,쉬움
1323,forest,412700101-4940,58,광덕산 (안산),,0.655,0.66,12,8,,False,,쉬움
1324,forest,412700101-4941,58,광덕산 (안산),,0.268,0.27,5,3,,False,,쉬움
1325,forest,411170201-4616,53,광교산,,0.147,0.15,3,2,,False,,쉬움
1326,forest,412700101-4942,58,광덕산 (안산),,0.399,0.4,7,5,,False,,쉬움
1327,forest,412700101-4943,58,광덕산 (안산),고잔동구간,0.608,0.61,11,8,,False,,쉬움
1328,forest,412700101-4944,58,광덕산 (안산),,0.334,0.33,6,4,,False,,쉬움
1329,forest,412700101-4945,58,광덕산 (안산),,0.209,0.21,4,3,,False,,쉬움
1330,forest,412700101-4946,58,광덕산 (안산),,0.179,0.18,3,2,,False,,쉬움
1331,forest,412700101-4947,58,광덕산 (안산),,0.054,0.05,1,1,,False,,쉬움
1332,forest,411170201-4587,53,광교산,조원동구간,3.951,3.95,70,49,,False,,쉬움
1333,forest,411170201-4588,53,광교산,하광교동구간,1.088,1.09,19,13,,False,,쉬움
1334,forest,411170201-4589,53,광교산,하광교동구간,1.872,1.87,33,23,,False,,쉬움
1335,forest,411170201-4590,53,광교산,파장동구간,0.261,0.26,5,3,,False,,쉬움
1336,forest,411170201-4617,53,광교산,,0.235,0.23,4,3,,False,,쉬움
1337,forest,411170201-4591,53,광교산,파장동구간,1.061,1.06,19,13,,False,,쉬움
1338,forest,411170201-4592,53,광교산,,1.145,1.15,20,14,,False,,쉬움
1339,forest,411170201-4593,53,광교산,하광교동구간,0.226,0.23,4,3,,False,,쉬움
1340,forest,411170201-4594,53,광교산,파장동구간,1.671,1.67,31,22,,False,,쉬움
1341,forest,411170201-4595,53,광교산,상광교동구간,0.089,0.09,2,1,,False,,쉬움
1342,forest,411170201-4596,53,광교산,,0.34,0.34,6,4,,False,,쉬움
1343,forest,411170201-4597,53,광교산,,1.581,1.58,28,20,,False,,쉬움
1344,forest,411170201-4598,53,광교산,,0.084,0.08,1,1,,False,,쉬움
1345,forest,411170201-4599,53,광교산,,0.008,0.01,1,0,,False,,쉬움
1346,forest,411170201-4600,53,광교산,상광교동구간,1.278,1.28,32,22,,False,,쉬움
1347,forest,411170201-4601,53,광교산,상광교동구간,0.792,0.79,14,10,,False,,쉬움
1348,forest,411170201-4618,53,광교산,,0.063,0.06,1,1,,False,,쉬움
1349,forest,411170201-4622,53,광교산,신봉동구간,0.079,0.08,1,1,,False,,쉬움
1350,forest,411170201-4603,53,광교산,상광교동구간,1.078,1.08,19,13,,False,,쉬움
1351,forest,411170201-4604,53,광교산,이의동구간,0.619,0.62,11,8,,False,,쉬움
1352,forest,411170201-4605,53,광교산,성복동구간,0.306,0.31,5,4,,False,,쉬움
1353,forest,411170201-4606,53,광교산,성복동구간,0.267,0.27,5,3,,False,,쉬움
1354,forest,411170201-4607,53,광교산,,0.747,0.75,13,9,,False,,쉬움
1355,forest,411170201-4608,53,광교산,,0.357,0.36,6,4,,False,,쉬움
1356,forest,411170201-4609,53,광교산,,0.078,0.08,1,1,,False,,쉬움
1357,forest,411170201-4610,53,광교산,,0.366,0.37,7,5,,False,,쉬움
1358,forest,411170201-4611,53,광교산,,0.123,0.12,2,1,,False,,쉬움
1359,forest,411170201-4612,53,광교산,,0.077,0.08,1,1,,False,,쉬움
1360,forest,411170201-4613,53,광교산,,0.079,0.08,1,1,,False,,쉬움
1361,forest,411170201-4614,53,광교산,성복동구간,0.244,0.24,4,3,,False,,쉬움
1362,forest,411170201-4615,53,광교산,,0.102,0.1,2,1,,False,,쉬움
1363,forest,411170201-4623,53,광교산,,0.255,0.26,5,3,,False,,쉬움
1364,forest,411170201-4624,53,광교산,풍덕천동구간,0.137,0.14,2,2,,False,,쉬움
1365,forest,411170201-4625,53,광교산,신봉동구간,0.072,0.07,1,1,,False,,쉬움
1366,forest,411170201-4626,53,광교산,신봉동구간,0.154,0.15,3,2,,False,,쉬움
1367,forest,411170201-4627,53,광교산,성복동구간,0.149,0.15,3,2,,False,,쉬움
1368,forest,411170201-4628,53,광교산,,0.422,0.42,7,5,,False,,쉬움
1369,forest,411170201-4629,53,광교산,,0.034,0.03,1,0,,False,,쉬움
1370,forest,411170201-4630,53,광교산,,0.018,0.02,1,0,,False,,쉬움
1371,forest,411170201-4631,53,광교산,신봉동구간,0.183,0.18,3,2,,False,,쉬움
1372,forest,411170201-4632,53,광교산,,0.286,0.29,5,4,,False,,쉬움
1373,forest,411170201-4633,53,광교산,풍덕천동구간,0.137,0.14,2,2,,False,,쉬움
1374,forest,411170201-4634,53,광교산,성복동구간,0.117,0.12,2,1,,False,,쉬움
1375,forest,411170201-4635,53,광교산,,0.104,0.1,2,1,,False,,쉬움
1376,forest,411170201-4636,53,광교산,,0.089,0.09,2,1,,False,,쉬움
1377,forest,411170201-4637,53,광교산,,0.173,0.17,3,2,,False,,쉬움
1378,forest,411170201-4638,53,광교산,,0.156,0.16,3,2,,False,,쉬움
1379,forest,411170201-4639,53,광교산,,0.665,0.66,12,8,,False,,쉬움
1380,forest,411170201-4640,53,광교산,성복동구간,0.198,0.2,4,2,,False,,쉬움
1381,forest,411170201-4641,53,광교산,,0.088,0.09,2,1,,False,,쉬움
1382,forest,411170201-4642,53,광교산,,0.15,0.15,3,2,,False,,쉬움
1383,forest,411170201-4643,53,광교산,풍덕천동구간,0.153,0.15,3,2,,False,,쉬움
1384,forest,411170201-4644,53,광교산,성복동구간,0.038,0.04,1,0,,False,,쉬움
1385,forest,411170201-4645,53,광교산,풍덕천동구간,0.093,0.09,2,1,,False,,쉬움
1386,forest,411170201-4646,53,광교산,,0.012,0.01,1,0,,False,,쉬움
1387,forest,411170201-4647,53,광교산,,0.59,0.59,10,7,,False,,쉬움
1388,forest,411170201-4648,53,광교산,성복동구간,0.263,0.26,5,3,,False,,쉬움
1389,forest,411170201-4649,53,광교산,,0.055,0.06,1,1,,False,,쉬움
1390,forest,411170201-4650,53,광교산,,0.177,0.18,3,2,,False,,쉬움
1391,forest,411170201-4651,53,광교산,,0.011,0.01,1,0,,False,,쉬움
1392,forest,411170201-4652,53,광교산,성복동구간,0.038,0.04,1,0,,False,,쉬움
1393,forest,411170201-4653,53,광교산,신봉동구간,0.042,0.04,1,0,,False,,쉬움
1394,forest,411170201-4654,53,광교산,성복동구간,0.05,0.05,1,1,,False,,쉬움
1395,forest,411170201-4655,53,광교산,,0.215,0.21,4,3,,False,,쉬움
1396,forest,411170201-4656,53,광교산,신봉동구간,0.135,0.14,2,2,,False,,쉬움
1397,forest,411170201-4657,53,광교산,,0.038,0.04,1,0,,False,,쉬움
1398,forest,411170201-4658,53,광교산,,0.194,0.19,3,2,,False,,쉬움
1399,forest,411170201-4659,53,광교산,,1.106,1.11,20,14,,False,,쉬움
1400,forest,411170201-4660,53,광교산,,0.34,0.34,6,4,,False,,쉬움
1401,forest,411170201-4713,53,광교산,,0.008,0.01,1,0,,False,,쉬움
1402,forest,411170201-4661,53,광교산,,0.13,0.13,2,2,,False,,쉬움
1403,forest,411170201-4662,53,광교산,풍덕천동구간,0.191,0.19,3,2,,False,,쉬움
1404,forest,411170201-4663,53,광교산,풍덕천동구간,0.142,0.14,2,2,,False,,쉬움
1405,forest,411170201-4664,53,광교산,,0.038,0.04,1,0,,False,,쉬움
1406,forest,411170201-4665,53,광교산,,0.055,0.06,1,1,,False,,쉬움
1407,forest,411170201-4666,53,광교산,,0.183,0.18,3,2,,False,,쉬움
1408,forest,411170201-4667,53,광교산,,0.329,0.33,6,4,,False,,쉬움
1409,forest,411170201-4668,53,광교산,,0.198,0.2,4,2,,False,,쉬움
1410,forest,411170201-4669,53,광교산,풍덕천동구간,0.481,0.48,8,6,,False,,쉬움
1411,forest,411170201-4670,53,광교산,풍덕천동구간,0.266,0.27,5,3,,False,,쉬움
1412,forest,411170201-4671,53,광교산,신봉동구간,0.261,0.26,5,3,,False,,쉬움
1413,forest,411170201-4672,53,광교산,,0.435,0.43,8,5,,False,,쉬움
1414,forest,411170201-4673,53,광교산,,0.152,0.15,3,2,,False,,쉬움
1415,forest,411170201-4674,53,광교산,,0.364,0.36,6,4,,False,,쉬움
1416,forest,411170201-4675,53,광교산,신봉동구간,0.72,0.72,13,9,,False,,쉬움
1417,forest,411170201-4676,53,광교산,풍덕천동구간,0.122,0.12,2,1,,False,,쉬움
1418,forest,411170201-4677,53,광교산,신봉동구간,1.039,1.04,22,16,,False,,쉬움
1419,forest,411170201-4678,53,광교산,,0.311,0.31,5,4,,False,,쉬움
1420,forest,411170201-4679,53,광교산,풍덕천동구간,0.061,0.06,1,1,,False,,쉬움
1421,forest,411170201-4680,53,광교산,,0.232,0.23,4,3,,False,,쉬움
1422,forest,411170201-4681,53,광교산,신봉동구간,0.335,0.34,6,4,,False,,쉬움
1423,forest,411170201-4682,53,광교산,풍덕천동구간,0.062,0.06,1,1,,False,,쉬움
1424,forest,411170201-4683,53,광교산,,0.153,0.15,3,2,,False,,쉬움
1425,forest,411170201-4684,53,광교산,신봉동구간,0.166,0.17,3,2,,False,,쉬움
1426,forest,411170201-4685,53,광교산,신봉동구간,0.125,0.12,2,1,,False,,쉬움
1427,forest,411170201-4686,53,광교산,풍덕천동구간,0.418,0.42,7,5,,False,,쉬움
1428,forest,411170201-4687,53,광교산,,0.023,0.02,1,0,,False,,쉬움
1429,forest,411170201-4688,53,광교산,,0.164,0.16,3,2,,False,,쉬움
1430,forest,411170201-4689,53,광교산,신봉동구간,0.008,0.01,1,0,,False,,쉬움
1431,forest,411170201-4690,53,광교산,,0.059,0.06,1,1,,False,,쉬움
1432,forest,411170201-4691,53,광교산,,0.079,0.08,1,1,,False,,쉬움
1433,forest,411170201-4692,53,광교산,,0.046,0.05,1,1,,False,,쉬움
1434,forest,411170201-4693,53,광교산,,0.062,0.06,1,1,,False,,쉬움
1435,forest,411170201-4694,53,광교산,,0.122,0.12,2,1,,False,,쉬움
1436,forest,411170201-4695,53,광교산,,0.072,0.07,1,1,,False,,쉬움
1437,forest,411170201-4696,53,광교산,신봉동구간,0.161,0.16,3,2,,False,,쉬움
1438,forest,411170201-4697,53,광교산,풍덕천동구간,0.127,0.13,2,2,,False,,쉬움
1439,forest,411170201-4698,53,광교산,,0.37,0.37,7,5,,False,,쉬움
1440,forest,411170201-4699,53,광교산,,0.234,0.23,4,3,,False,,쉬움
1441,forest,411170201-4700,53,광교산,,0.041,0.04,1,0,,False,,쉬움
1442,forest,411170201-4701,53,광교산,,0.044,0.04,1,0,,False,,쉬움
1443,forest,411170201-4702,53,광교산,,0.038,0.04,1,0,,False,,쉬움
1444,forest,411170201-4703,53,광교산,,0.051,0.05,1,1,,False,,쉬움
1445,forest,411170201-4704,53,광교산,,0.066,0.07,1,1,,False,,쉬움
1446,forest,411170201-4705,53,광교산,,0.256,0.26,5,3,,False,,쉬움
1447,forest,411170201-4706,53,광교산,,0.229,0.23,4,3,,False,,쉬움
1448,forest,411170201-4707,53,광교산,,0.031,0.03,1,0,,False,,쉬움
1449,forest,411170201-4708,53,광교산,,0.028,0.03,1,0,,False,,쉬움
1450,forest,411170201-4709,53,광교산,신봉동구간,0.064,0.06,1,1,,False,,쉬움
1451,forest,411170201-4710,53,광교산,,0.051,0.05,1,1,,False,,쉬움
1452,forest,411170201-4711,53,광교산,,0.253,0.25,4,3,,False,,쉬움
1453,forest,411170201-4712,53,광교산,,0.073,0.07,1,1,,False,,쉬움
1454,forest,411170201-4715,53,광교산,,0.148,0.15,3,2,,False,,쉬움
1455,forest,411170201-4716,53,광교산,,0.174,0.17,3,2,,False,,쉬움
1456,forest,411170201-4717,53,광교산,신봉동구간,0.713,0.71,13,9,,False,,쉬움
1457,forest,411170201-4718,53,광교산,,0.071,0.07,1,1,,False,,쉬움
1458,forest,411170201-4719,53,광교산,,0.09,0.09,2,1,,False,,쉬움
1459,forest,411170201-4720,53,광교산,,0.179,0.18,3,2,,False,,쉬움
1460,forest,411170201-4721,53,광교산,풍덕천동구간,0.036,0.04,1,0,,False,,쉬움
1461,forest,411170201-4722,53,광교산,,0.1,0.1,2,1,,False,,쉬움
1462,forest,411170201-4723,53,광교산,,0.186,0.19,3,2,,False,,쉬움
1463,forest,411170201-4724,53,광교산,,0.203,0.2,4,2,,False,,쉬움
1464,forest,411170201-4725,53,광교산,풍덕천동구간,0.025,0.02,1,0,,False,,쉬움
1465,forest,411170201-4726,53,광교산,동천동구간,0.031,0.03,1,0,,False,,쉬움
1466,forest,411170201-4727,53,광교산,,0.073,0.07,1,1,,False,,쉬움
1467,forest,411170201-4728,53,광교산,,0.341,0.34,6,4,,False,,쉬움
1468,forest,411170201-4729,53,광교산,,0.036,0.04,1,0,,False,,쉬움
1469,forest,411170201-4730,53,광교산,동천동구간,0.124,0.12,2,1,,False,,쉬움
1470,forest,411170201-4731,53,광교산,동천동구간,0.037,0.04,1,0,,False,,쉬움
1471,forest,411170201-4732,53,광교산,,0.077,0.08,1,1,,False,,쉬움
1472,forest,411170201-4733,53,광교산,,0.116,0.12,2,1,,False,,쉬움
1473,forest,411170201-4734,53,광교산,,0.164,0.16,3,2,,False,,쉬움
1474,forest,411170201-4735,53,광교산,,0.021,0.02,1,0,,False,,쉬움
1475,forest,411170201-4736,53,광교산,풍덕천동구간,0.26,0.26,5,3,,False,,쉬움
1476,forest,411170201-4737,53,광교산,,0.067,0.07,1,1,,False,,쉬움
1477,forest,411170201-4738,53,광교산,,0.038,0.04,1,0,,False,,쉬움
1478,forest,411170201-4739,53,광교산,,0.106,0.11,2,1,,False,,쉬움
1479,forest,411170201-4740,53,광교산,동천동구간,0.232,0.23,4,3,,False,,쉬움
1480,forest,411170201-4741,53,광교산,동천동구간,0.025,0.02,1,0,,False,,쉬움
1481,forest,411170201-4742,53,광교산,동천동구간,0.16,0.16,3,2,,False,,쉬움
1482,forest,411170201-4743,53,광교산,동천동구간,0.687,0.69,12,9,,False,,쉬움
1483,forest,411170201-4744,53,광교산,,0.168,0.17,3,2,,False,,쉬움
1484,forest,411170201-4745,53,광교산,,0.657,0.66,12,8,,False,,쉬움
1485,forest,411170201-4746,53,광교산,동천동구간,0.082,0.08,1,1,,False,,쉬움
1486,forest,411170201-4747,53,광교산,동천동구간,0.131,0.13,2,2,,False,,쉬움
1487,forest,411170201-4748,53,광교산,동천동구간,0.073,0.07,1,1,,False,,쉬움
1488,forest,411170201-4749,53,광교산,신봉동구간,0.439,0.44,8,5,,False,,쉬움
1489,forest,411170201-4750,53,광교산,신봉동구간,0.765,0.77,14,10,,False,,쉬움
1490,forest,411170201-4751,53,광교산,신봉동구간,0.334,0.33,6,4,,False,,쉬움
1491,forest,411170201-4752,53,광교산,신봉동구간,0.148,0.15,3,2,,False,,쉬움
1492,forest,411170201-4753,53,광교산,,0.44,0.44,8,5,,False,,쉬움
1493,forest,411170201-4754,53,광교산,신봉동구간,0.064,0.06,1,1,,False,,쉬움
1494,forest,411170201-4755,53,광교산,신봉동구간,0.091,0.09,2,1,,False,,쉬움
1495,forest,411170201-4756,53,광교산,신봉동구간,0.066,0.07,1,1,,False,,쉬움
1496,forest,411170201-4757,53,광교산,신봉동구간,0.045,0.05,1,1,,False,,쉬움
1497,forest,411170201-4758,53,광교산,동천동구간,0.245,0.25,4,3,,False,,쉬움
1498,forest,411170201-4759,53,광교산,동천동구간,0.361,0.36,6,4,,False,,쉬움
1499,forest,411170201-4760,53,광교산,동천동구간,0.287,0.29,5,4,,False,,쉬움
1500,forest,411170201-4761,53,광교산,동천동구간,0.087,0.09,2,1,,False,,쉬움
1501,forest,411170201-4762,53,광교산,신봉동구간,0.107,0.11,2,1,,False,,쉬움
1502,forest,411170201-4763,53,광교산,동천동구간,1.106,1.11,20,14,,False,,쉬움
1503,forest,411170201-4764,53,광교산,동천동구간,1.11,1.11,20,14,,False,,쉬움
1504,forest,411170201-4765,53,광교산,동천동구간,0.331,0.33,6,4,,False,,쉬움
1505,forest,411170201-4766,53,광교산,고기동구간,0.943,0.94,17,12,,False,,쉬움
1506,forest,411170201-4767,53,광교산,신봉동구간,0.641,0.64,12,8,,False,,쉬움
1507,forest,411170201-4768,53,광교산,동천동구간,0.597,0.6,11,7,,False,,쉬움
1508,forest,411170201-4769,53,광교산,고기동구간,0.506,0.51,9,6,,False,,쉬움
1509,forest,411170201-4770,53,광교산,고기동구간,0.077,0.08,1,1,,False,,쉬움
1510,forest,411170201-4771,53,광교산,고기동구간,0.51,0.51,9,6,,False,,쉬움
1511,forest,411170201-4772,53,광교산,하광교동구간,0.565,0.56,10,7,,False,,쉬움
1512,forest,411170201-4773,53,광교산,,1.0,1.0,18,12,,False,,쉬움
1513,forest,411170201-4774,53,광교산,하광교동구간,2.419,2.42,43,30,,False,,쉬움
1514,forest,411170201-4775,53,광교산,하광교동구간,0.114,0.11,2,1,,False,,쉬움
1515,forest,411170201-4809,53,광교산,풍덕천동구간,0.122,0.12,2,1,,False,,쉬움
1516,forest,418202901-37731,10,연인산,경반리구간,5.796,5.04,89,62,,False,,쉬움
1517,forest,411170201-4776,53,광교산,상광교동구간,1.426,1.43,25,18,,False,,쉬움
1518,forest,411170201-4777,53,광교산,신봉동구간,0.965,0.97,17,12,,False,,쉬움
1519,forest,411170201-4778,53,광교산,고기동구간,1.304,1.3,23,16,,False,,쉬움
1520,forest,411170201-4779,53,광교산,,0.229,0.23,4,3,,False,,쉬움
1521,forest,411170201-4780,53,광교산,상광교동구간,1.131,1.13,20,14,,False,,쉬움
1522,forest,411170201-4781,53,광교산,동천동구간,0.781,0.78,14,10,,False,,쉬움
1523,forest,411170201-4782,53,광교산,고기동구간,0.393,0.39,7,5,,False,,쉬움
1524,forest,411170201-4805,53,광교산,,0.147,0.15,3,2,,False,,쉬움
1525,forest,411170201-4783,53,광교산,,0.328,0.33,6,4,,False,,쉬움
1526,forest,411170201-4784,53,광교산,신봉동구간,0.855,0.86,15,11,,False,,쉬움
1527,forest,411170201-4785,53,광교산,고기동구간,0.772,0.77,17,12,,False,,쉬움
1528,forest,411170201-4786,53,광교산,고기동구간,0.486,0.49,9,6,,False,,쉬움
1529,forest,411170201-4787,53,광교산,고기동구간,1.452,1.45,26,18,,False,,쉬움
1530,forest,411170201-4788,53,광교산,신봉동구간,0.674,0.67,12,8,,False,,쉬움
1531,forest,411170201-4789,53,광교산,,0.888,0.89,16,11,,False,,쉬움
1532,forest,411170201-4790,53,광교산,,2.431,2.43,43,30,,False,,쉬움
1533,forest,411170201-4791,53,광교산,,0.471,0.47,8,6,,False,,쉬움
1534,forest,411170201-4792,53,광교산,풍덕천동구간,0.193,0.19,3,2,,False,,쉬움
1535,forest,411170201-4793,53,광교산,,0.241,0.24,4,3,,False,,쉬움
1536,forest,411170201-4794,53,광교산,동천동구간,0.4,0.4,7,5,,False,,쉬움
1537,forest,411170201-4795,53,광교산,성복동구간,0.665,0.67,12,8,,False,,쉬움
1538,forest,411170201-4806,53,광교산,,0.098,0.1,2,1,,False,,쉬움
1539,forest,411170201-4796,53,광교산,성복동구간,0.351,0.35,6,4,,False,,쉬움
1540,forest,411170201-4797,53,광교산,하광교동구간,1.327,1.33,23,16,"암반,토사",False,,쉬움
1541,forest,411170201-4798,53,광교산,,2.384,2.39,42,30,,False,,쉬움
1542,forest,411170201-4799,53,광교산,동천동구간,1.239,1.24,22,15,,False,,쉬움
1543,forest,411170201-4800,53,광교산,성복동구간,0.66,0.66,12,8,,False,,쉬움
1544,forest,411170201-4801,53,광교산,신봉동구간,1.195,1.2,21,15,,False,,쉬움
1545,forest,411170201-4802,53,광교산,상현동구간,1.986,1.99,37,26,,False,,쉬움
1546,forest,411170201-4803,53,광교산,풍덕천동구간,0.181,0.18,3,2,,False,,쉬움
1547,forest,411170201-4804,53,광교산,풍덕천동구간,0.187,0.19,3,2,,False,,쉬움
1548,forest,411170201-4807,53,광교산,풍덕천동구간,0.169,0.17,3,2,,False,,쉬움
1549,forest,411170201-4808,53,광교산,고기동구간,1.094,1.09,19,13,,False,,쉬움
1550,forest,411170201-4810,53,광교산,신봉동구간,0.055,0.06,1,1,,False,,쉬움
1551,forest,411170201-4811,53,광교산,,0.249,0.25,4,3,,False,,쉬움
1552,forest,411170201-4812,53,광교산,신봉동구간,0.084,0.08,1,1,,False,,쉬움
1553,forest,411170201-4813,53,광교산,,0.812,0.81,14,10,,False,,쉬움
1554,forest,411170201-4814,53,광교산,,0.091,0.09,2,1,,False,,쉬움
1555,forest,411170201-4815,53,광교산,,0.468,0.47,8,6,,False,,쉬움
1556,forest,411170201-4816,53,광교산,,0.382,0.38,7,5,,False,,쉬움
1557,forest,411170201-4817,53,광교산,고기동구간,0.106,0.11,2,1,,False,,쉬움
1558,forest,411170201-4818,53,광교산,상광교동구간,0.298,0.3,5,4,,False,,쉬움
1559,forest,411170201-4819,53,광교산,,0.775,0.77,14,10,,False,,쉬움
1560,forest,411170201-4820,53,광교산,,0.096,0.1,2,1,,False,,쉬움
1561,forest,411170201-4821,53,광교산,,0.849,0.85,15,11,,False,,쉬움
1562,forest,411170201-4822,53,광교산,,1.0,1.0,18,12,,False,,쉬움
1563,forest,411170201-4844,53,광교산,파장동구간,0.285,0.29,5,4,,False,,쉬움
1564,forest,411170201-4845,53,광교산,파장동구간,0.511,0.51,9,6,,False,,쉬움
1565,forest,411170201-4846,53,광교산,파장동구간,0.619,0.62,11,8,,False,,쉬움
1566,forest,411170201-4847,53,광교산,파장동구간,0.531,0.53,9,7,,False,,쉬움
1567,forest,411170201-4823,53,광교산,,0.343,0.34,6,4,,False,,쉬움
1568,forest,411170201-4824,53,광교산,,0.928,0.93,16,11,,False,,쉬움
1569,forest,411170201-4825,53,광교산,,0.372,0.37,7,5,,False,,쉬움
1570,forest,411170201-4826,53,광교산,,0.078,0.08,1,1,,False,,쉬움
1571,forest,411170201-4827,53,광교산,,0.148,0.15,3,2,,False,,쉬움
1572,forest,411170201-4828,53,광교산,,0.73,0.73,13,9,,False,,쉬움
1573,forest,411170201-4829,53,광교산,,0.544,0.54,10,7,,False,,쉬움
1574,forest,411170201-4830,53,광교산,파장동구간,2.679,2.68,47,33,,False,,쉬움
1575,forest,411170201-4831,53,광교산,,1.851,1.85,33,23,,False,,쉬움
1576,forest,411170201-4832,53,광교산,,0.339,0.34,6,4,,False,,쉬움
1577,forest,411170201-4833,53,광교산,,0.065,0.07,1,1,,False,,쉬움
1578,forest,411170201-4834,53,광교산,신봉동구간,0.041,0.04,1,0,,False,,쉬움
1579,forest,411170201-4835,53,광교산,신봉동구간,0.232,0.23,4,3,,False,,쉬움
1580,forest,411170201-4836,53,광교산,신봉동구간,0.285,0.28,5,3,,False,,쉬움
1581,forest,411170201-4837,53,광교산,하광교동구간,0.674,0.67,14,10,,False,,쉬움
1582,forest,411170201-4838,53,광교산,동천동구간,0.186,0.19,3,2,,False,,쉬움
1583,forest,411170201-4839,53,광교산,동천동구간,0.119,0.12,2,1,,False,,쉬움
1584,forest,411170201-4840,53,광교산,동천동구간,0.061,0.06,1,1,,False,,쉬움
1585,forest,411170201-4841,53,광교산,동천동구간,1.572,1.57,28,19,,False,,쉬움
1586,forest,411170201-4842,53,광교산,동천동구간,0.299,0.3,5,4,,False,,쉬움
1587,forest,411170201-4843,53,광교산,,0.856,0.86,15,11,,False,,쉬움
1588,forest,411170201-4848,53,광교산,,0.091,0.09,2,1,,False,,쉬움
1589,forest,411170201-4849,53,광교산,,0.271,0.27,5,3,,False,,쉬움
1590,forest,411170201-4850,53,광교산,,0.175,0.18,3,2,,False,,쉬움
1591,forest,411170201-4851,53,광교산,,0.272,0.27,5,3,,False,,쉬움
1592,forest,411170201-4852,53,광교산,,0.297,0.3,5,4,,False,,쉬움
1593,forest,411170201-4853,53,광교산,,0.075,0.08,1,1,,False,,쉬움
1594,forest,411170201-4854,53,광교산,,0.159,0.16,3,2,,False,,쉬움
1595,forest,411170201-4855,53,광교산,,0.379,0.38,7,5,,False,,쉬움
1596,forest,411170201-4856,53,광교산,신봉동구간,0.045,0.05,1,1,,False,,쉬움
1597,forest,411170201-4857,53,광교산,,0.385,0.38,7,5,,False,,쉬움
1598,forest,411170201-4858,53,광교산,,0.629,0.63,11,8,,False,,쉬움
1599,forest,411170201-4859,53,광교산,,0.356,0.36,6,4,,False,,쉬움
1600,forest,411170201-4860,53,광교산,동천동구간,0.164,0.16,3,2,,False,,쉬움
1601,forest,411170201-4873,53,광교산,풍덕천동구간,0.07,0.07,1,1,,False,,쉬움
1602,forest,411170201-4861,53,광교산,,0.234,0.23,4,3,,False,,쉬움
1603,forest,411170201-4862,53,광교산,,0.679,0.68,12,8,,False,,쉬움
1604,forest,411170201-4863,53,광교산,,0.67,0.67,12,8,,False,,쉬움
1605,forest,411170201-4864,53,광교산,,0.053,0.05,1,1,,False,,쉬움
1606,forest,411170201-4865,53,광교산,,0.13,0.13,2,2,,False,,쉬움
1607,forest,411170201-4866,53,광교산,,0.078,0.08,1,1,,False,,쉬움
1608,forest,411170201-4867,53,광교산,,0.025,0.03,1,0,,False,,쉬움
1609,forest,411170201-4868,53,광교산,,0.047,0.05,1,1,,False,,쉬움
1610,forest,411170201-4869,53,광교산,,0.046,0.05,1,1,,False,,쉬움
1611,forest,411170201-4870,53,광교산,,0.062,0.06,1,1,,False,,쉬움
1612,forest,411170201-4871,53,광교산,신봉동구간,0.068,0.07,1,1,,False,,쉬움
1613,forest,411170201-4872,53,광교산,,0.145,0.15,3,2,,False,,쉬움
1614,forest,411170201-4874,53,광교산,풍덕천동구간,0.094,0.09,2,1,,False,,쉬움
1615,forest,411170201-4875,53,광교산,풍덕천동구간,0.034,0.03,1,0,,False,,쉬움
1616,forest,411170201-4876,53,광교산,,0.082,0.08,1,1,,False,,쉬움
1617,forest,411170201-4877,53,광교산,,0.033,0.03,1,0,,False,,쉬움
1618,forest,411170201-4878,53,광교산,,0.068,0.07,1,1,,False,,쉬움
1619,forest,411170201-4879,53,광교산,풍덕천동구간,0.025,0.03,1,0,,False,,쉬움
1620,forest,411170201-4880,53,광교산,풍덕천동구간,0.081,0.08,1,1,,False,,쉬움
1621,forest,411170201-4881,53,광교산,풍덕천동구간,0.036,0.04,1,0,,False,,쉬움
1622,forest,411170201-4882,53,광교산,풍덕천동구간,0.102,0.1,2,1,,False,,쉬움
1623,forest,411170201-4883,53,광교산,동천동구간,0.151,0.15,3,2,,False,,쉬움
1624,forest,411170201-4884,53,광교산,,0.079,0.08,1,1,,False,,쉬움
1625,forest,411170201-4885,53,광교산,동천동구간,0.115,0.11,2,1,,False,,쉬움
1626,forest,411170201-4886,53,광교산,동천동구간,0.095,0.09,2,1,,False,,쉬움
1627,forest,411170201-4887,53,광교산,동천동구간,0.052,0.05,1,1,,False,,쉬움
1628,forest,411170201-4888,53,광교산,동천동구간,0.145,0.15,3,2,,False,,쉬움
1629,forest,411170201-4889,53,광교산,동천동구간,0.322,0.32,6,4,,False,,쉬움
1630,forest,411170201-4890,53,광교산,동천동구간,0.129,0.13,2,2,,False,,쉬움
1631,forest,411170201-4891,53,광교산,동천동구간,1.247,1.25,22,15,,False,,쉬움
1632,forest,411170201-4892,53,광교산,동천동구간,0.362,0.36,6,4,,False,,쉬움
1633,forest,411170201-4893,53,광교산,동천동구간,0.054,0.05,1,1,,False,,쉬움
1634,forest,411170201-4894,53,광교산,동천동구간,0.152,0.15,3,2,,False,,쉬움
1635,forest,411170201-4895,53,광교산,동천동구간,0.102,0.1,2,1,,False,,쉬움
1636,forest,418202901-37732,10,연인산,,2.942,2.94,52,36,,False,,쉬움
1637,forest,413600301-3613,31,고래산,월문리구간,1.412,1.41,42,30,,True,,쉬움
1638,forest,413600301-3614,31,고래산,월문리구간,1.02,1.02,31,21,,True,,쉬움
1639,forest,413600301-3615,31,고래산,차산리구간,3.329,3.33,71,50,,False,,쉬움
1640,forest,418300501-3616,31,고래산,일신리구간,4.105,4.11,73,51,,False,,쉬움
1641,forest,418200601-3509,3,고동산,삼회리구간,0.173,0.17,3,2,토사,True,뱀,쉬움
1642,forest,418200601-3510,3,고동산,삼회리구간,0.722,0.72,15,11,토사,True,뱀,쉬움
1643,forest,418200601-3511,3,고동산,삼회리구간,0.764,0.76,13,9,토사,True,뱀,쉬움
1644,forest,418200601-3512,3,고동산,삼회리구간,1.564,1.56,28,19,토사,True,뱀,쉬움
1645,forest,418200601-3513,3,고동산,삼회리구간,3.413,3.41,73,51,토사,True,뱀,쉬움
1646,forest,416100201-2256,20,검단산 (성남/광주),산성리구간,5.181,5.18,97,68,,False,,쉬움
1647,forest,414500201-2244,126,검단산 (하남/광주),창우동구간,0.035,0.04,1,0,,False,,쉬움
1648,forest,414500201-2246,126,검단산 (하남/광주),,0.443,0.44,8,5,,False,,쉬움
1649,forest,414500201-2247,126,검단산 (하남/광주),,0.08,0.08,1,1,,False,,쉬움
1650,forest,414500201-2248,126,검단산 (하남/광주),,1.935,1.94,34,24,,False,,쉬움
1651,forest,414500201-2249,126,검단산 (하남/광주),,0.032,0.03,1,0,,False,,쉬움
1652,forest,414500201-2250,126,검단산 (하남/광주),창우동구간,0.801,0.8,14,10,,False,,쉬움
1653,forest,414500201-2251,126,검단산 (하남/광주),창우동구간,0.906,0.91,16,11,,False,,쉬움
1654,forest,414500201-2252,126,검단산 (하남/광주),배알미동구간,2.527,2.53,45,31,,False,,쉬움
1655,forest,414500201-2253,126,검단산 (하남/광주),배알미동구간,3.876,3.88,146,102,,False,,쉬움
1656,forest,414500201-2254,126,검단산 (하남/광주),창우동구간,1.114,1.11,20,14,,False,,쉬움
1657,forest,414500201-2255,126,검단산 (하남/광주),하산곡동구간,2.375,2.38,89,62,,False,,쉬움
1658,forest,418202901-37733,10,연인산,상판리구간,3.144,3.15,56,39,,False,,쉬움
1659,forest,418300101-873,73,갈기산 (강원/경기),신론리구간,1.503,1.51,45,32,,False,,쉬움
1660,forest,418202901-37734,10,연인산,상판리구간,3.535,3.54,133,93,,False,,쉬움
1661,forest,418202901-37735,10,연인산,,0.932,0.93,16,11,,False,,쉬움
1662,forest,414800101-1113,111,감악산 (경기),신암리구간,2.729,2.73,59,41,,False,,쉬움
1663,forest,414800101-1114,111,감악산 (경기),신산리구간,5.133,5.14,91,63,,False,,쉬움
1664,forest,414800101-1115,111,감악산 (경기),,3.33,3.33,59,41,,False,,쉬움
1665,forest,414800101-1116,111,감악산 (경기),,1.714,1.71,30,21,,False,,쉬움
1666,forest,414800101-1117,111,감악산 (경기),설마리구간,1.426,1.43,54,38,,False,,쉬움
1667,forest,414800101-1118,111,감악산 (경기),객현리구간,1.198,1.2,21,15,,False,,쉬움
1668,forest,414800101-1119,111,감악산 (경기),황방리구간,1.181,1.18,21,15,,False,,쉬움
1669,forest,414800101-1120,111,감악산 (경기),설마리구간,2.116,2.12,37,26,,False,,쉬움
1670,forest,414800101-1121,111,감악산 (경기),,0.118,0.12,2,1,,False,,쉬움
1671,forest,414800101-1122,111,감악산 (경기),,1.058,1.06,19,13,,False,,쉬움
1672,forest,414800101-1123,111,감악산 (경기),객현리구간,2.208,2.21,39,27,,False,,쉬움
1673,forest,414800101-1124,111,감악산 (경기),객현리구간,2.396,2.4,42,30,,False,,쉬움
1674,forest,414800101-1125,111,감악산 (경기),신암리구간,1.107,1.11,20,14,,False,,쉬움
1675,forest,414800101-1126,111,감악산 (경기),설마리구간,1.472,1.47,26,18,,False,,쉬움
1676,forest,414800101-1127,111,감악산 (경기),설마리구간,0.979,0.98,17,12,,False,,쉬움
1677,forest,414800101-1128,111,감악산 (경기),설마리구간,0.019,0.02,1,0,,False,,쉬움
1678,forest,414800101-1129,111,감악산 (경기),설마리구간,0.583,0.58,10,7,,False,,쉬움
1679,forest,414800101-1130,111,감악산 (경기),설마리구간,0.061,0.06,1,1,,False,,쉬움
1680,forest,414800101-1131,111,감악산 (경기),,0.089,0.09,2,1,,False,,쉬움
1681,forest,414800101-1132,111,감악산 (경기),,0.988,0.99,17,12,,False,,쉬움
1682,forest,414800101-1133,111,감악산 (경기),,0.213,0.21,4,3,,False,,쉬움
1683,forest,414800101-1134,111,감악산 (경기),,0.074,0.07,1,1,,False,,쉬움
1684,forest,414800101-1135,111,감악산 (경기),,0.139,0.14,2,2,,False,,쉬움
1685,forest,414800101-1136,111,감악산 (경기),,0.108,0.11,2,1,,False,,쉬움
1686,forest,414800101-1137,111,감악산 (경기),,0.047,0.05,1,1,,False,,쉬움
1687,forest,414800101-1138,111,감악산 (경기),,0.07,0.07,1,1,,False,,쉬움
1688,forest,414800101-1139,111,감악산 (경기),,0.025,0.02,1,0,,False,,쉬움
1689,forest,414800101-1140,111,감악산 (경기),객현리구간,0.032,0.03,1,0,,False,,쉬움
1690,forest,414800101-1141,111,감악산 (경기),객현리구간,0.024,0.02,1,0,,False,,쉬움
1691,forest,414800101-1142,111,감악산 (경기),신암리구간,0.067,0.07,1,1,,False,,쉬움
1692,forest,414800101-1143,111,감악산 (경기),,0.11,0.11,2,1,,False,,쉬움
1693,forest,414800101-1144,111,감악산 (경기),,0.177,0.18,3,2,,False,,쉬움
1694,forest,414800101-1145,111,감악산 (경기),,0.062,0.06,1,1,,False,,쉬움
1695,forest,418300101-870,73,갈기산 (강원/경기),유목정리구간,1.607,1.86,40,28,,False,,쉬움
1696,forest,418300101-871,73,갈기산 (강원/경기),신론리구간,1.538,1.54,39,27,,False,,쉬움
1697,forest,418300101-872,73,갈기산 (강원/경기),신론리구간,1.704,1.71,64,45,,False,,쉬움
1698,forest,418202901-37736,10,연인산,,2.427,2.43,43,30,,False,,쉬움
1699,forest,414604801-54092,101,향수산,문형리구간,0.096,0.1,2,1,,False,,쉬움
1700,forest,416302301-27790,70,불곡산 (양주),,0.085,0.08,1,1,,False,,쉬움
1701,forest,416302301-27768,70,불곡산 (양주),유양동구간,1.314,1.31,33,23,,False,,쉬움
1702,forest,416302301-27769,70,불곡산 (양주),남방동구간,0.385,0.39,7,5,,False,,쉬움
1703,forest,416302301-27770,70,불곡산 (양주),마전동구간,0.652,0.65,11,8,,False,,쉬움
1704,forest,416302301-27771,70,불곡산 (양주),유양동구간,0.274,0.27,5,3,,False,,쉬움
1705,forest,416302301-27772,70,불곡산 (양주),,0.989,0.99,17,12,,False,,쉬움
1706,forest,416302301-27773,70,불곡산 (양주),,1.287,1.29,23,16,,False,,쉬움
1707,forest,416302301-27774,70,불곡산 (양주),,0.415,0.41,7,5,,False,,쉬움
1708,forest,416302301-27775,70,불곡산 (양주),,0.204,0.2,4,2,,False,,쉬움
1709,forest,416302301-27776,70,불곡산 (양주),,1.052,1.05,19,13,,False,,쉬움
1710,forest,416302301-27777,70,불곡산 (양주),,0.296,0.3,5,4,,False,,쉬움
1711,forest,416302301-27778,70,불곡산 (양주),,0.136,0.14,2,2,,False,,쉬움
1712,forest,416302301-27779,70,불곡산 (양주),,0.203,0.2,4,2,,False,,쉬움
1713,forest,416302301-27780,70,불곡산 (양주),,0.132,0.13,2,2,,False,,쉬움
1714,forest,416302301-27781,70,불곡산 (양주),,0.246,0.25,4,3,,False,,쉬움
1715,forest,416302301-27782,70,불곡산 (양주),,0.281,0.28,5,3,,False,,쉬움
1716,forest,416302301-27783,70,불곡산 (양주),방성리구간,0.86,0.86,16,11,,False,,쉬움
1717,forest,416302301-27784,70,불곡산 (양주),,0.459,0.46,8,6,,False,,쉬움
1718,forest,416302301-27785,70,불곡산 (양주),,0.077,0.08,1,1,,False,,쉬움
1719,forest,416302301-27786,70,불곡산 (양주),,0.617,0.62,11,8,,False,,쉬움
1720,forest,416302301-27787,70,불곡산 (양주),,0.039,0.04,1,0,,False,,쉬움
1721,forest,416302301-27788,70,불곡산 (양주),,0.208,0.21,4,3,,False,,쉬움
1722,forest,416302301-27789,70,불곡산 (양주),,0.148,0.15,3,2,,False,,쉬움
1723,forest,416302301-27791,70,불곡산 (양주),,0.225,0.22,4,3,,False,,쉬움
1724,forest,416302301-27792,70,불곡산 (양주),,0.481,0.48,8,6,,False,,쉬움
1725,forest,416302301-27793,70,불곡산 (양주),,0.336,0.34,6,4,,False,,쉬움
1726,forest,416302301-27794,70,불곡산 (양주),산북동구간,1.846,1.85,33,23,,False,,쉬움
1727,forest,416302301-27795,70,불곡산 (양주),,0.694,0.69,12,9,,False,,쉬움
1728,forest,416302301-27796,70,불곡산 (양주),방성리구간,1.988,1.99,35,25,,False,,쉬움
1729,forest,416302301-27797,70,불곡산 (양주),,0.848,0.85,15,11,,False,,쉬움
1730,forest,416302301-27798,70,불곡산 (양주),,0.875,0.88,16,11,,False,,쉬움
1731,forest,416302301-27799,70,불곡산 (양주),방성리구간,0.691,0.69,13,9,,False,,쉬움
1732,forest,416302301-27800,70,불곡산 (양주),,0.743,0.74,13,9,,False,,쉬움
1733,forest,416302301-27801,70,불곡산 (양주),,0.148,0.15,3,2,,False,,쉬움
1734,forest,416302301-57037,70,불곡산 (양주),,1.345,0.0,0,0,,False,,
1735,forest,416302301-57038,70,불곡산 (양주),,0.096,0.0,0,0,,False,,
1736,forest,416302301-57039,70,불곡산 (양주),,0.515,0.0,0,0,,False,,
1737,forest,416302301-57040,70,불곡산 (양주),,1.237,0.0,0,0,,False,,
1738,forest,418204401-55108,15,화야산,,1.012,1.01,18,12,,False,,쉬움
1739,forest,414604801-54093,101,향수산,문형리구간,0.118,0.12,2,1,,False,,쉬움
1740,forest,418204401-55109,15,화야산,,1.305,1.31,23,16,,False,,쉬움
1741,forest,418204401-55107,15,화야산,,0.679,0.68,12,8,,True,,쉬움
1742,forest,418204401-55110,15,화야산,삼회리구간,2.615,2.62,56,39,,False,,쉬움
1743,forest,418204401-55111,15,화야산,,0.844,0.84,15,10,,False,,쉬움
1744,forest,418204401-55112,15,화야산,,0.504,0.5,9,6,,False,,쉬움
1745,forest,418204401-55113,15,화야산,,3.371,3.37,59,42,,False,,쉬움
1746,forest,418204401-55114,15,화야산,,0.089,0.09,2,1,,False,,쉬움
1747,forest,418204401-55115,15,화야산,회곡리구간,2.665,2.67,47,33,,False,,쉬움
1748,forest,418204401-55116,15,화야산,,0.272,0.27,5,3,,False,,쉬움
1749,forest,418204401-55117,15,화야산,,1.273,1.27,22,16,,False,,쉬움
1750,forest,418204401-55118,15,화야산,회곡리구간,0.775,0.78,23,16,,False,,중간
1751,forest,418204401-55119,15,화야산,회곡리구간,1.766,1.77,31,22,,False,,쉬움
1752,forest,418204401-55120,15,화야산,삼회리구간,2.911,2.91,62,44,,False,,쉬움
1753,forest,418204401-55121,15,화야산,수입리구간,0.955,0.96,17,12,,False,,쉬움
1754,forest,418204401-55122,15,화야산,,0.994,0.99,17,12,,False,,쉬움
1755,forest,418204401-55123,15,화야산,,1.247,1.25,22,15,,False,,쉬움
1756,forest,418204301-54998,14,화악산 (경기/강원),,0.793,0.79,14,10,,False,,쉬움
1757,forest,418204301-55000,14,화악산 (경기/강원),화악리구간,2.678,2.68,101,70,,False,,쉬움
1758,forest,418204301-55001,14,화악산 (경기/강원),,0.022,1.33,23,16,,False,,쉬움
1759,forest,418204301-55006,14,화악산 (경기/강원),,0.073,0.07,1,1,,False,,쉬움
1760,forest,418204301-55007,14,화악산 (경기/강원),,2.588,2.59,97,68,,False,,쉬움
1761,forest,418204301-55008,14,화악산 (경기/강원),,0.045,0.04,1,0,,False,,쉬움
1762,forest,418204301-55009,14,화악산 (경기/강원),,0.433,0.43,8,5,,False,,쉬움
1763,forest,418204301-55010,14,화악산 (경기/강원),,0.846,0.85,15,11,,False,,쉬움
1764,forest,418204301-55011,14,화악산 (경기/강원),,2.357,2.36,42,29,,False,,쉬움
1765,forest,418204301-55012,14,화악산 (경기/강원),,0.172,0.17,3,2,,False,,쉬움
1766,forest,418204301-55013,14,화악산 (경기/강원),,3.704,3.79,67,47,,False,,쉬움
1767,forest,418204301-55016,14,화악산 (경기/강원),적목리구간,1.433,1.43,36,25,,False,,쉬움
1768,forest,418204301-55017,14,화악산 (경기/강원),적목리구간,0.626,0.63,12,8,,False,,쉬움
1769,forest,418204301-55018,14,화악산 (경기/강원),,0.038,0.04,1,0,,False,,쉬움
1770,forest,418204301-55019,14,화악산 (경기/강원),적목리구간,1.596,1.6,40,28,,False,,쉬움
1771,forest,418204301-55020,14,화악산 (경기/강원),,0.318,0.32,6,4,,False,,쉬움
1772,forest,418204301-55021,14,화악산 (경기/강원),,0.574,0.57,11,7,,False,,쉬움
1773,forest,418204301-55022,14,화악산 (경기/강원),적목리구간,0.262,0.26,5,3,,False,,쉬움
1774,forest,418204301-55023,14,화악산 (경기/강원),,0.404,0.4,7,5,,False,,쉬움
1775,forest,418204301-55024,14,화악산 (경기/강원),,0.352,0.35,6,4,,False,,쉬움
1776,forest,418204301-55025,14,화악산 (경기/강원),,4.598,4.6,81,57,,False,,쉬움
1777,forest,418204301-55026,14,화악산 (경기/강원),,3.841,3.84,68,47,,False,,쉬움
1778,forest,418204301-55027,14,화악산 (경기/강원),,0.349,0.35,6,4,,False,,쉬움
1779,forest,418204301-55028,14,화악산 (경기/강원),화악리구간,5.541,5.54,98,68,,False,,쉬움
1780,forest,418204301-55029,14,화악산 (경기/강원),화악리구간,1.671,1.67,36,25,,False,,쉬움
1781,forest,414604801-54074,101,향수산,,0.26,0.26,5,3,,False,,쉬움
1782,forest,414604801-54075,101,향수산,,0.168,0.17,3,2,,False,,쉬움
1783,forest,414604801-54076,101,향수산,동림리구간,0.674,0.67,13,9,,False,,쉬움
1784,forest,414604801-54062,101,향수산,유운리구간,6.079,6.08,107,75,,False,,쉬움
1785,forest,414604801-54063,101,향수산,,0.44,0.44,8,5,,False,,쉬움
1786,forest,414604801-54064,101,향수산,,0.592,0.59,10,7,,False,,쉬움
1787,forest,414604801-54065,101,향수산,신원리구간,1.886,1.89,33,23,,False,,쉬움
1788,forest,414604801-54066,101,향수산,,0.263,0.26,5,3,,False,,쉬움
1789,forest,414604801-54067,101,향수산,,0.587,0.59,10,7,,False,,쉬움
1790,forest,414604801-54068,101,향수산,,0.512,0.51,9,6,,False,,쉬움
1791,forest,414604801-54069,101,향수산,,0.311,0.31,5,4,,False,,쉬움
1792,forest,414604801-54070,101,향수산,,0.33,0.33,6,4,,False,,쉬움
1793,forest,414604801-54071,101,향수산,,0.287,0.29,5,4,,False,,쉬움
1794,forest,414604801-54072,101,향수산,,0.106,0.11,2,1,,False,,쉬움
1795,forest,414604801-54073,101,향수산,,0.071,0.07,1,1,,False,,쉬움
1796,forest,414604801-54077,101,향수산,,0.924,0.92,16,11,,False,,쉬움
1797,forest,414604801-54078,101,향수산,매산리구간,0.746,0.75,13,9,,False,,쉬움
1798,forest,414604801-54079,101,향수산,,0.321,0.32,6,4,,False,,쉬움
1799,forest,414604801-54080,101,향수산,,0.091,0.09,2,1,,False,,쉬움
1800,forest,414604801-54081,101,향수산,동림리구간,0.591,0.59,10,7,,False,,쉬움
1801,forest,414604801-54082,101,향수산,매산리구간,0.18,0.18,3,2,,False,,쉬움
1802,forest,414604801-54083,101,향수산,,0.339,0.34,6,4,,False,,쉬움
1803,forest,414604801-54084,101,향수산,,0.106,0.11,2,1,,False,,쉬움
1804,forest,414604801-54085,101,향수산,동림리구간,0.634,0.63,11,8,,False,,쉬움
1805,forest,414604801-54086,101,향수산,,0.046,0.05,1,1,,False,,쉬움
1806,forest,414604801-54087,101,향수산,,0.104,0.1,2,1,,False,,쉬움
1807,forest,414604801-54088,101,향수산,,0.167,0.17,3,2,,False,,쉬움
1808,forest,414604801-54089,101,향수산,,0.146,0.15,3,2,,False,,쉬움
1809,forest,414604801-54090,101,향수산,문형리구간,0.649,0.65,11,8,,False,,쉬움
1810,forest,414604801-54091,101,향수산,,0.157,0.16,3,2,,False,,쉬움
1811,forest,414604801-54094,101,향수산,,0.87,0.87,15,11,,False,,쉬움
1812,forest,414604801-54095,101,향수산,매산리구간,0.21,0.21,4,3,,False,,쉬움
1813,forest,414604801-54096,101,향수산,,0.859,0.86,15,11,,False,,쉬움
1814,forest,414604801-54097,101,향수산,동림리구간,1.112,1.11,20,14,,False,,쉬움
1815,forest,414604801-54098,101,향수산,,0.175,0.17,3,2,,False,,쉬움
1816,forest,414604801-54099,101,향수산,,0.11,0.11,2,1,,False,,쉬움
1817,forest,414604801-54100,101,향수산,,0.064,0.06,1,1,,False,,쉬움
1818,forest,414604801-54101,101,향수산,,0.036,0.04,1,0,,False,,쉬움
1819,forest,414604801-54102,101,향수산,,0.2,0.2,4,2,,False,,쉬움
1820,forest,414604801-54103,101,향수산,,0.104,0.1,2,1,,False,,쉬움
1821,forest,414604801-54104,101,향수산,,0.166,0.17,3,2,,False,,쉬움
1822,forest,412500501-53951,40,해룡산 (동두천/포천),,1.407,1.41,25,17,,False,,쉬움
1823,forest,412500501-53952,40,해룡산 (동두천/포천),동교동구간,0.651,0.65,12,9,,False,,쉬움
1824,forest,412500501-53953,40,해룡산 (동두천/포천),회암동구간,0.575,0.57,11,7,,False,,쉬움
1825,forest,412500501-53954,40,해룡산 (동두천/포천),동교동구간,0.97,0.97,17,12,,False,,쉬움
1826,forest,412500501-53955,40,해룡산 (동두천/포천),,0.274,0.27,5,3,,False,,쉬움
1827,forest,412500501-53956,40,해룡산 (동두천/포천),,0.614,0.61,11,8,,False,,쉬움
1828,forest,412500501-53957,40,해룡산 (동두천/포천),,0.584,0.58,10,7,,False,,쉬움
1829,forest,412500501-53958,40,해룡산 (동두천/포천),탑동동구간,4.031,4.03,71,50,,False,,쉬움
1830,forest,416301201-28982,71,사패산,가능동구간,1.478,1.48,26,18,,False,,쉬움
1831,forest,412202101-52242,115,팔룡산,내가천리구간,0.127,0.13,2,2,,False,,쉬움
1832,forest,414603201-50255,99,청명산 (수원/용인),하갈동구간,0.171,0.17,3,2,,False,,쉬움
1833,forest,412202101-52238,115,팔룡산,,0.112,0.11,2,1,,False,,쉬움
1834,forest,412202101-52239,115,팔룡산,도일동구간,0.121,0.12,2,1,,False,,쉬움
1835,forest,412202101-52240,115,팔룡산,도일동구간,0.059,0.06,1,1,,False,,쉬움
1836,forest,412202101-52241,115,팔룡산,내가천리구간,0.205,0.21,4,3,,False,,쉬움
1837,forest,412202101-52243,115,팔룡산,,0.354,0.35,6,4,,False,,쉬움
1838,forest,412202101-52244,115,팔룡산,내가천리구간,0.06,0.06,1,1,,False,,쉬움
1839,forest,412202101-52245,115,팔룡산,,0.454,0.45,8,6,,False,,쉬움
1840,forest,412202101-52246,115,팔룡산,내가천리구간,0.137,0.14,2,2,,False,,쉬움
1841,forest,412202101-52247,115,팔룡산,,0.026,0.03,1,0,,False,,쉬움
1842,forest,412202101-52248,115,팔룡산,,0.144,0.14,2,2,,False,,쉬움
1843,forest,412202101-52249,115,팔룡산,,0.056,0.06,1,1,,False,,쉬움
1844,forest,412202101-52250,115,팔룡산,,0.577,0.58,10,7,,False,,쉬움
1845,forest,412202101-52251,115,팔룡산,내가천리구간,0.248,0.25,4,3,,False,,쉬움
1846,forest,412202101-52252,115,팔룡산,,0.041,0.04,1,0,,False,,쉬움
1847,forest,412202101-52253,115,팔룡산,내가천리구간,0.154,0.15,3,2,,False,,쉬움
1848,forest,412202101-52254,115,팔룡산,,0.719,0.72,13,9,,False,,쉬움
1849,forest,412202101-52255,115,팔룡산,내가천리구간,0.86,0.86,15,11,,False,,쉬움
1850,forest,412202101-52256,115,팔룡산,,0.274,0.27,5,3,,False,,쉬움
1851,forest,412202101-52257,115,팔룡산,,0.526,0.53,9,7,,False,,쉬움
1852,forest,412202101-52258,115,팔룡산,지문리구간,0.696,0.7,12,9,,False,,쉬움
1853,forest,412202101-52259,115,팔룡산,,0.896,0.9,16,11,,False,,쉬움
1854,forest,412202101-52260,115,팔룡산,,0.164,0.16,3,2,,False,,쉬움
1855,forest,412202101-52261,115,팔룡산,도일동구간,0.643,0.64,11,8,,False,,쉬움
1856,forest,416102501-51600,26,태화산 (경기),,0.052,0.05,1,1,,False,,쉬움
1857,forest,416701701-26712,85,북성산,,0.746,0.75,13,9,,False,,쉬움
1858,forest,416102501-51565,26,태화산 (경기),추곡리구간,1.072,1.07,20,14,,False,,쉬움
1859,forest,416102501-51566,26,태화산 (경기),,1.707,1.71,30,21,,False,,쉬움
1860,forest,416102501-51567,26,태화산 (경기),추곡리구간,1.363,1.36,51,36,,False,,쉬움
1861,forest,416102501-51568,26,태화산 (경기),추곡리구간,1.247,1.25,47,33,,False,,쉬움
1862,forest,416102501-51569,26,태화산 (경기),상림리구간,1.296,1.3,23,16,,False,,쉬움
1863,forest,416102501-51570,26,태화산 (경기),,0.728,0.73,13,9,,False,,쉬움
1864,forest,416102501-51571,26,태화산 (경기),,0.478,0.48,8,6,,False,,쉬움
1865,forest,416102501-51572,26,태화산 (경기),,3.613,3.61,64,45,,False,,쉬움
1866,forest,416102501-51573,26,태화산 (경기),금어리구간,2.033,2.03,44,30,,False,,쉬움
1867,forest,416102501-51574,26,태화산 (경기),,0.081,0.08,1,1,,False,,쉬움
1868,forest,416102501-51575,26,태화산 (경기),고림동구간,1.458,1.46,26,18,,False,,쉬움
1869,forest,416102501-51576,26,태화산 (경기),고림동구간,0.214,0.21,4,3,,False,,쉬움
1870,forest,416102501-51577,26,태화산 (경기),,0.848,0.85,15,11,,False,,쉬움
1871,forest,416102501-51578,26,태화산 (경기),주북리구간,0.256,0.26,5,3,,False,,쉬움
1872,forest,416102501-51579,26,태화산 (경기),금어리구간,0.519,0.52,9,6,,False,,쉬움
1873,forest,416102501-51580,26,태화산 (경기),,0.159,0.16,3,2,,False,,쉬움
1874,forest,416102501-51581,26,태화산 (경기),,0.176,0.18,3,2,,False,,쉬움
1875,forest,416102501-51582,26,태화산 (경기),,0.161,0.16,3,2,,False,,쉬움
1876,forest,416102501-51583,26,태화산 (경기),,0.231,0.23,4,3,,False,,쉬움
1877,forest,416102501-51584,26,태화산 (경기),,0.824,0.82,14,10,,False,,쉬움
1878,forest,416102501-51585,26,태화산 (경기),,0.393,0.39,7,5,,False,,쉬움
1879,forest,416102501-51586,26,태화산 (경기),,0.21,0.21,4,3,,False,,쉬움
1880,forest,416102501-51587,26,태화산 (경기),유정리구간,0.579,0.58,10,7,,False,,쉬움
1881,forest,414603201-50284,99,청명산 (수원/용인),영덕동구간,0.158,0.16,3,2,,False,,쉬움
1882,forest,416102501-51588,26,태화산 (경기),유정리구간,0.481,0.48,8,6,,False,,쉬움
1883,forest,416102501-51589,26,태화산 (경기),,0.331,0.33,6,4,,False,,쉬움
1884,forest,416102501-51590,26,태화산 (경기),,0.616,0.62,11,8,,False,,쉬움
1885,forest,416102501-51591,26,태화산 (경기),,0.703,0.7,12,9,,False,,쉬움
1886,forest,416102501-51592,26,태화산 (경기),,0.616,0.62,11,8,,False,,쉬움
1887,forest,416102501-51593,26,태화산 (경기),,0.877,0.88,16,11,,False,,쉬움
1888,forest,416102501-51594,26,태화산 (경기),,1.34,1.34,24,17,,False,,쉬움
1889,forest,416102501-51595,26,태화산 (경기),,0.631,0.63,11,8,,False,,쉬움
1890,forest,416102501-51596,26,태화산 (경기),,0.354,0.35,6,4,,False,,쉬움
1891,forest,416102501-51597,26,태화산 (경기),,0.203,0.2,4,2,,False,,쉬움
1892,forest,416102501-51598,26,태화산 (경기),,0.121,0.12,2,1,,False,,쉬움
1893,forest,416102501-51599,26,태화산 (경기),,0.059,0.06,1,1,,False,,쉬움
1894,forest,414603201-50285,99,청명산 (수원/용인),,0.104,0.1,2,1,,False,,쉬움
1895,forest,416102501-51601,26,태화산 (경기),대대리구간,0.554,0.55,10,7,,False,,쉬움
1896,forest,416102501-51602,26,태화산 (경기),대대리구간,0.998,1.0,25,18,,False,,쉬움
1897,forest,416102501-51603,26,태화산 (경기),금어리구간,0.658,0.66,12,9,,False,,쉬움
1898,forest,416102501-51604,26,태화산 (경기),금어리구간,0.709,0.71,13,9,,False,,쉬움
1899,forest,418203901-50934,12,축령산 (경기),외방리구간,0.173,0.17,3,2,,False,,쉬움
1900,forest,418203901-50935,12,축령산 (경기),,2.458,2.46,43,30,,False,,쉬움
1901,forest,414603201-50256,99,청명산 (수원/용인),,0.247,0.25,4,3,,False,,쉬움
1902,forest,416701701-26713,85,북성산,,1.262,1.26,22,16,,False,,쉬움
1903,forest,411170701-51030,55,칠보산 (경기),호매실동구간,0.092,0.09,2,1,,False,,쉬움
1904,forest,414603201-50257,99,청명산 (수원/용인),,0.024,0.02,1,0,,False,,쉬움
1905,forest,411170701-51031,55,칠보산 (경기),,0.307,0.31,5,4,,False,,쉬움
1906,forest,411170701-51032,55,칠보산 (경기),호매실동구간,0.219,0.22,4,3,,False,,쉬움
1907,forest,411170701-51033,55,칠보산 (경기),금곡동구간,0.734,0.73,13,9,,False,,쉬움
1908,forest,411170701-51034,55,칠보산 (경기),,0.387,0.39,7,5,,False,,쉬움
1909,forest,411170701-51035,55,칠보산 (경기),금곡동구간,0.472,0.47,8,6,,False,,쉬움
1910,forest,411170701-51036,55,칠보산 (경기),,0.566,0.57,10,7,,False,,쉬움
1911,forest,411170701-51037,55,칠보산 (경기),당수동구간,0.765,0.77,14,10,,False,,쉬움
1912,forest,411170701-51038,55,칠보산 (경기),당수동구간,0.724,0.72,14,9,,False,,쉬움
1913,forest,411170701-51039,55,칠보산 (경기),천천리구간,0.445,0.44,8,5,,False,,쉬움
1914,forest,411170701-51040,55,칠보산 (경기),천천리구간,0.062,0.06,1,1,,False,,쉬움
1915,forest,411170701-51041,55,칠보산 (경기),천천리구간,0.193,0.19,3,2,,False,,쉬움
1916,forest,411170701-51042,55,칠보산 (경기),원평리구간,0.09,0.09,2,1,,False,,쉬움
1917,forest,411170701-51043,55,칠보산 (경기),원평리구간,0.27,0.27,5,3,,False,,쉬움
1918,forest,411170701-51044,55,칠보산 (경기),,0.654,0.65,11,8,,False,,쉬움
1919,forest,411170701-51045,55,칠보산 (경기),,0.505,0.51,9,6,,False,,쉬움
1920,forest,411170701-51046,55,칠보산 (경기),,0.762,0.76,13,9,,False,,쉬움
1921,forest,411170701-51047,55,칠보산 (경기),,0.464,0.46,8,6,,False,,쉬움
1922,forest,411170701-51048,55,칠보산 (경기),천천리구간,0.6,0.6,11,7,,False,,쉬움
1923,forest,411170701-51049,55,칠보산 (경기),,0.185,0.19,3,2,,False,,쉬움
1924,forest,411170701-51050,55,칠보산 (경기),,0.551,0.55,10,7,,False,,쉬움
1925,forest,411170701-51051,55,칠보산 (경기),,0.029,0.03,1,0,,False,,쉬움
1926,forest,411170701-51052,55,칠보산 (경기),원평리구간,1.128,1.13,28,20,,False,,쉬움
1927,forest,411170701-51053,55,칠보산 (경기),원평리구간,1.68,1.68,30,21,,False,,쉬움
1928,forest,411170701-51054,55,칠보산 (경기),,0.006,0.01,1,0,,False,,쉬움
1929,forest,411170701-51055,55,칠보산 (경기),,1.077,1.08,19,13,,False,,쉬움
1930,forest,411170701-51056,55,칠보산 (경기),,0.558,0.56,10,7,,False,,쉬움
1931,forest,411170701-51057,55,칠보산 (경기),,1.489,1.49,26,18,,False,,쉬움
1932,forest,411170701-51058,55,칠보산 (경기),당수동구간,1.222,0.65,11,8,,False,,쉬움
1933,forest,411170701-51059,55,칠보산 (경기),,0.804,0.8,14,10,,False,,쉬움
1934,forest,411170701-51060,55,칠보산 (경기),천천리구간,1.275,1.28,23,16,,False,,쉬움
1935,forest,418203901-50930,12,축령산 (경기),,2.21,2.21,39,27,,False,,쉬움
1936,forest,418203901-50931,12,축령산 (경기),외방리구간,2.416,2.42,91,64,,False,,쉬움
1937,forest,418203901-50932,12,축령산 (경기),외방리구간,0.274,0.27,5,3,,False,,쉬움
1938,forest,418203901-50933,12,축령산 (경기),외방리구간,0.322,0.32,6,4,,False,,쉬움
1939,forest,414603201-50258,99,청명산 (수원/용인),,0.188,0.19,3,2,,False,,쉬움
1940,forest,414603201-50246,99,청명산 (수원/용인),영통동구간,0.079,0.08,1,1,,False,,쉬움
1941,forest,414603201-50247,99,청명산 (수원/용인),영통동구간,0.034,0.03,1,0,,False,,쉬움
1942,forest,414603201-50248,99,청명산 (수원/용인),,0.03,0.03,1,0,,False,,쉬움
1943,forest,414603201-50249,99,청명산 (수원/용인),,0.107,0.11,2,1,,False,,쉬움
1944,forest,414603201-50250,99,청명산 (수원/용인),,0.125,0.13,2,2,,False,,쉬움
1945,forest,414603201-50251,99,청명산 (수원/용인),하갈동구간,0.447,0.45,8,6,,False,,쉬움
1946,forest,414603201-50252,99,청명산 (수원/용인),하갈동구간,0.359,0.36,6,4,,False,,쉬움
1947,forest,414603201-50253,99,청명산 (수원/용인),,0.536,0.54,10,7,,False,,쉬움
1948,forest,414603201-50254,99,청명산 (수원/용인),,0.188,0.19,3,2,,False,,쉬움
1949,forest,414603201-50260,99,청명산 (수원/용인),,0.265,0.26,5,3,,False,,쉬움
1950,forest,414603201-50261,99,청명산 (수원/용인),하갈동구간,0.352,0.35,6,4,,False,,쉬움
1951,forest,414603201-50262,99,청명산 (수원/용인),,0.216,0.22,4,3,,False,,쉬움
1952,forest,414603201-50263,99,청명산 (수원/용인),하갈동구간,0.008,0.01,1,0,,False,,쉬움
1953,forest,414603201-50264,99,청명산 (수원/용인),,0.093,0.09,2,1,,False,,쉬움
1954,forest,414603201-50265,99,청명산 (수원/용인),,0.12,0.12,2,1,,False,,쉬움
1955,forest,414603201-50266,99,청명산 (수원/용인),,0.187,0.19,3,2,,False,,쉬움
1956,forest,414603201-50267,99,청명산 (수원/용인),,0.074,0.07,1,1,,False,,쉬움
1957,forest,414603201-50268,99,청명산 (수원/용인),,0.262,0.26,5,3,,False,,쉬움
1958,forest,414603201-50269,99,청명산 (수원/용인),하갈동구간,0.491,0.49,9,6,,False,,쉬움
1959,forest,414603201-50270,99,청명산 (수원/용인),,0.252,0.25,4,3,,False,,쉬움
1960,forest,414603201-50286,99,청명산 (수원/용인),영덕동구간,0.2,0.2,4,2,,False,,쉬움
1961,forest,414603201-50271,99,청명산 (수원/용인),,0.326,0.33,6,4,,False,,쉬움
1962,forest,414603201-50272,99,청명산 (수원/용인),,0.257,0.26,5,3,,False,,쉬움
1963,forest,414603201-50273,99,청명산 (수원/용인),,0.122,0.12,2,1,,False,,쉬움
1964,forest,414603201-50274,99,청명산 (수원/용인),,0.386,0.39,7,5,,False,,쉬움
1965,forest,414603201-50275,99,청명산 (수원/용인),영덕동구간,0.108,0.11,2,1,,False,,쉬움
1966,forest,414603201-50276,99,청명산 (수원/용인),,0.223,0.22,4,3,,False,,쉬움
1967,forest,414603201-50277,99,청명산 (수원/용인),하갈동구간,0.289,0.29,5,4,,False,,쉬움
1968,forest,414603201-50278,99,청명산 (수원/용인),하갈동구간,0.241,0.24,4,3,,False,,쉬움
1969,forest,414603201-50279,99,청명산 (수원/용인),영덕동구간,0.141,0.14,2,2,,False,,쉬움
1970,forest,414603201-50280,99,청명산 (수원/용인),영덕동구간,0.087,0.09,2,1,,False,,쉬움
1971,forest,414603201-50281,99,청명산 (수원/용인),,0.145,0.15,3,2,,False,,쉬움
1972,forest,414603201-50282,99,청명산 (수원/용인),,0.061,0.06,1,1,,False,,쉬움
1973,forest,414603201-50283,99,청명산 (수원/용인),영덕동구간,0.112,0.11,2,1,,False,,쉬움
1974,forest,414603201-50287,99,청명산 (수원/용인),,0.355,0.35,6,4,,False,,쉬움
1975,forest,414603201-50288,99,청명산 (수원/용인),영덕동구간,0.555,0.55,10,7,,False,,쉬움
1976,forest,414603201-50289,99,청명산 (수원/용인),,0.442,0.44,8,5,,False,,쉬움
1977,forest,414603201-50290,99,청명산 (수원/용인),,0.527,0.53,9,7,,False,,쉬움
1978,forest,414603201-50291,99,청명산 (수원/용인),,0.192,0.19,3,2,,False,,쉬움
1979,forest,414603201-50292,99,청명산 (수원/용인),,0.191,0.19,3,2,,False,,쉬움
1980,forest,414603201-50293,99,청명산 (수원/용인),,0.096,0.1,2,1,,False,,쉬움
1981,forest,412900401-49636,18,청계산 (경기/서울),,0.075,0.07,1,1,,False,,쉬움
1982,forest,412900401-49637,18,청계산 (경기/서울),,0.788,0.79,14,10,,False,,쉬움
1983,forest,412900401-49638,18,청계산 (경기/서울),,0.374,0.37,7,5,,False,,쉬움
1984,forest,412900401-49617,18,청계산 (경기/서울),,0.118,0.12,2,1,,False,,쉬움
1985,forest,412900401-49618,18,청계산 (경기/서울),상적동구간,3.513,3.62,91,63,,False,,쉬움
1986,forest,412900401-49619,18,청계산 (경기/서울),,1.2,1.2,21,15,,False,,쉬움
1987,forest,412900401-49634,18,청계산 (경기/서울),,0.12,0.12,2,1,,False,,쉬움
1988,forest,412900401-49620,18,청계산 (경기/서울),,0.442,0.44,8,5,,False,,쉬움
1989,forest,412900401-49621,18,청계산 (경기/서울),,0.156,0.16,3,2,,False,,쉬움
1990,forest,412900401-49622,18,청계산 (경기/서울),,0.077,0.08,1,1,,False,,쉬움
1991,forest,412900401-49623,18,청계산 (경기/서울),금토동구간,0.438,0.44,8,5,,False,,쉬움
1992,forest,412900401-49624,18,청계산 (경기/서울),상적동구간,0.216,0.22,4,3,,False,,쉬움
1993,forest,412900401-49625,18,청계산 (경기/서울),상적동구간,1.084,1.08,19,13,,False,,쉬움
1994,forest,412900401-49626,18,청계산 (경기/서울),상적동구간,1.123,1.12,21,15,,False,,쉬움
1995,forest,412900401-49627,18,청계산 (경기/서울),,0.03,0.03,1,0,,False,,쉬움
1996,forest,412900401-49628,18,청계산 (경기/서울),,0.112,0.11,2,1,,False,,쉬움
1997,forest,412900401-49629,18,청계산 (경기/서울),,0.539,0.54,10,7,,False,,쉬움
1998,forest,412900401-49630,18,청계산 (경기/서울),,0.473,0.47,8,6,,False,,쉬움
1999,forest,412900401-49631,18,청계산 (경기/서울),,0.568,0.57,10,7,,False,,쉬움
2000,forest,412900401-49632,18,청계산 (경기/서울),석운동구간,1.262,1.26,27,19,,False,,쉬움
2001,forest,412900401-49633,18,청계산 (경기/서울),,1.011,1.01,18,12,,False,,쉬움
2002,forest,412900401-49635,18,청계산 (경기/서울),,0.779,0.78,14,10,,False,,쉬움
2003,forest,412900401-49640,18,청계산 (경기/서울),,0.149,0.15,3,2,,False,,쉬움
2004,forest,412900401-49642,18,청계산 (경기/서울),,0.975,0.98,17,12,,False,,쉬움
2005,forest,412900401-49643,18,청계산 (경기/서울),,0.052,0.83,15,10,,False,,쉬움
2006,forest,412900401-49644,18,청계산 (경기/서울),,0.137,0.2,4,2,,False,,쉬움
2007,forest,412900401-49645,18,청계산 (경기/서울),,0.642,0.66,12,8,,False,,쉬움
2008,forest,412900401-49650,18,청계산 (경기/서울),,2.8,2.8,49,35,,False,,쉬움
2009,forest,412900401-49651,18,청계산 (경기/서울),,2.023,2.02,36,25,,False,,쉬움
2010,forest,412900401-49652,18,청계산 (경기/서울),,2.701,2.7,48,33,,False,,쉬움
2011,forest,412900401-49653,18,청계산 (경기/서울),,2.064,2.07,37,26,,False,,쉬움
2012,forest,412900401-49654,18,청계산 (경기/서울),,1.091,1.29,23,16,,False,,쉬움
2013,forest,412900401-49680,18,청계산 (경기/서울),,0.127,0.13,2,2,,False,,쉬움
2014,forest,412900401-49655,18,청계산 (경기/서울),운중동구간,0.411,0.41,7,5,,False,,쉬움
2015,forest,412900401-49656,18,청계산 (경기/서울),운중동구간,0.338,0.34,6,4,,False,,쉬움
2016,forest,412900401-49657,18,청계산 (경기/서울),,0.844,0.84,15,10,,False,,쉬움
2017,forest,412900401-49658,18,청계산 (경기/서울),금토동구간,1.991,1.99,35,25,,False,,쉬움
2018,forest,412900401-49659,18,청계산 (경기/서울),,1.131,1.13,20,14,,False,,쉬움
2019,forest,412900401-49660,18,청계산 (경기/서울),,0.863,0.86,18,13,,False,,쉬움
2020,forest,412900401-49661,18,청계산 (경기/서울),운중동구간,1.233,1.23,22,15,,False,,쉬움
2021,forest,412900401-49662,18,청계산 (경기/서울),,0.124,0.12,2,1,,False,,쉬움
2022,forest,412900401-49663,18,청계산 (경기/서울),,0.651,0.65,11,8,,False,,쉬움
2023,forest,412900401-49677,18,청계산 (경기/서울),,0.299,0.3,5,4,,False,,쉬움
2024,forest,412900401-49678,18,청계산 (경기/서울),,0.425,0.43,8,5,,False,,쉬움
2025,forest,412900401-49664,18,청계산 (경기/서울),,0.24,0.24,4,3,,False,,쉬움
2026,forest,412900401-49665,18,청계산 (경기/서울),,0.784,0.78,14,10,,False,,쉬움
2027,forest,412900401-49666,18,청계산 (경기/서울),,0.382,0.38,7,5,,False,,쉬움
2028,forest,412900401-49667,18,청계산 (경기/서울),,0.969,0.97,17,12,,False,,쉬움
2029,forest,412900401-49668,18,청계산 (경기/서울),,0.402,0.4,7,5,,False,,쉬움
2030,forest,412900401-49669,18,청계산 (경기/서울),,0.689,0.69,12,9,,False,,쉬움
2031,forest,412900401-49670,18,청계산 (경기/서울),,0.959,0.96,17,12,,False,,쉬움
2032,forest,412900401-49671,18,청계산 (경기/서울),,1.222,1.22,22,15,,False,,쉬움
2033,forest,412900401-49672,18,청계산 (경기/서울),,0.482,0.48,8,6,,False,,쉬움
2034,forest,412900401-49673,18,청계산 (경기/서울),,0.448,0.45,8,6,,False,,쉬움
2035,forest,412900401-49674,18,청계산 (경기/서울),,0.415,0.41,7,5,,False,,쉬움
2036,forest,412900401-49675,18,청계산 (경기/서울),,0.319,0.32,6,4,,False,,쉬움
2037,forest,412900401-49676,18,청계산 (경기/서울),,0.533,0.53,9,7,,False,,쉬움
2038,forest,412900401-49679,18,청계산 (경기/서울),,0.47,0.47,8,6,,False,,쉬움
2039,forest,412900401-49681,18,청계산 (경기/서울),,0.009,0.01,1,0,,False,,쉬움
2040,forest,412900401-49682,18,청계산 (경기/서울),,0.459,0.46,8,6,,False,,쉬움
2041,forest,412900401-49683,18,청계산 (경기/서울),,0.247,0.25,4,3,,False,,쉬움
2042,forest,412900401-49684,18,청계산 (경기/서울),,0.525,0.52,9,6,,False,,쉬움
2043,forest,412900401-49685,18,청계산 (경기/서울),,0.232,0.23,4,3,,False,,쉬움
2044,forest,412900401-49686,18,청계산 (경기/서울),,0.318,0.32,6,4,,False,,쉬움
2045,forest,412900401-49687,18,청계산 (경기/서울),,0.151,0.15,3,2,,False,,쉬움
2046,forest,412900401-49688,18,청계산 (경기/서울),문원동구간,0.224,0.22,4,3,,False,,쉬움
2047,forest,412900401-49689,18,청계산 (경기/서울),,0.54,0.54,10,7,,False,,쉬움
2048,forest,412900401-49690,18,청계산 (경기/서울),,0.069,0.07,1,1,,False,,쉬움
2049,forest,412900401-49691,18,청계산 (경기/서울),,0.035,0.03,1,0,,False,,쉬움
2050,forest,412900401-49692,18,청계산 (경기/서울),,0.073,0.07,1,1,,False,,쉬움
2051,forest,412900401-49693,18,청계산 (경기/서울),,0.697,0.7,12,9,,False,,쉬움
2052,forest,412900401-49694,18,청계산 (경기/서울),문원동구간,0.297,0.3,5,4,,False,,쉬움
2053,forest,412900401-49695,18,청계산 (경기/서울),문원동구간,0.104,0.1,2,1,,False,,쉬움
2054,forest,412900401-49696,18,청계산 (경기/서울),,0.328,0.33,6,4,,False,,쉬움
2055,forest,412900401-49697,18,청계산 (경기/서울),문원동구간,0.139,0.14,2,2,,False,,쉬움
2056,forest,412900401-49698,18,청계산 (경기/서울),막계동구간,0.174,0.17,3,2,,False,,쉬움
2057,forest,412900401-49699,18,청계산 (경기/서울),막계동구간,1.187,1.19,21,15,,False,,쉬움
2058,forest,412900401-49700,18,청계산 (경기/서울),주암동구간,0.522,0.52,9,6,,False,,쉬움
2059,forest,412900401-49701,18,청계산 (경기/서울),문원동구간,0.514,0.51,9,6,,False,,쉬움
2060,forest,412900401-49702,18,청계산 (경기/서울),문원동구간,0.318,0.32,6,4,,False,,쉬움
2061,forest,412900401-49703,18,청계산 (경기/서울),문원동구간,0.097,0.1,2,1,,False,,쉬움
2062,forest,412900401-49704,18,청계산 (경기/서울),,0.375,0.37,7,5,,False,,쉬움
2063,forest,412900401-49705,18,청계산 (경기/서울),,0.328,0.33,6,4,,False,,쉬움
2064,forest,412900401-49706,18,청계산 (경기/서울),,0.241,0.24,4,3,,False,,쉬움
2065,forest,411500701-48269,107,천보산,,0.082,0.08,1,1,,False,,쉬움
2066,forest,412900401-49707,18,청계산 (경기/서울),문원동구간,0.366,0.37,7,5,,False,,쉬움
2067,forest,412900401-49708,18,청계산 (경기/서울),문원동구간,0.554,0.55,10,7,,False,,쉬움
2068,forest,412900401-49709,18,청계산 (경기/서울),,0.475,0.47,8,6,,False,,쉬움
2069,forest,412900401-49710,18,청계산 (경기/서울),,0.467,0.47,8,6,,False,,쉬움
2070,forest,412900401-49711,18,청계산 (경기/서울),,0.409,0.41,7,5,,False,,쉬움
2071,forest,412900401-49712,18,청계산 (경기/서울),,0.1,0.1,2,1,,False,,쉬움
2072,forest,412900401-49713,18,청계산 (경기/서울),막계동구간,0.582,0.58,10,7,,False,,쉬움
2073,forest,412900401-49714,18,청계산 (경기/서울),,1.017,1.02,18,13,,False,,쉬움
2074,forest,412900401-49715,18,청계산 (경기/서울),포일동구간,1.077,1.08,20,14,,False,,쉬움
2075,forest,412900401-49716,18,청계산 (경기/서울),문원동구간,0.49,0.49,9,6,,False,,쉬움
2076,forest,412900401-49717,18,청계산 (경기/서울),청계동구간,2.658,2.66,57,40,,False,,쉬움
2077,forest,412900401-49718,18,청계산 (경기/서울),,1.085,1.09,19,13,,False,,쉬움
2078,forest,412900401-49719,18,청계산 (경기/서울),문원동구간,0.619,0.62,12,8,,False,,쉬움
2079,forest,412900401-49720,18,청계산 (경기/서울),신촌동구간,2.607,2.61,46,32,,False,,쉬움
2080,forest,412900401-49721,18,청계산 (경기/서울),,1.367,1.37,24,17,,False,,쉬움
2081,forest,412900401-49722,18,청계산 (경기/서울),청계동구간,1.292,1.29,23,16,,False,,쉬움
2082,forest,412900401-49723,18,청계산 (경기/서울),,0.994,0.99,17,12,,False,,쉬움
2083,forest,412900401-49724,18,청계산 (경기/서울),청계동구간,0.454,0.45,8,6,,False,,쉬움
2084,forest,412900401-49725,18,청계산 (경기/서울),,1.437,1.44,25,18,,False,,쉬움
2085,forest,412900401-49726,18,청계산 (경기/서울),,0.738,0.74,13,9,,False,,쉬움
2086,forest,412900401-49727,18,청계산 (경기/서울),,0.625,0.66,12,8,,False,,쉬움
2087,forest,411500701-48270,107,천보산,,0.985,0.99,17,12,,True,,쉬움
2088,forest,418303701-47069,81,중원산,,0.488,0.49,9,6,,False,,쉬움
2089,forest,413602201-48051,38,천마산 (남양주),,0.514,0.51,9,6,,False,,쉬움
2090,forest,411500701-48221,107,천보산,금오동구간,0.171,0.17,3,2,,False,,쉬움
2091,forest,411500701-48222,107,천보산,,0.163,0.16,3,2,,True,,쉬움
2092,forest,411500701-48223,107,천보산,,0.313,0.31,5,4,,True,,쉬움
2093,forest,411500701-48224,107,천보산,,0.547,0.55,10,7,,True,,쉬움
2094,forest,411500701-48225,107,천보산,,0.113,0.11,2,1,,True,,쉬움
2095,forest,411500701-48226,107,천보산,,0.306,0.31,5,4,,True,,쉬움
2096,forest,411500701-48227,107,천보산,,0.197,0.2,4,2,,True,,쉬움
2097,forest,411500701-48228,107,천보산,금오동구간,0.142,0.14,2,2,,True,,쉬움
2098,forest,411500701-48229,107,천보산,,0.312,0.31,5,4,,True,,쉬움
2099,forest,411500701-48230,107,천보산,,0.742,0.74,13,9,,False,,쉬움
2100,forest,411500701-48231,107,천보산,,0.078,0.08,1,1,,False,,쉬움
2101,forest,411500701-48232,107,천보산,,0.437,0.44,8,5,,False,,쉬움
2102,forest,411500701-48233,107,천보산,금오동구간,0.348,0.35,6,4,,True,,쉬움
2103,forest,411500701-48234,107,천보산,금오동구간,0.408,0.41,7,5,,True,,쉬움
2104,forest,411500701-48245,107,천보산,,0.134,0.13,2,2,,False,,쉬움
2105,forest,411500701-48235,107,천보산,금오동구간,0.808,0.81,14,10,,False,,쉬움
2106,forest,411500701-48236,107,천보산,,0.077,0.08,1,1,,True,,쉬움
2107,forest,411500701-48237,107,천보산,,0.235,0.24,4,3,,False,,쉬움
2108,forest,411500701-48238,107,천보산,,0.205,0.2,4,2,,False,,쉬움
2109,forest,411500701-48239,107,천보산,,0.21,0.21,4,3,,False,,쉬움
2110,forest,411500701-48240,107,천보산,,0.077,0.08,1,1,,False,,쉬움
2111,forest,411500701-48241,107,천보산,,0.038,0.04,1,0,,False,,쉬움
2112,forest,411500701-48242,107,천보산,,0.171,0.17,3,2,,False,,쉬움
2113,forest,411500701-48243,107,천보산,금오동구간,0.501,0.5,9,6,,True,,쉬움
2114,forest,411500701-48244,107,천보산,,0.053,0.05,1,1,,False,,쉬움
2115,forest,411500701-48246,107,천보산,,0.178,0.18,3,2,,False,,쉬움
2116,forest,411500701-48247,107,천보산,금오동구간,0.222,0.22,4,3,,True,,쉬움
2117,forest,411500701-48248,107,천보산,금오동구간,0.49,0.49,9,6,,True,,쉬움
2118,forest,411500701-48249,107,천보산,,0.333,0.33,6,4,,False,,쉬움
2119,forest,411500701-48250,107,천보산,금오동구간,0.189,0.19,3,2,,True,,쉬움
2120,forest,411500701-48251,107,천보산,,0.166,0.17,3,2,,True,,쉬움
2121,forest,411500701-48252,107,천보산,금오동구간,0.576,0.58,10,7,,True,,쉬움
2122,forest,411500701-48253,107,천보산,,0.077,0.08,1,1,,False,,쉬움
2123,forest,411500701-48254,107,천보산,,0.28,0.28,5,3,,True,,쉬움
2124,forest,418202101-26606,8,북배산,,1.968,1.97,35,24,,False,,쉬움
2125,forest,411500701-48255,107,천보산,금오동구간,0.662,0.66,12,8,,False,,쉬움
2126,forest,411500701-48256,107,천보산,,0.354,0.35,6,4,,False,,쉬움
2127,forest,411500701-48257,107,천보산,자일동구간,0.232,0.23,4,3,,True,,쉬움
2128,forest,411500701-48258,107,천보산,,0.406,0.41,7,5,,True,,쉬움
2129,forest,411500701-48259,107,천보산,금오동구간,0.428,0.43,8,5,,False,,쉬움
2130,forest,411500701-48260,107,천보산,,0.508,0.51,9,6,,False,,쉬움
2131,forest,411500701-48261,107,천보산,,0.325,0.33,6,4,,True,,쉬움
2132,forest,411500701-48262,107,천보산,자일동구간,0.079,0.08,1,1,,False,,쉬움
2133,forest,411500701-48263,107,천보산,,1.077,1.08,19,13,,True,,쉬움
2134,forest,411500701-48264,107,천보산,,0.008,0.01,1,0,,False,,쉬움
2135,forest,411500701-48265,107,천보산,금오동구간,0.619,0.62,11,8,,False,,쉬움
2136,forest,411500701-48266,107,천보산,,0.556,0.56,10,7,,False,,쉬움
2137,forest,411500701-48267,107,천보산,,0.285,0.28,5,3,,False,,쉬움
2138,forest,411500701-48268,107,천보산,,0.354,0.35,6,4,,True,,쉬움
2139,forest,411500701-48271,107,천보산,,0.406,0.41,7,5,,False,,쉬움
2140,forest,411500701-48272,107,천보산,자일동구간,0.259,0.26,5,3,,True,,쉬움
2141,forest,411500701-48273,107,천보산,자일동구간,0.228,0.23,4,3,,False,,쉬움
2142,forest,411500701-48274,107,천보산,,0.754,0.75,13,9,,False,,쉬움
2143,forest,411500701-48275,107,천보산,,0.12,0.12,2,1,,False,,쉬움
2144,forest,411500701-48276,107,천보산,,0.395,0.4,7,5,,False,,쉬움
2145,forest,411500701-48277,107,천보산,,0.173,0.17,3,2,,False,,쉬움
2146,forest,411500701-48278,107,천보산,자일동구간,0.331,0.33,6,4,,True,,쉬움
2147,forest,413601601-41011,36,운길산,진중리구간,0.157,0.16,3,2,,False,,쉬움
2148,forest,411500701-48279,107,천보산,,0.753,0.75,13,9,,True,,쉬움
2149,forest,411500701-48280,107,천보산,,0.382,0.38,7,5,,False,,쉬움
2150,forest,411500701-48281,107,천보산,,0.389,0.39,7,5,,False,,쉬움
2151,forest,411500701-48282,107,천보산,,0.572,0.57,10,7,,True,,쉬움
2152,forest,411500701-48283,107,천보산,,0.409,0.41,7,5,,False,,쉬움
2153,forest,411500701-48284,107,천보산,,0.098,0.1,2,1,,False,,쉬움
2154,forest,411500701-48296,107,천보산,,0.401,0.4,7,5,,False,,쉬움
2155,forest,418202101-26607,8,북배산,개곡리구간,4.091,4.09,88,61,,False,,쉬움
2156,forest,411500701-48285,107,천보산,,0.651,0.65,11,8,,False,,쉬움
2157,forest,411500701-48286,107,천보산,자일동구간,0.433,0.43,8,5,,True,,쉬움
2158,forest,411500701-48287,107,천보산,,0.391,0.39,7,5,,False,,쉬움
2159,forest,411500701-48288,107,천보산,자일동구간,0.836,0.84,15,10,,True,,쉬움
2160,forest,411500701-48289,107,천보산,자일동구간,0.664,0.66,12,8,,False,,쉬움
2161,forest,411500701-48290,107,천보산,삼숭동구간,0.75,0.75,19,13,,False,,쉬움
2162,forest,411500701-48291,107,천보산,율정동구간,1.03,1.03,18,13,,False,,쉬움
2163,forest,411500701-48292,107,천보산,동교동구간,3.147,3.15,56,39,,False,,쉬움
2164,forest,411500701-48293,107,천보산,,4.204,4.21,74,52,,False,,쉬움
2165,forest,411500701-48294,107,천보산,마전동구간,6.616,6.62,117,82,,False,,쉬움
2166,forest,411500701-48295,107,천보산,이동교리구간,1.116,1.12,20,14,,False,,쉬움
2167,forest,413602201-48007,38,천마산 (남양주),호평동구간,1.07,1.07,23,16,,False,,쉬움
2168,forest,413602201-48008,38,천마산 (남양주),묵현리구간,1.148,1.15,20,14,,False,,쉬움
2169,forest,413602201-48009,38,천마산 (남양주),묵현리구간,1.318,1.32,40,28,,False,,쉬움
2170,forest,413602201-48010,38,천마산 (남양주),용정리구간,0.369,0.37,7,5,,False,,쉬움
2171,forest,413602201-48011,38,천마산 (남양주),,0.203,0.2,4,2,,False,,쉬움
2172,forest,413602201-48012,38,천마산 (남양주),,0.206,0.21,4,3,,False,,쉬움
2173,forest,413602201-48013,38,천마산 (남양주),호평동구간,0.117,0.12,2,1,,False,,쉬움
2174,forest,413602201-48014,38,천마산 (남양주),,0.703,0.7,12,9,,False,,쉬움
2175,forest,413602201-48015,38,천마산 (남양주),호평동구간,0.847,0.85,15,11,,False,,쉬움
2176,forest,413602201-48016,38,천마산 (남양주),,0.239,0.24,4,3,,False,,쉬움
2177,forest,413602201-48052,38,천마산 (남양주),,0.283,0.28,5,3,,False,,쉬움
2178,forest,413602201-48017,38,천마산 (남양주),,0.278,0.28,5,3,,False,,쉬움
2179,forest,413602201-48018,38,천마산 (남양주),용정리구간,0.342,0.34,6,4,,False,,쉬움
2180,forest,413602201-48019,38,천마산 (남양주),,0.242,0.24,4,3,,False,,쉬움
2181,forest,413602201-48020,38,천마산 (남양주),,1.397,1.4,25,17,,False,,쉬움
2182,forest,413602201-48021,38,천마산 (남양주),용정리구간,0.134,0.13,2,2,,False,,쉬움
2183,forest,413602201-48022,38,천마산 (남양주),묵현리구간,1.067,1.07,19,13,,False,,쉬움
2184,forest,413602201-48023,38,천마산 (남양주),,0.732,0.73,13,9,,False,,쉬움
2185,forest,413602201-48024,38,천마산 (남양주),,1.189,1.19,21,15,,False,,쉬움
2186,forest,413602201-48036,38,천마산 (남양주),,0.653,0.65,11,8,,False,,쉬움
2187,forest,413602201-48025,38,천마산 (남양주),,1.647,1.65,29,20,,False,,쉬움
2188,forest,413602201-48026,38,천마산 (남양주),묵현리구간,0.749,0.75,13,9,,False,,쉬움
2189,forest,413602201-48027,38,천마산 (남양주),묵현리구간,0.07,0.07,1,1,,False,,쉬움
2190,forest,413602201-48028,38,천마산 (남양주),,0.045,0.05,1,1,,False,,쉬움
2191,forest,413602201-48029,38,천마산 (남양주),묵현리구간,0.073,0.07,1,1,,False,,쉬움
2192,forest,413602201-48030,38,천마산 (남양주),묵현리구간,1.148,1.15,25,17,,False,,쉬움
2193,forest,413602201-48031,38,천마산 (남양주),,0.413,0.41,7,5,,False,,쉬움
2194,forest,413602201-48032,38,천마산 (남양주),송능리구간,0.814,0.81,15,11,,False,,쉬움
2195,forest,413602201-48033,38,천마산 (남양주),,0.519,0.52,9,6,,False,,쉬움
2196,forest,413602201-48034,38,천마산 (남양주),,0.289,0.29,5,4,,False,,쉬움
2197,forest,413602201-48035,38,천마산 (남양주),,0.416,0.42,7,5,,False,,쉬움
2198,forest,413602201-48037,38,천마산 (남양주),,0.968,0.97,17,12,,False,,쉬움
2199,forest,413602201-48038,38,천마산 (남양주),,0.753,0.75,13,9,,False,,쉬움
2200,forest,413602201-48039,38,천마산 (남양주),,4.878,4.88,86,60,,False,,쉬움
2201,forest,413602201-48040,38,천마산 (남양주),,2.827,2.83,50,35,,False,,쉬움
2202,forest,413602201-48041,38,천마산 (남양주),,0.3,0.3,5,4,,False,,쉬움
2203,forest,413602201-48042,38,천마산 (남양주),,0.732,0.73,13,9,,False,,쉬움
2204,forest,413602201-48043,38,천마산 (남양주),,0.406,0.41,7,5,,False,,쉬움
2205,forest,413602201-48044,38,천마산 (남양주),,0.456,0.46,8,6,,False,,쉬움
2206,forest,413602201-48045,38,천마산 (남양주),묵현리구간,0.293,0.29,5,4,,False,,쉬움
2207,forest,413602201-48046,38,천마산 (남양주),가곡리구간,0.184,0.18,3,2,,False,,쉬움
2208,forest,413602201-48047,38,천마산 (남양주),,0.137,0.14,2,2,,False,,쉬움
2209,forest,413602201-48048,38,천마산 (남양주),,0.274,0.27,5,3,,False,,쉬움
2210,forest,413602201-48049,38,천마산 (남양주),,0.106,0.11,2,1,,False,,쉬움
2211,forest,413602201-48050,38,천마산 (남양주),묵현리구간,0.753,0.75,23,16,,False,,중간
2212,forest,413602201-48053,38,천마산 (남양주),묵현리구간,0.319,0.32,6,4,,False,,쉬움
2213,forest,413602201-48054,38,천마산 (남양주),묵현리구간,0.055,0.06,1,1,,False,,쉬움
2214,forest,413602201-48055,38,천마산 (남양주),,0.078,0.08,1,1,,False,,쉬움
2215,forest,413602201-48056,38,천마산 (남양주),,0.945,0.95,17,12,,False,,쉬움
2216,forest,413602201-48057,38,천마산 (남양주),묵현리구간,0.409,0.41,7,5,,False,,쉬움
2217,forest,413602201-48058,38,천마산 (남양주),,1.181,1.18,21,15,,False,,쉬움
2218,forest,413602201-48059,38,천마산 (남양주),,0.776,0.78,14,10,,False,,쉬움
2219,forest,413602201-48060,38,천마산 (남양주),,0.794,0.79,14,10,,False,,쉬움
2220,forest,413602201-48061,38,천마산 (남양주),,0.023,0.02,1,0,,False,,쉬움
2221,forest,413602201-48062,38,천마산 (남양주),,0.849,0.85,15,11,,False,,쉬움
2222,forest,413602201-48063,38,천마산 (남양주),,1.858,1.86,33,23,,False,,쉬움
2223,forest,413602201-48064,38,천마산 (남양주),,0.034,0.03,1,0,,False,,쉬움
2224,forest,413602201-48065,38,천마산 (남양주),,1.208,1.21,21,15,,False,,쉬움
2225,forest,413602201-48066,38,천마산 (남양주),,0.221,0.22,4,3,,False,,쉬움
2226,forest,413602201-48067,38,천마산 (남양주),,0.33,0.33,6,4,,False,,쉬움
2227,forest,413602201-48068,38,천마산 (남양주),송능리구간,1.592,1.59,40,28,,False,,쉬움
2228,forest,413602201-48069,38,천마산 (남양주),,0.399,0.4,7,5,,False,,쉬움
2229,forest,413602201-48070,38,천마산 (남양주),,0.53,0.53,9,7,,False,,쉬움
2230,forest,413602201-48071,38,천마산 (남양주),,0.145,0.15,3,2,,False,,쉬움
2231,forest,413602201-48072,38,천마산 (남양주),,0.353,0.35,6,4,,False,,쉬움
2232,forest,413602201-48073,38,천마산 (남양주),,0.011,0.01,1,0,,False,,쉬움
2233,forest,413602201-48074,38,천마산 (남양주),호평동구간,0.334,0.33,6,4,,False,,쉬움
2234,forest,413602201-48075,38,천마산 (남양주),,0.269,0.27,5,3,,False,,쉬움
2235,forest,413602201-48076,38,천마산 (남양주),,0.384,0.38,7,5,,False,,쉬움
2236,forest,413602201-48077,38,천마산 (남양주),,0.72,0.72,13,9,,False,,쉬움
2237,forest,413602201-48078,38,천마산 (남양주),,0.461,0.46,8,6,,False,,쉬움
2238,forest,413602201-48079,38,천마산 (남양주),,0.551,0.55,10,7,,False,,쉬움
2239,forest,413602201-48080,38,천마산 (남양주),,0.157,0.16,3,2,,False,,쉬움
2240,forest,413602201-48081,38,천마산 (남양주),,1.143,1.14,20,14,,False,,쉬움
2241,forest,413602201-48082,38,천마산 (남양주),,0.479,0.48,8,6,,False,,쉬움
2242,forest,413602201-48083,38,천마산 (남양주),,0.368,0.37,7,5,,False,,쉬움
2243,forest,413602201-48084,38,천마산 (남양주),,0.71,0.71,13,9,,False,,쉬움
2244,forest,413602201-48085,38,천마산 (남양주),,0.061,0.06,1,1,,False,,쉬움
2245,forest,413602201-48086,38,천마산 (남양주),,0.103,0.1,2,1,,False,,쉬움
2246,forest,413602201-48087,38,천마산 (남양주),가곡리구간,0.149,0.15,3,2,,False,,쉬움
2247,forest,413602201-48088,38,천마산 (남양주),,0.127,0.13,2,2,,False,,쉬움
2248,forest,413602201-48089,38,천마산 (남양주),,0.978,0.98,17,12,,False,,쉬움
2249,forest,413602201-48090,38,천마산 (남양주),,1.143,1.14,20,14,,False,,쉬움
2250,forest,413602201-48091,38,천마산 (남양주),,0.386,0.39,7,5,,False,,쉬움
2251,forest,413602201-48092,38,천마산 (남양주),,0.675,0.68,12,8,,False,,쉬움
2252,forest,413602201-48093,38,천마산 (남양주),가곡리구간,0.395,0.4,7,5,,False,,쉬움
2253,forest,413602201-48094,38,천마산 (남양주),,0.088,0.09,2,1,,False,,쉬움
2254,forest,413602201-48095,38,천마산 (남양주),,0.547,0.55,10,7,,False,,쉬움
2255,forest,413602201-48096,38,천마산 (남양주),,0.458,0.46,8,6,,False,,쉬움
2256,forest,413602201-48097,38,천마산 (남양주),,0.168,0.17,3,2,,False,,쉬움
2257,forest,413602201-48098,38,천마산 (남양주),,0.13,0.13,2,2,,False,,쉬움
2258,forest,413602201-48099,38,천마산 (남양주),팔현리구간,3.466,3.47,61,43,,False,,쉬움
2259,forest,413602201-48100,38,천마산 (남양주),,0.612,0.61,11,8,,False,,쉬움
2260,forest,418303701-47068,81,중원산,,2.202,2.2,39,27,,False,,쉬움
2261,forest,413602201-48101,38,천마산 (남양주),오남리구간,0.702,0.7,15,11,,False,,쉬움
2262,forest,413602201-48102,38,천마산 (남양주),오남리구간,0.664,0.66,14,10,,False,,쉬움
2263,forest,413602201-48103,38,천마산 (남양주),,2.637,2.64,47,33,,False,,쉬움
2264,forest,413602201-48104,38,천마산 (남양주),가곡리구간,3.313,3.31,58,41,,False,,쉬움
2265,forest,413602201-48105,38,천마산 (남양주),가곡리구간,3.847,3.85,68,48,,False,,쉬움
2266,forest,413602201-48106,38,천마산 (남양주),팔현리구간,3.237,3.24,57,40,,False,,쉬움
2267,forest,413602201-48107,38,천마산 (남양주),,2.416,2.42,43,30,,False,,쉬움
2268,forest,413602201-48108,38,천마산 (남양주),묵현리구간,0.411,0.41,7,5,,False,,쉬움
2269,forest,413602201-48109,38,천마산 (남양주),,0.202,0.2,4,2,,False,,쉬움
2270,forest,413602201-48110,38,천마산 (남양주),,0.166,0.17,3,2,,False,,쉬움
2271,forest,413602201-48111,38,천마산 (남양주),팔현리구간,1.67,1.67,29,21,,False,,쉬움
2272,forest,413602201-48112,38,천마산 (남양주),,0.097,0.1,2,1,,False,,쉬움
2273,forest,413602201-48113,38,천마산 (남양주),묵현리구간,0.798,0.8,14,10,,False,,쉬움
2274,forest,413602201-48114,38,천마산 (남양주),묵현리구간,0.157,0.16,3,2,,False,,쉬움
2275,forest,413602201-48115,38,천마산 (남양주),묵현리구간,0.129,0.13,2,2,,False,,쉬움
2276,forest,413602201-48116,38,천마산 (남양주),묵현리구간,0.38,0.38,7,5,,False,,쉬움
2277,forest,413602201-48117,38,천마산 (남양주),묵현리구간,0.532,0.53,9,7,,False,,쉬움
2278,forest,413602201-48118,38,천마산 (남양주),묵현리구간,0.137,0.14,2,2,,False,,쉬움
2279,forest,418303701-47067,81,중원산,중원리구간,0.347,0.35,6,4,,False,,쉬움
2280,forest,418303701-47070,81,중원산,,1.223,1.22,22,15,,False,,쉬움
2281,forest,418303701-47071,81,중원산,,1.358,1.36,24,17,,False,,쉬움
2282,forest,418303701-47072,81,중원산,,1.548,1.55,27,19,,False,,쉬움
2283,forest,418303701-47073,81,중원산,,3.657,3.66,65,45,,False,,쉬움
2284,forest,418303701-47074,81,중원산,신점리구간,1.923,1.92,41,29,,False,,쉬움
2285,forest,418303701-47075,81,중원산,,1.643,1.02,18,13,,False,,쉬움
2286,forest,418303701-47076,81,중원산,,0.649,0.65,11,8,,False,,쉬움
2287,forest,418303601-46977,80,중미산,가일리구간,1.677,1.68,63,44,,False,,쉬움
2288,forest,418303601-46978,80,중미산,방일리구간,3.713,3.71,65,46,,False,,쉬움
2289,forest,418303601-46979,80,중미산,신복리구간,1.367,1.37,34,24,,False,,쉬움
2290,forest,418303601-46980,80,중미산,가일리구간,0.781,0.78,14,10,,False,,쉬움
2291,forest,418303501-46847,82,추읍산,화전리구간,2.084,2.09,63,44,,False,,쉬움
2292,forest,418303501-46848,82,추읍산,내리구간,1.235,1.24,47,33,,False,,중간
2293,forest,418303501-46849,82,추읍산,주읍리구간,2.153,2.15,81,56,,False,,쉬움
2294,forest,418303501-46850,82,추읍산,주읍리구간,0.333,0.33,6,4,,False,,쉬움
2295,forest,418303501-46851,82,추읍산,삼성리구간,0.135,0.13,2,2,,False,,쉬움
2296,forest,418303501-46852,82,추읍산,주읍리구간,1.131,1.13,20,14,,False,,쉬움
2297,forest,418303501-46853,82,추읍산,삼성리구간,2.61,2.61,46,32,,False,,쉬움
2298,forest,416503101-46647,124,주금산,수산리구간,0.341,0.34,6,4,,False,,쉬움
2299,forest,416503101-46648,124,주금산,수산리구간,1.456,1.46,26,18,,False,,쉬움
2300,forest,416503101-46649,124,주금산,팔야리구간,0.119,0.12,2,1,,False,,쉬움
2301,forest,416503101-46650,124,주금산,내방리구간,2.089,2.09,37,26,,False,,쉬움
2302,forest,416503101-46651,124,주금산,내방리구간,0.363,0.36,6,4,,False,,쉬움
2303,forest,416503101-46652,124,주금산,내방리구간,0.877,0.88,16,11,,False,,쉬움
2304,forest,416503101-46653,124,주금산,내방리구간,0.985,0.99,17,12,,False,,쉬움
2305,forest,416503101-46654,124,주금산,,0.211,0.21,4,3,,False,,쉬움
2306,forest,416503101-46655,124,주금산,율길리구간,3.143,3.14,55,39,,False,,쉬움
2307,forest,416503101-46656,124,주금산,상동리구간,0.808,0.81,15,11,,False,,쉬움
2308,forest,416503101-46657,124,주금산,상동리구간,0.169,0.17,3,2,,False,,쉬움
2309,forest,416503101-46673,124,주금산,,0.957,0.96,36,25,,False,,중간
2310,forest,416503101-46658,124,주금산,상동리구간,0.768,0.77,14,10,,False,,쉬움
2311,forest,416503101-46659,124,주금산,,0.328,0.33,6,4,,False,,쉬움
2312,forest,416503101-46660,124,주금산,태봉리구간,2.227,2.23,84,59,,False,,쉬움
2313,forest,416503101-46661,124,주금산,태봉리구간,3.093,3.09,55,38,,False,,쉬움
2314,forest,416503101-46662,124,주금산,,0.105,0.11,2,1,,False,,쉬움
2315,forest,416503101-46663,124,주금산,,0.358,0.36,6,4,,False,,쉬움
2316,forest,416503101-46664,124,주금산,,0.03,0.03,1,0,,False,,쉬움
2317,forest,416503101-46665,124,주금산,,0.025,0.02,1,0,,False,,쉬움
2318,forest,416503101-46666,124,주금산,소학리구간,0.033,0.03,1,0,,False,,쉬움
2319,forest,416503101-46667,124,주금산,소학리구간,0.023,0.02,1,0,,False,,중간
2320,forest,416503101-46668,124,주금산,소학리구간,0.023,0.02,1,0,,False,,중간
2321,forest,416503101-46669,124,주금산,소학리구간,0.485,0.48,8,6,,False,,쉬움
2322,forest,416503101-46670,124,주금산,,0.929,0.93,16,11,,False,,쉬움
2323,forest,416503101-46671,124,주금산,,0.714,0.71,13,9,,False,,쉬움
2324,forest,416503101-46672,124,주금산,,0.169,0.17,3,2,,False,,쉬움
2325,forest,416503101-46674,124,주금산,,0.471,0.47,8,6,,False,,쉬움
2326,forest,416503101-46675,124,주금산,,0.819,0.82,14,10,,False,,쉬움
2327,forest,416503101-46676,124,주금산,상동리구간,0.963,0.96,17,12,,False,,쉬움
2328,forest,416503101-46677,124,주금산,수산리구간,0.137,0.14,2,2,,False,,쉬움
2329,forest,416503101-46678,124,주금산,내방리구간,0.177,0.18,3,2,,False,,쉬움
2330,forest,416503101-46679,124,주금산,,0.043,0.04,1,0,,False,,쉬움
2331,forest,416503101-46680,124,주금산,,0.198,0.2,4,2,,False,,쉬움
2332,forest,416503101-46681,124,주금산,,0.156,0.16,3,2,,False,,쉬움
2333,forest,416503101-46682,124,주금산,,1.441,1.44,25,18,,False,,쉬움
2334,forest,416503101-46683,124,주금산,,0.331,0.33,6,4,,False,,쉬움
2335,forest,418202101-26608,8,북배산,,5.931,6.35,112,78,,False,,쉬움
2336,forest,416503101-46684,124,주금산,,0.355,0.36,6,4,,False,,쉬움
2337,forest,416503101-46685,124,주금산,,0.245,0.25,4,3,,False,,쉬움
2338,forest,416503101-46686,124,주금산,음현리구간,1.31,1.31,23,16,,False,,쉬움
2339,forest,416503101-46687,124,주금산,,0.834,0.83,15,10,,False,,쉬움
2340,forest,416503101-46688,124,주금산,내방리구간,1.934,1.93,34,24,,False,,쉬움
2341,forest,416503101-46689,124,주금산,,2.407,2.41,43,30,,False,,쉬움
2342,forest,416503101-46690,124,주금산,상동리구간,0.803,0.8,14,10,,False,,쉬움
2343,forest,416503101-46691,124,주금산,상동리구간,0.94,0.94,17,12,,False,,쉬움
2344,forest,416503101-46692,124,주금산,,0.345,0.34,6,4,,False,,쉬움
2345,forest,416503101-46693,124,주금산,,0.861,0.86,15,11,,False,,쉬움
2346,forest,416503101-46694,124,주금산,,3.164,3.16,56,39,,False,,쉬움
2347,forest,416503101-46695,124,주금산,내리구간,1.663,1.66,29,21,,False,,쉬움
2348,forest,416503101-46696,124,주금산,내리구간,2.451,2.45,92,64,,False,,쉬움
2349,forest,416503101-46697,124,주금산,율길리구간,3.111,3.11,117,82,,False,,쉬움
2350,forest,416503101-46698,124,주금산,,1.21,1.21,21,15,,False,,쉬움
2351,forest,416503101-46699,124,주금산,상동리구간,0.282,0.28,5,3,,False,,쉬움
2352,forest,416503101-46700,124,주금산,,0.273,0.27,5,3,,False,,쉬움
2353,forest,416503101-46701,124,주금산,,0.023,0.02,1,0,,False,,쉬움
2354,forest,416503101-46702,124,주금산,,0.269,0.27,5,3,,False,,쉬움
2355,forest,416503101-46703,124,주금산,,0.957,0.96,17,12,,False,,쉬움
2356,forest,418000901-46570,90,종자산 (경기),중리구간,0.549,0.55,10,7,,False,,쉬움
2357,forest,418000901-46571,90,종자산 (경기),,1.502,1.5,26,19,,False,,쉬움
2358,forest,418000901-46572,90,종자산 (경기),중리구간,0.283,0.28,5,3,,False,,쉬움
2359,forest,418000901-46573,90,종자산 (경기),,0.178,0.18,3,2,,False,,쉬움
2360,forest,418000901-46574,90,종자산 (경기),,0.905,0.91,16,11,,False,,쉬움
2361,forest,418000901-46575,90,종자산 (경기),,1.08,1.08,19,13,,False,,쉬움
2362,forest,418000901-46576,90,종자산 (경기),중리구간,2.408,2.41,43,30,,False,,쉬움
2363,forest,418000901-46577,90,종자산 (경기),,0.589,0.59,10,7,,False,,쉬움
2364,forest,418000901-46578,90,종자산 (경기),,2.869,2.87,51,35,,False,,쉬움
2365,forest,418202101-26610,8,북배산,목동리구간,3.272,3.27,58,40,,False,,쉬움
2366,forest,415002801-45691,108,도드람산,목리구간,0.239,0.24,4,3,,False,,쉬움
2367,forest,415002801-45692,108,도드람산,,0.048,0.05,1,1,,False,,쉬움
2368,forest,415002801-45693,108,도드람산,,0.445,0.45,8,6,,False,,쉬움
2369,forest,415002801-45694,108,도드람산,,0.081,0.08,1,1,,False,,쉬움
2370,forest,415002801-45695,108,도드람산,,0.152,0.15,3,2,,False,,쉬움
2371,forest,415002801-45696,108,도드람산,,0.127,0.13,2,2,,False,,쉬움
2372,forest,415002801-45697,108,도드람산,,0.192,0.19,3,2,,False,,쉬움
2373,forest,415002801-45698,108,도드람산,,0.039,0.04,1,0,,False,,쉬움
2374,forest,415002801-45699,108,도드람산,,0.16,0.16,3,2,,False,,쉬움
2375,forest,415002801-45700,108,도드람산,,0.173,0.17,3,2,,False,,쉬움
2376,forest,415002801-45701,108,도드람산,목리구간,0.175,0.17,3,2,,False,,쉬움
2377,forest,415002801-45702,108,도드람산,,0.335,0.34,6,4,,False,,쉬움
2378,forest,415002801-45703,108,도드람산,목리구간,0.919,0.92,16,11,,False,,쉬움
2379,forest,415002801-45704,108,도드람산,,0.258,0.26,5,3,,False,,쉬움
2380,forest,415002801-45705,108,도드람산,,0.399,0.4,7,5,,False,,쉬움
2381,forest,418202101-26625,8,북배산,,0.228,0.27,5,3,,False,,쉬움
2382,forest,418203301-44927,11,장락산,미사리구간,0.948,0.99,37,26,,True,,중간
2383,forest,418203301-44928,11,장락산,미사리구간,2.802,2.82,50,35,,False,,쉬움
2384,forest,418203301-44930,11,장락산,위곡리구간,0.206,4.12,88,62,,False,,쉬움
2385,forest,418203301-44931,11,장락산,,0.427,2.7,48,33,,False,,쉬움
2386,forest,418303301-42897,79,유명산,용천리구간,2.825,2.83,61,42,,False,,쉬움
2387,forest,418303301-42898,79,유명산,가일리구간,1.012,1.01,18,12,,False,,쉬움
2388,forest,418303301-42899,79,유명산,,3.392,3.39,60,42,,False,,쉬움
2389,forest,418303301-42900,79,유명산,가일리구간,1.541,1.54,46,32,,False,,쉬움
2390,forest,418303301-42901,79,유명산,가일리구간,1.468,1.47,26,18,,False,,쉬움
2391,forest,418303301-42902,79,유명산,,1.257,1.26,22,16,,False,,쉬움
2392,forest,418303301-42903,79,유명산,,0.81,0.81,14,10,,False,,쉬움
2393,forest,418303301-42914,79,유명산,가일리구간,0.133,0.13,2,2,,False,,쉬움
2394,forest,418303301-42915,79,유명산,가일리구간,0.119,0.12,2,1,,False,,쉬움
2395,forest,418303301-42904,79,유명산,가일리구간,0.396,0.4,7,5,,False,,쉬움
2396,forest,418303301-42905,79,유명산,,0.477,0.48,8,6,,False,,쉬움
2397,forest,418303301-42906,79,유명산,,0.915,0.92,16,11,,False,,쉬움
2398,forest,418303301-42907,79,유명산,가일리구간,0.47,0.47,8,6,,False,,쉬움
2399,forest,418303301-42908,79,유명산,가일리구간,0.255,0.26,5,3,,False,,쉬움
2400,forest,418303301-42909,79,유명산,,0.435,0.44,8,5,,False,,쉬움
2401,forest,418303301-42910,79,유명산,,0.268,0.27,5,3,,False,,쉬움
2402,forest,418303301-42911,79,유명산,가일리구간,0.184,0.18,3,2,,False,,쉬움
2403,forest,418303301-42912,79,유명산,,0.073,0.07,1,1,,False,,쉬움
2404,forest,418303301-42913,79,유명산,,0.143,0.14,2,2,,False,,쉬움
2405,forest,418303301-42916,79,유명산,,0.048,0.05,1,1,,False,,쉬움
2406,forest,418303301-42917,79,유명산,가일리구간,0.431,0.43,8,5,,False,,쉬움
2407,forest,418303301-42918,79,유명산,가일리구간,0.331,0.33,6,4,,False,,쉬움
2408,forest,418303301-42919,79,유명산,가일리구간,0.386,0.39,7,5,,False,,쉬움
2409,forest,418303301-42920,79,유명산,,0.403,0.4,7,5,,False,,쉬움
2410,forest,418303301-42921,79,유명산,,0.071,0.07,1,1,,False,,쉬움
2411,forest,418303301-42922,79,유명산,,0.072,0.07,1,1,,False,,쉬움
2412,forest,418303301-42923,79,유명산,,0.26,0.26,5,3,,False,,쉬움
2413,forest,418303301-42924,79,유명산,,0.642,0.64,11,8,,False,,쉬움
2414,forest,418303301-42925,79,유명산,,0.399,0.4,7,5,,False,,쉬움
2415,forest,418303301-42926,79,유명산,가일리구간,0.094,0.09,2,1,,False,,쉬움
2416,forest,418303301-42927,79,유명산,,0.191,0.19,3,2,,False,,쉬움
2417,forest,411900201-41842,42,원미산,,0.086,0.09,2,1,,False,,쉬움
2418,forest,411900201-41843,42,원미산,원미동구간,0.234,0.23,4,3,,False,,쉬움
2419,forest,411900201-41844,42,원미산,,0.187,0.19,3,2,,False,,쉬움
2420,forest,411900201-41877,42,원미산,원미동구간,0.044,0.04,1,0,,False,,쉬움
2421,forest,411900201-41845,42,원미산,,0.111,0.11,2,1,,False,,쉬움
2422,forest,411900201-41846,42,원미산,,0.285,0.29,5,4,,False,,쉬움
2423,forest,411900201-41847,42,원미산,,0.201,0.2,4,2,,False,,쉬움
2424,forest,411900201-41848,42,원미산,,0.272,0.27,5,3,,False,,쉬움
2425,forest,411900201-41849,42,원미산,,0.425,0.43,8,5,,False,,쉬움
2426,forest,411900201-41850,42,원미산,,0.331,0.33,6,4,,False,,쉬움
2427,forest,411900201-41851,42,원미산,춘의동구간,0.658,0.66,12,8,,False,,쉬움
2428,forest,411900201-41852,42,원미산,역곡동구간,0.994,0.99,17,12,,False,,쉬움
2429,forest,411900201-41853,42,원미산,,0.278,0.28,5,3,,False,,쉬움
2430,forest,411900201-41878,42,원미산,,0.011,0.01,1,0,,False,,쉬움
2431,forest,411900201-41854,42,원미산,,0.164,0.16,3,2,,False,,쉬움
2432,forest,411900201-41855,42,원미산,,0.198,0.2,4,2,,False,,쉬움
2433,forest,411900201-41856,42,원미산,,0.147,0.15,3,2,,False,,쉬움
2434,forest,411900201-41857,42,원미산,,0.123,0.12,2,1,,False,,쉬움
2435,forest,411900201-41858,42,원미산,역곡동구간,0.886,0.89,16,11,,False,,쉬움
2436,forest,411900201-41859,42,원미산,춘의동구간,0.284,0.28,5,3,,False,,쉬움
2437,forest,411900201-41860,42,원미산,소사동구간,0.366,0.37,7,5,,False,,쉬움
2438,forest,411900201-41861,42,원미산,소사동구간,0.347,0.35,6,4,,False,,쉬움
2439,forest,411900201-41862,42,원미산,원미동구간,0.233,0.23,4,3,,False,,쉬움
2440,forest,411900201-41863,42,원미산,원미동구간,0.089,0.09,2,1,,False,,쉬움
2441,forest,411900201-41864,42,원미산,,0.014,0.01,1,0,,False,,쉬움
2442,forest,411900201-41890,42,원미산,,0.043,0.04,1,0,,False,,쉬움
2443,forest,416702701-38454,86,오갑산,,1.224,1.44,25,18,,False,,쉬움
2444,forest,411900201-41865,42,원미산,원미동구간,0.103,0.1,2,1,,False,,쉬움
2445,forest,411900201-41866,42,원미산,,0.125,0.12,2,1,,False,,쉬움
2446,forest,411900201-41867,42,원미산,원미동구간,0.108,0.11,2,1,,False,,쉬움
2447,forest,411900201-41868,42,원미산,,0.158,0.16,3,2,,False,,쉬움
2448,forest,411900201-41869,42,원미산,,0.174,0.17,3,2,,False,,쉬움
2449,forest,411900201-41870,42,원미산,,0.083,0.08,1,1,,False,,쉬움
2450,forest,411900201-41871,42,원미산,,0.199,0.2,4,2,,False,,쉬움
2451,forest,411900201-41872,42,원미산,역곡동구간,0.735,0.73,13,9,,False,,쉬움
2452,forest,411900201-41873,42,원미산,역곡동구간,0.556,0.56,10,7,,False,,쉬움
2453,forest,411900201-41874,42,원미산,춘의동구간,0.072,0.07,1,1,,False,,쉬움
2454,forest,411900201-41875,42,원미산,소사동구간,0.017,0.02,1,0,,False,,쉬움
2455,forest,411900201-41876,42,원미산,,0.036,0.04,1,0,,False,,쉬움
2456,forest,411900201-41909,42,원미산,역곡동구간,0.845,0.84,15,10,,False,,쉬움
2457,forest,411900201-41879,42,원미산,,0.221,0.22,4,3,,False,,쉬움
2458,forest,411900201-41880,42,원미산,,0.1,0.1,2,1,,False,,쉬움
2459,forest,411900201-41881,42,원미산,,0.073,0.07,1,1,,False,,쉬움
2460,forest,411900201-41882,42,원미산,,0.211,0.21,4,3,,False,,쉬움
2461,forest,411900201-41883,42,원미산,,0.056,0.06,1,1,,False,,쉬움
2462,forest,411900201-41884,42,원미산,,0.057,0.06,1,1,,False,,쉬움
2463,forest,411900201-41885,42,원미산,,0.137,0.14,2,2,,False,,쉬움
2464,forest,411900201-41886,42,원미산,,0.056,0.06,1,1,,False,,쉬움
2465,forest,411900201-41887,42,원미산,,0.083,0.08,1,1,,False,,쉬움
2466,forest,411900201-41888,42,원미산,,0.071,0.07,1,1,,False,,쉬움
2467,forest,411900201-41889,42,원미산,,0.042,0.04,1,0,,False,,쉬움
2468,forest,411900201-41891,42,원미산,,0.063,0.06,1,1,,False,,쉬움
2469,forest,411900201-41892,42,원미산,,0.053,0.05,1,1,,False,,쉬움
2470,forest,411900201-41893,42,원미산,,0.037,0.04,1,0,,False,,쉬움
2471,forest,411900201-41894,42,원미산,,0.071,0.07,1,1,,False,,쉬움
2472,forest,411900201-41895,42,원미산,,0.108,0.11,2,1,,False,,쉬움
2473,forest,411900201-41896,42,원미산,,0.072,0.07,1,1,,False,,쉬움
2474,forest,411900201-41897,42,원미산,,0.081,0.08,1,1,,False,,쉬움
2475,forest,411900201-41898,42,원미산,,0.137,0.14,2,2,,False,,쉬움
2476,forest,411900201-41899,42,원미산,,0.117,0.12,2,1,,False,,쉬움
2477,forest,411900201-41900,42,원미산,,0.156,0.16,3,2,,False,,쉬움
2478,forest,411900201-41910,42,원미산,,0.382,0.38,7,5,,False,,쉬움
2479,forest,416702701-38455,86,오갑산,관한리구간,0.373,0.37,7,5,,False,,쉬움
2480,forest,411900201-41901,42,원미산,,0.165,0.17,3,2,,False,,쉬움
2481,forest,411900201-41902,42,원미산,,0.03,0.03,1,0,,False,,쉬움
2482,forest,411900201-41903,42,원미산,,0.079,0.08,1,1,,False,,쉬움
2483,forest,411900201-41904,42,원미산,,0.064,0.06,1,1,,False,,쉬움
2484,forest,411900201-41905,42,원미산,,0.383,0.38,7,5,,False,,쉬움
2485,forest,411900201-41906,42,원미산,,0.259,0.26,5,3,,False,,쉬움
2486,forest,411900201-41907,42,원미산,춘의동구간,0.473,0.47,8,6,,False,,쉬움
2487,forest,411900201-41908,42,원미산,역곡동구간,0.734,0.73,13,9,,False,,쉬움
2488,forest,411900201-41911,42,원미산,,0.568,0.57,10,7,,False,,쉬움
2489,forest,411900201-41912,42,원미산,,0.257,0.26,5,3,,False,,쉬움
2490,forest,411900201-41913,42,원미산,,0.162,0.16,3,2,,False,,쉬움
2491,forest,418203101-41198,122,운악산,,1.211,1.21,21,15,,False,,쉬움
2492,forest,418203101-41199,122,운악산,,0.382,0.38,7,5,,False,,쉬움
2493,forest,418203101-41195,122,운악산,신상리구간,0.357,0.36,7,5,,False,,중간
2494,forest,418203101-41196,122,운악산,,0.541,0.54,10,7,,False,,쉬움
2495,forest,418203101-41197,122,운악산,,0.828,0.83,15,10,,False,,쉬움
2496,forest,418203101-41206,122,운악산,,0.218,0.22,4,3,,False,,쉬움
2497,forest,418203101-41207,122,운악산,,0.187,0.19,3,2,,False,,쉬움
2498,forest,418203101-41208,122,운악산,,0.12,0.12,2,1,,False,,쉬움
2499,forest,418203101-41209,122,운악산,,0.233,0.23,4,3,,False,,쉬움
2500,forest,418203101-41210,122,운악산,,0.749,0.75,13,9,,False,,쉬움
2501,forest,418203101-41211,122,운악산,,1.523,1.52,57,40,,False,,쉬움
2502,forest,418203101-41212,122,운악산,,1.862,1.86,33,23,,False,,쉬움
2503,forest,418203101-41213,122,운악산,,0.643,0.64,11,8,,False,,쉬움
2504,forest,418203101-41214,122,운악산,,0.055,0.06,1,1,,False,,쉬움
2505,forest,418203101-41215,122,운악산,,0.037,0.04,1,0,,False,,쉬움
2506,forest,416502601-41183,122,운악산,화현리구간,0.811,0.81,24,17,,False,,중간
2507,forest,416502601-41184,122,운악산,,1.903,1.9,34,23,,False,,쉬움
2508,forest,416502601-41185,122,운악산,대원사구간,1.513,1.51,45,32,,False,,쉬움
2509,forest,416502601-41186,122,운악산,,0.208,0.21,4,3,,False,,쉬움
2510,forest,416502601-41187,122,운악산,운악산매표소구간,0.24,0.24,4,3,,False,,쉬움
2511,forest,416502601-41188,122,운악산,화현리구간,0.414,0.41,7,5,,False,,쉬움
2512,forest,416502601-41189,122,운악산,,0.121,0.12,2,1,,False,,쉬움
2513,forest,416502601-41190,122,운악산,운주사구간,0.507,0.51,10,7,,False,,쉬움
2514,forest,416502601-41191,122,운악산,하판리구간,0.311,0.31,5,4,,False,,쉬움
2515,forest,416502601-41192,122,운악산,,1.823,1.82,32,22,,False,,쉬움
2516,forest,416502601-41193,122,운악산,하판리구간,0.882,0.88,33,23,,False,,중간
2517,forest,416502601-41194,122,운악산,화현리구간,1.579,1.58,59,41,,False,,쉬움
2518,forest,413601601-41012,36,운길산,,1.575,1.58,28,20,,False,,쉬움
2519,forest,413601601-41013,36,운길산,,0.088,0.09,2,1,,False,,쉬움
2520,forest,413601601-41014,36,운길산,송촌리구간,0.39,0.39,8,6,,False,,중간
2521,forest,413601601-41015,36,운길산,송촌리구간,0.581,0.58,12,9,,False,,쉬움
2522,forest,413601601-41016,36,운길산,,1.764,1.76,31,22,,False,,쉬움
2523,forest,413601601-41017,36,운길산,,0.345,0.34,6,4,,False,,쉬움
2524,forest,413601601-41018,36,운길산,진중리구간,2.599,2.6,65,46,,False,,쉬움
2525,forest,413601601-41019,36,운길산,시우리구간,2.251,2.25,56,39,,False,,쉬움
2526,forest,416702701-38456,86,오갑산,,0.965,1.14,20,14,,False,,쉬움
2527,forest,416702701-38457,86,오갑산,,0.716,0.72,13,9,,False,,쉬움
2528,forest,415501501-22041,61,백운산 (경기),,0.038,0.04,1,0,,False,,쉬움
2529,forest,418303101-40373,78,용문산 (경기),신점리구간,1.559,1.56,28,19,,False,,쉬움
2530,forest,418303101-40374,78,용문산 (경기),,1.802,1.8,32,22,,False,,쉬움
2531,forest,418303101-40375,78,용문산 (경기),,0.329,0.33,6,4,,False,,쉬움
2532,forest,418303101-40376,78,용문산 (경기),,0.006,0.01,1,0,,False,,쉬움
2533,forest,418303101-40377,78,용문산 (경기),,1.127,1.13,20,14,,False,,쉬움
2534,forest,418303101-40378,78,용문산 (경기),,1.768,1.77,31,22,,False,,쉬움
2535,forest,418303101-40379,78,용문산 (경기),,0.359,0.36,6,4,,False,,쉬움
2536,forest,418303101-40380,78,용문산 (경기),,0.326,0.33,6,4,,False,,쉬움
2537,forest,418303101-40381,78,용문산 (경기),,0.741,0.74,13,9,,False,,쉬움
2538,forest,418303101-40382,78,용문산 (경기),,0.929,0.93,16,11,,False,,쉬움
2539,forest,418303101-40383,78,용문산 (경기),,3.387,3.39,127,89,,False,,쉬움
2540,forest,418303101-40384,78,용문산 (경기),연수리구간,4.774,4.78,84,59,,False,,쉬움
2541,forest,416502401-40044,121,왕방산,탑동동구간,1.06,1.06,19,13,,False,,쉬움
2542,forest,416502401-40045,121,왕방산,탑동동구간,3.551,3.55,63,44,,False,,쉬움
2543,forest,416502401-40046,121,왕방산,금동리구간,3.488,3.49,62,43,,False,,쉬움
2544,forest,414300701-38697,106,오봉산 (의왕),이동구간,2.36,2.36,42,29,,False,,쉬움
2545,forest,416702701-38446,86,오갑산,,0.084,0.08,1,1,,False,,쉬움
2546,forest,416702701-38447,86,오갑산,,0.324,0.32,6,4,,False,,쉬움
2547,forest,416702701-38448,86,오갑산,관한리구간,3.764,3.77,67,47,,False,,쉬움
2548,forest,416702701-38449,86,오갑산,관한리구간,0.779,0.78,14,10,,False,,쉬움
2549,forest,416702701-38450,86,오갑산,,1.373,1.37,24,17,,False,,쉬움
2550,forest,416702701-38451,86,오갑산,,0.879,0.88,16,11,,False,,쉬움
2551,forest,416702701-38452,86,오갑산,,0.449,0.45,8,6,,False,,쉬움
2552,forest,416702701-38453,86,오갑산,,0.568,0.57,10,7,,False,,쉬움
2553,forest,416702701-38458,86,오갑산,관한리구간,0.113,0.11,2,1,,False,,쉬움
2554,forest,416702701-38459,86,오갑산,,0.749,0.75,13,9,,False,,쉬움
2555,forest,416702701-38460,86,오갑산,,0.706,0.71,13,9,,False,,쉬움
2556,forest,416702701-38461,86,오갑산,관한리구간,2.488,2.49,44,31,,False,,쉬움
2557,forest,416702701-38462,86,오갑산,뇌곡리구간,1.797,1.8,32,22,,False,,쉬움
2558,forest,416702701-38463,86,오갑산,뇌곡리구간,1.689,1.69,42,30,,False,,쉬움
2559,forest,416702701-38464,86,오갑산,,0.993,0.99,17,12,,False,,쉬움
2560,forest,416702701-38465,86,오갑산,,0.717,0.72,13,9,,False,,쉬움
2561,forest,416702701-38466,86,오갑산,성신리구간,0.225,0.22,4,3,,False,,쉬움
2562,forest,416702701-38467,86,오갑산,성신리구간,0.143,0.14,2,2,,False,,쉬움
2563,forest,416702701-38468,86,오갑산,관한리구간,0.362,0.36,6,4,,False,,쉬움
2564,forest,416702701-38469,86,오갑산,관한리구간,0.425,0.43,8,5,,False,,쉬움
2565,forest,416702701-38470,86,오갑산,,0.039,0.04,1,0,,False,,쉬움
2566,forest,416702701-38471,86,오갑산,관한리구간,0.539,0.55,10,7,,False,,쉬움
2567,forest,416702701-38472,86,오갑산,,0.165,0.17,3,2,,False,,쉬움
2568,forest,416702701-38473,86,오갑산,,0.006,1.05,19,13,,False,,쉬움
2569,forest,416702701-38474,86,오갑산,,0.663,1.22,22,15,,False,,쉬움
2570,forest,416702701-38475,86,오갑산,,0.482,0.48,8,6,,False,,쉬움
2571,forest,413601201-38364,34,예봉산,팔당리구간,0.109,0.11,2,1,,False,,쉬움
2572,forest,413601201-38365,34,예봉산,능내리구간,1.82,1.82,32,22,,False,,쉬움
2573,forest,413601201-38366,34,예봉산,팔당리구간,1.095,1.1,19,14,,False,,쉬움
2574,forest,413601201-38367,34,예봉산,팔당리구간,3.092,3.09,55,38,,False,,쉬움
2575,forest,413601201-38368,34,예봉산,,0.664,0.66,12,8,,False,,쉬움
2576,forest,413601201-38369,34,예봉산,팔당리구간,0.212,0.21,4,3,,False,,쉬움
2577,forest,413601201-38370,34,예봉산,팔당리구간,1.177,1.18,21,15,,False,,쉬움
2578,forest,413601201-38371,34,예봉산,팔당리구간,0.186,0.19,3,2,,False,,쉬움
2579,forest,413601201-38372,34,예봉산,,0.614,0.61,11,8,,False,,쉬움
2580,forest,413601201-38385,34,예봉산,,0.312,0.31,5,4,,False,,쉬움
2581,forest,413601201-38386,34,예봉산,,0.003,0.0,1,0,,False,,쉬움
2582,forest,413601201-38373,34,예봉산,,0.671,0.67,12,8,,False,,쉬움
2583,forest,413601201-38374,34,예봉산,팔당리구간,3.659,3.66,137,96,,False,,쉬움
2584,forest,413601201-38375,34,예봉산,팔당리구간,0.764,0.76,13,9,,False,,쉬움
2585,forest,413601201-38376,34,예봉산,팔당리구간,0.165,0.16,3,2,,False,,쉬움
2586,forest,413601201-38377,34,예봉산,,0.029,0.03,1,0,,False,,쉬움
2587,forest,413601201-38378,34,예봉산,,0.059,0.06,1,1,,False,,쉬움
2588,forest,413601201-38379,34,예봉산,조안리구간,4.436,4.44,78,55,,False,,쉬움
2589,forest,413601201-38380,34,예봉산,팔당리구간,1.081,1.08,19,13,,False,,쉬움
2590,forest,413601201-38381,34,예봉산,팔당리구간,0.049,0.05,1,1,,False,,쉬움
2591,forest,413601201-38382,34,예봉산,,0.494,0.49,9,6,,False,,쉬움
2592,forest,413601201-38383,34,예봉산,,0.199,0.2,4,2,,False,,쉬움
2593,forest,413601201-38384,34,예봉산,,1.197,1.2,21,15,,False,,쉬움
2594,forest,413601201-38425,34,예봉산,,0.028,0.03,1,0,,False,,쉬움
2595,forest,413601201-38387,34,예봉산,,0.152,0.15,3,2,,False,,쉬움
2596,forest,413601201-38388,34,예봉산,,0.125,0.13,2,2,,False,,쉬움
2597,forest,413601201-38389,34,예봉산,,0.068,0.07,1,1,,False,,쉬움
2598,forest,413601201-38390,34,예봉산,,0.503,0.5,13,9,,False,,중간
2599,forest,413601201-38391,34,예봉산,,0.755,0.76,13,9,,False,,쉬움
2600,forest,413601201-38392,34,예봉산,,0.313,0.31,5,4,,False,,쉬움
2601,forest,413601201-38393,34,예봉산,,0.047,0.05,1,1,,False,,쉬움
2602,forest,413601201-38394,34,예봉산,팔당리구간,0.602,0.6,11,7,,False,,쉬움
2603,forest,413601201-38395,34,예봉산,,0.003,0.0,1,0,,False,,쉬움
2604,forest,413601201-38396,34,예봉산,,0.335,0.34,6,4,,False,,쉬움
2605,forest,413601201-38397,34,예봉산,,0.098,0.1,2,1,,False,,어려
2606,forest,413601201-38398,34,예봉산,,0.577,0.58,10,7,,False,,쉬움
2607,forest,413601201-38399,34,예봉산,,0.362,0.36,6,4,,False,,쉬움
2608,forest,413601201-38400,34,예봉산,,1.062,1.06,19,13,,False,,쉬움
2609,forest,413601201-38401,34,예봉산,,0.07,0.07,1,1,,False,,쉬움
2610,forest,413601201-38402,34,예봉산,,0.849,0.85,21,15,,False,,쉬움
2611,forest,413601201-38403,34,예봉산,,0.765,0.77,14,10,,False,,쉬움
2612,forest,413601201-38404,34,예봉산,도곡리구간,5.016,5.02,188,132,,False,,쉬움
2613,forest,413601201-38405,34,예봉산,도곡리구간,1.443,1.44,25,18,,False,,쉬움
2614,forest,413601201-38406,34,예봉산,도곡리구간,0.999,1.0,19,13,,False,,쉬움
2615,forest,413601201-38407,34,예봉산,,0.143,0.14,2,2,,False,,쉬움
2616,forest,413601201-38408,34,예봉산,,0.021,0.02,1,0,,False,,쉬움
2617,forest,413601201-38409,34,예봉산,,0.67,0.67,12,8,,False,,쉬움
2618,forest,413601201-38426,34,예봉산,팔당리구간,1.759,1.76,31,22,,False,,쉬움
2619,forest,413601201-38427,34,예봉산,팔당리구간,1.186,1.19,21,15,,False,,쉬움
2620,forest,413601201-38428,34,예봉산,도곡리구간,1.426,1.43,25,18,,False,,쉬움
2621,forest,413601201-38410,34,예봉산,,1.119,1.12,20,14,,False,,쉬움
2622,forest,413601201-38411,34,예봉산,,0.392,0.39,7,5,,False,,쉬움
2623,forest,413601201-38412,34,예봉산,도곡리구간,0.291,0.29,5,4,,False,,쉬움
2624,forest,413601201-38413,34,예봉산,도곡리구간,0.384,0.38,7,5,,False,,쉬움
2625,forest,413601201-38414,34,예봉산,도곡리구간,0.608,0.61,11,8,,False,,쉬움
2626,forest,413601201-38415,34,예봉산,덕소리구간,1.744,1.75,31,22,,False,,쉬움
2627,forest,413601201-38416,34,예봉산,도곡리구간,1.725,1.73,31,21,,False,,쉬움
2628,forest,413601201-38417,34,예봉산,도곡리구간,2.387,2.39,42,30,,False,,쉬움
2629,forest,413601201-38418,34,예봉산,,0.838,0.84,15,10,,False,,쉬움
2630,forest,413601201-38419,34,예봉산,,0.826,0.83,15,10,,False,,쉬움
2631,forest,413601201-38420,34,예봉산,,1.196,1.2,21,15,,False,,쉬움
2632,forest,413601201-38421,34,예봉산,,0.461,0.46,8,6,,False,,쉬움
2633,forest,413601201-38422,34,예봉산,,0.569,0.57,10,7,,False,,쉬움
2634,forest,413601201-38423,34,예봉산,,0.225,0.23,4,3,,False,,쉬움
2635,forest,413601201-38424,34,예봉산,능내리구간,2.563,2.56,96,67,,False,,쉬움
2636,forest,413601201-38429,34,예봉산,도곡리구간,0.716,0.72,13,9,,False,,쉬움
2637,forest,413601201-38430,34,예봉산,도곡리구간,0.238,0.24,4,3,,False,,쉬움
2638,forest,413601201-38431,34,예봉산,,1.36,1.36,24,17,,False,,쉬움
2639,forest,413601201-38432,34,예봉산,,0.358,0.36,6,4,,False,,쉬움
2640,forest,413601201-38433,34,예봉산,,0.58,0.58,10,7,,False,,쉬움
2641,forest,413601201-38434,34,예봉산,팔당리구간,0.079,0.08,1,1,,False,,쉬움
2642,forest,413601201-38435,34,예봉산,팔당리구간,0.763,0.76,13,9,,False,,쉬움
2643,forest,413601201-38436,34,예봉산,,0.494,0.49,9,6,,False,,쉬움
2644,forest,413601201-38437,34,예봉산,,0.244,0.24,4,3,,False,,쉬움
2645,forest,413601201-38438,34,예봉산,,0.202,0.2,4,2,,False,,쉬움
2646,forest,411300101-38198,51,영장산,태평동구간,0.13,0.13,2,2,,False,,쉬움
2647,forest,418202901-37723,10,연인산,,0.715,0.72,13,9,,False,,쉬움
2648,forest,411300101-38199,51,영장산,,0.178,0.18,3,2,,False,,쉬움
2649,forest,411300101-38200,51,영장산,태평동구간,0.083,0.08,1,1,,False,,쉬움
2650,forest,411300101-38201,51,영장산,,0.078,0.08,1,1,,False,,쉬움
2651,forest,411300101-38202,51,영장산,,0.018,0.02,1,0,,False,,쉬움
2652,forest,411300101-38203,51,영장산,복정동구간,0.101,0.1,2,1,,False,,쉬움
2653,forest,411300101-38204,51,영장산,,0.048,0.05,1,1,,False,,쉬움
2654,forest,411300101-38205,51,영장산,태평동구간,0.102,0.1,2,1,,False,,쉬움
2655,forest,411300101-38206,51,영장산,복정동구간,0.146,0.15,3,2,,False,,쉬움
2656,forest,411300101-38207,51,영장산,,0.295,0.29,5,4,,False,,쉬움
2657,forest,411300101-38208,51,영장산,,0.236,0.24,4,3,,False,,쉬움
2658,forest,411300101-38209,51,영장산,복정동구간,0.324,0.32,6,4,,False,,쉬움
2659,forest,411300101-38210,51,영장산,,0.092,0.09,2,1,,False,,쉬움
2660,forest,418202901-37724,10,연인산,,3.639,3.64,64,45,,False,,쉬움
2661,forest,418202901-37725,10,연인산,백둔리구간,0.616,0.62,11,8,,False,,쉬움
2662,forest,418202901-37701,10,연인산,,1.713,1.71,30,21,,False,,쉬움
2663,forest,418202901-37702,10,연인산,백둔리탐방로,1.002,1.0,18,12,,False,,쉬움
2664,forest,418202901-37703,10,연인산,백둔리구간,1.921,1.92,34,24,,False,,쉬움
2665,forest,418202901-37704,10,연인산,,0.255,0.25,4,3,,False,,쉬움
2666,forest,418202901-37705,10,연인산,경반리탐방로,1.545,1.55,27,19,,False,,쉬움
2667,forest,418202901-37706,10,연인산,승안리구간,4.43,4.43,83,58,,False,,쉬움
2668,forest,418202901-37707,10,연인산,,2.328,2.33,41,29,,False,,쉬움
2669,forest,418202901-37708,10,연인산,,1.737,1.74,31,21,,False,,쉬움
2670,forest,418202901-37709,10,연인산,,1.113,1.11,20,14,,False,,쉬움
2671,forest,418202901-37710,10,연인산,,1.503,1.5,26,19,,False,,쉬움
2672,forest,418202901-37711,10,연인산,,0.979,0.98,17,12,,False,,쉬움
2673,forest,418202901-37726,10,연인산,,9.682,9.69,171,120,,False,,쉬움
2674,forest,418202901-37727,10,연인산,마일리구간,1.673,1.67,63,44,,False,,쉬움
2675,forest,418202901-37712,10,연인산,,0.337,0.34,6,4,,False,,쉬움
2676,forest,418202901-37713,10,연인산,승안리구간,0.188,0.19,3,2,,False,,쉬움
2677,forest,418202901-37714,10,연인산,,0.036,0.04,1,0,,False,,쉬움
2678,forest,418202901-37715,10,연인산,,2.403,2.4,72,50,,False,,쉬움
2679,forest,418202901-37716,10,연인산,,0.208,0.21,4,3,,False,,쉬움
2680,forest,418202901-37717,10,연인산,,0.237,0.24,4,3,,False,,쉬움
2681,forest,418202901-37718,10,연인산,,0.244,0.24,4,3,,False,,쉬움
2682,forest,418202901-37719,10,연인산,,1.516,1.52,27,19,,False,,쉬움
2683,forest,418202901-37720,10,연인산,,3.469,3.47,61,43,,False,,쉬움
2684,forest,418202901-37721,10,연인산,,0.636,0.64,11,8,,False,,쉬움
2685,forest,418202901-37722,10,연인산,,1.847,1.85,33,23,,False,,쉬움
2686,forest,413700801-37424,91,여계산,,0.263,0.26,5,3,,False,,쉬움
2687,forest,413700801-37410,91,여계산,궐동구간,0.104,0.1,2,1,,False,,쉬움
2688,forest,413700801-37411,91,여계산,궐동구간,0.027,0.03,1,0,,False,,쉬움
2689,forest,413700801-37412,91,여계산,궐동구간,0.022,0.02,1,0,,False,,쉬움
2690,forest,413700801-37413,91,여계산,,0.047,0.05,1,1,,False,,쉬움
2691,forest,413700801-37414,91,여계산,,0.103,0.1,2,1,,False,,쉬움
2692,forest,413700801-37415,91,여계산,,0.053,0.05,1,1,,False,,쉬움
2693,forest,413700801-37416,91,여계산,,0.032,0.03,1,0,,False,,쉬움
2694,forest,413700801-37417,91,여계산,,0.019,0.02,1,0,,False,,쉬움
2695,forest,413700801-37418,91,여계산,궐동구간,0.142,0.14,2,2,,False,,쉬움
2696,forest,413700801-37419,91,여계산,궐동구간,0.03,0.03,1,0,,False,,쉬움
2697,forest,413700801-37420,91,여계산,,0.124,0.12,2,1,,False,,쉬움
2698,forest,413700801-37421,91,여계산,,0.072,0.07,1,1,,False,,쉬움
2699,forest,413700801-37422,91,여계산,궐동구간,0.067,0.07,1,1,,False,,쉬움
2700,forest,413700801-37423,91,여계산,궐동구간,0.08,0.08,1,1,,False,,쉬움
2701,forest,413700801-37425,91,여계산,,0.128,0.13,2,2,,False,,쉬움
2702,forest,413700801-37426,91,여계산,궐동구간,0.2,0.2,4,2,,False,,쉬움
2703,forest,413700801-37427,91,여계산,,0.104,0.1,2,1,,False,,쉬움
2704,forest,413700801-37428,91,여계산,,0.012,0.01,1,0,,False,,쉬움
2705,forest,413700801-37429,91,여계산,,0.065,0.06,1,1,,False,,쉬움
2706,forest,413700801-37430,91,여계산,,0.086,0.09,2,1,,False,,쉬움
2707,forest,413700801-37431,91,여계산,,0.162,0.16,3,2,,False,,쉬움
2708,forest,413700801-37432,91,여계산,수청동구간,0.037,0.04,1,0,,False,,쉬움
2709,forest,413700801-37433,91,여계산,,0.067,0.07,1,1,,False,,쉬움
2710,forest,413700801-37434,91,여계산,수청동구간,0.099,0.1,2,1,,False,,쉬움
2711,forest,413700801-37435,91,여계산,궐동구간,0.166,0.17,3,2,,False,,쉬움
2712,forest,413700801-37436,91,여계산,,0.372,0.37,7,5,,False,,쉬움
2713,forest,413700801-37437,91,여계산,궐동구간,0.064,0.06,1,1,,False,,쉬움
2714,forest,413700801-37438,91,여계산,,0.111,0.11,2,1,,False,,쉬움
2715,forest,413700801-37439,91,여계산,궐동구간,0.221,0.22,4,3,,False,,쉬움
2716,forest,413700801-37440,91,여계산,,1.008,1.01,18,12,,False,,쉬움
2717,forest,413700801-37441,91,여계산,궐동구간,0.155,0.16,3,2,,False,,쉬움
2718,forest,413700801-37442,91,여계산,,0.093,0.09,2,1,,False,,쉬움
2719,forest,413700801-37443,91,여계산,지곶동구간,0.355,0.36,6,4,,False,,쉬움
2720,forest,413700801-37444,91,여계산,가장동구간,0.082,0.08,1,1,,False,,쉬움
2721,forest,413700801-37445,91,여계산,,0.531,0.53,9,7,,False,,쉬움
2722,forest,413700801-37446,91,여계산,가장동구간,0.045,0.05,1,1,,False,,쉬움
2723,forest,413700801-37447,91,여계산,,0.039,0.04,1,0,,False,,쉬움
2724,forest,413700801-37448,91,여계산,가장동구간,0.054,0.05,1,1,,False,,쉬움
2725,forest,413700801-37449,91,여계산,,0.146,0.15,3,2,,False,,쉬움
2726,forest,413700801-37450,91,여계산,,0.106,0.11,2,1,,False,,쉬움
2727,forest,413700801-37451,91,여계산,금암동구간,0.475,0.48,8,6,,False,,쉬움
2728,forest,418302901-37288,77,어비산,가일리구간,0.092,0.09,2,1,,False,,쉬움
2729,forest,418302901-37289,77,어비산,,4.627,4.63,82,57,,False,,쉬움
2730,forest,415001701-31738,109,설봉산 (경기),,0.284,0.28,5,3,,False,,쉬움
2731,forest,411700301-33351,67,수리산,,4.779,4.78,84,59,,False,,쉬움
2732,forest,411700301-33352,67,수리산,,1.145,1.15,20,14,,False,,쉬움
2733,forest,411700301-33353,67,수리산,,0.006,0.01,1,0,,False,,쉬움
2734,forest,411700301-33354,67,수리산,,1.633,1.63,29,20,,False,,쉬움
2735,forest,411700301-33355,67,수리산,부곡동구간,0.153,0.15,3,2,,False,,쉬움
2736,forest,411700301-33376,67,수리산,,0.218,0.22,4,3,,False,,쉬움
2737,forest,411700301-33356,67,수리산,,0.791,0.79,14,10,,False,,쉬움
2738,forest,411700301-33357,67,수리산,,0.883,0.88,16,11,,False,,쉬움
2739,forest,411700301-33358,67,수리산,,1.01,1.01,18,12,,False,,쉬움
2740,forest,411700301-33359,67,수리산,,0.95,0.95,17,12,,False,,쉬움
2741,forest,411700301-33360,67,수리산,,1.019,1.02,18,13,,False,,쉬움
2742,forest,411700301-33361,67,수리산,,0.44,0.44,8,5,,False,,쉬움
2743,forest,411700301-33362,67,수리산,당동구간,0.364,0.36,6,4,,False,,쉬움
2744,forest,411700301-33363,67,수리산,,0.618,0.62,11,8,,False,,쉬움
2745,forest,411700301-33377,67,수리산,산본동구간,0.537,0.54,10,7,,False,,쉬움
2746,forest,411700301-33378,67,수리산,금정동구간,1.473,1.47,26,18,,False,,쉬움
2747,forest,411700301-33364,67,수리산,,0.36,0.36,6,4,,False,,쉬움
2748,forest,411700301-33365,67,수리산,산본동구간,1.621,1.62,30,21,,False,,쉬움
2749,forest,411700301-33366,67,수리산,,0.26,0.26,5,3,,False,,쉬움
2750,forest,411700301-33367,67,수리산,,1.451,1.45,26,18,,False,,쉬움
2751,forest,411700301-33368,67,수리산,,0.387,0.39,7,5,,False,,쉬움
2752,forest,411700301-33369,67,수리산,산본동구간,0.917,0.92,16,11,,False,,쉬움
2753,forest,411700301-33370,67,수리산,,0.15,0.15,3,2,,False,,쉬움
2754,forest,411700301-33371,67,수리산,,0.012,0.01,1,0,,False,,쉬움
2755,forest,411700301-33372,67,수리산,,1.134,1.13,20,14,,False,,쉬움
2756,forest,411700301-33373,67,수리산,,0.025,0.03,1,0,,False,,쉬움
2757,forest,411700301-33374,67,수리산,,0.424,0.42,7,5,,False,,쉬움
2758,forest,411700301-33375,67,수리산,속달동구간,0.749,0.75,13,9,,False,,쉬움
2759,forest,411700301-33379,67,수리산,,0.623,0.62,11,8,,False,,쉬움
2760,forest,411700301-33380,67,수리산,,0.374,0.37,7,5,,False,,쉬움
2761,forest,411700301-33381,67,수리산,산본동구간,1.93,1.93,36,25,,False,,쉬움
2762,forest,411700301-33382,67,수리산,속달동구간,0.53,0.53,9,7,,False,,쉬움
2763,forest,411700301-33383,67,수리산,,0.138,0.14,2,2,,False,,쉬움
2764,forest,411700301-33384,67,수리산,,0.381,0.38,7,5,,False,,쉬움
2765,forest,411700301-33385,67,수리산,,0.018,0.02,1,0,,False,,쉬움
2766,forest,411700301-33386,67,수리산,,0.302,0.3,5,4,,False,,쉬움
2767,forest,411700301-33387,67,수리산,,0.153,0.15,3,2,,False,,쉬움
2768,forest,411700301-33388,67,수리산,산본동구간,0.991,0.99,17,12,,False,,쉬움
2769,forest,414602201-31243,97,석성산 (경기),가실리구간,0.268,0.27,5,3,,False,,쉬움
2770,forest,411700301-33389,67,수리산,산본동구간,0.658,0.66,12,8,,False,,쉬움
2771,forest,411700301-33390,67,수리산,,0.439,0.44,8,5,,False,,쉬움
2772,forest,411700301-33391,67,수리산,,0.335,0.34,6,4,,False,,쉬움
2773,forest,411700301-33392,67,수리산,산본동구간,0.279,0.28,5,3,,False,,쉬움
2774,forest,411700301-33393,67,수리산,,0.858,0.86,15,11,,False,,쉬움
2775,forest,411700301-33394,67,수리산,,1.422,1.42,25,18,,False,,쉬움
2776,forest,411700301-33395,67,수리산,,0.399,0.4,7,5,,False,,쉬움
2777,forest,411700301-33396,67,수리산,,0.103,0.1,2,1,,False,,쉬움
2778,forest,411700301-33397,67,수리산,,0.161,0.16,3,2,,False,,쉬움
2779,forest,411700301-33398,67,수리산,산본동구간,0.347,0.35,6,4,,False,,쉬움
2780,forest,411700301-33399,67,수리산,산본동구간,0.373,0.37,7,5,,False,,쉬움
2781,forest,411700301-33400,67,수리산,,0.272,0.27,5,3,,False,,쉬움
2782,forest,411700301-33401,67,수리산,,0.222,0.22,4,3,,False,,쉬움
2783,forest,411700301-33402,67,수리산,,0.3,0.3,5,4,,False,,쉬움
2784,forest,411700301-33403,67,수리산,,0.254,0.25,4,3,,False,,쉬움
2785,forest,411700301-33404,67,수리산,,0.328,0.33,6,4,,False,,쉬움
2786,forest,411700301-33440,67,수리산,,0.305,0.31,5,4,,False,,쉬움
2787,forest,411700301-33405,67,수리산,,0.435,0.43,8,5,,False,,쉬움
2788,forest,411700301-33406,67,수리산,산본동구간,0.11,0.11,2,1,,False,,쉬움
2789,forest,411700301-33407,67,수리산,산본동구간,0.177,0.18,3,2,,False,,쉬움
2790,forest,411700301-33408,67,수리산,,0.417,0.42,7,5,,False,,쉬움
2791,forest,411700301-33409,67,수리산,,0.523,0.52,9,6,,False,,쉬움
2792,forest,411700301-33410,67,수리산,산본동구간,0.771,0.77,14,10,,False,,쉬움
2793,forest,411700301-33411,67,수리산,수암동구간,1.382,1.38,24,17,,False,,쉬움
2794,forest,411700301-33412,67,수리산,,0.037,0.04,1,0,,False,,쉬움
2795,forest,411700301-33413,67,수리산,,0.002,0.0,1,0,,False,,쉬움
2796,forest,411700301-33421,67,수리산,,0.188,0.19,3,2,,False,,쉬움
2797,forest,411700301-33414,67,수리산,안양동구간,0.339,0.34,6,4,,False,,쉬움
2798,forest,411700301-33415,67,수리산,,0.137,0.14,2,2,,False,,쉬움
2799,forest,411700301-33416,67,수리산,안양동구간,0.217,0.22,4,3,,False,,쉬움
2800,forest,411700301-33417,67,수리산,안양동구간,0.282,0.28,5,3,,False,,쉬움
2801,forest,411700301-33418,67,수리산,,0.501,0.5,9,6,,False,,쉬움
2802,forest,411700301-33419,67,수리산,,0.111,0.11,2,1,,False,,쉬움
2803,forest,411700301-33420,67,수리산,,0.257,0.26,5,3,,False,,쉬움
2804,forest,411700301-33422,67,수리산,,0.446,0.45,8,6,,False,,쉬움
2805,forest,411700301-33484,67,수리산,장상동구간,0.742,0.74,14,10,,False,,쉬움
2806,forest,411700301-33423,67,수리산,,0.178,0.18,3,2,,False,,쉬움
2807,forest,411700301-33424,67,수리산,,0.197,0.2,4,2,,False,,쉬움
2808,forest,411700301-33425,67,수리산,,0.305,0.3,5,4,,False,,쉬움
2809,forest,411700301-33426,67,수리산,,0.27,0.27,5,3,,False,,쉬움
2810,forest,411700301-33427,67,수리산,,0.344,0.34,6,4,,False,,쉬움
2811,forest,411700301-33428,67,수리산,안양동구간,0.12,0.12,2,1,,False,,쉬움
2812,forest,411700301-33429,67,수리산,,0.197,0.2,4,2,,False,,쉬움
2813,forest,411700301-33485,67,수리산,일동구간,1.921,1.92,36,25,,False,,쉬움
2814,forest,411700301-33486,67,수리산,,1.204,1.2,21,15,,False,,쉬움
2815,forest,411700301-33430,67,수리산,안양동구간,0.149,0.15,3,2,,False,,쉬움
2816,forest,411700301-33431,67,수리산,,0.188,0.19,3,2,,False,,쉬움
2817,forest,411700301-33432,67,수리산,,0.265,0.26,5,3,,False,,쉬움
2818,forest,411700301-33433,67,수리산,안양동구간,0.221,0.22,4,3,,False,,쉬움
2819,forest,411700301-33434,67,수리산,,0.067,0.07,1,1,,False,,쉬움
2820,forest,411700301-33435,67,수리산,,0.297,0.3,5,4,,False,,쉬움
2821,forest,411700301-33436,67,수리산,,0.161,0.16,3,2,,False,,쉬움
2822,forest,411700301-33437,67,수리산,,0.087,0.09,2,1,,False,,쉬움
2823,forest,411700301-33438,67,수리산,,0.231,0.23,4,3,,False,,쉬움
2824,forest,411700301-33439,67,수리산,,0.11,0.11,2,1,,False,,쉬움
2825,forest,411700301-33441,67,수리산,,0.241,0.24,4,3,,False,,쉬움
2826,forest,411700301-33442,67,수리산,,0.238,0.24,4,3,,False,,쉬움
2827,forest,411700301-33443,67,수리산,,0.462,0.46,8,6,,False,,쉬움
2828,forest,411700301-33444,67,수리산,,0.314,0.31,5,4,,False,,쉬움
2829,forest,411700301-33445,67,수리산,,0.628,0.63,11,8,,False,,쉬움
2830,forest,411700301-33446,67,수리산,,0.31,0.31,5,4,,False,,쉬움
2831,forest,411700301-33498,67,수리산,,0.152,0.15,3,2,,False,,쉬움
2832,forest,411700301-33447,67,수리산,,0.464,0.46,8,6,,False,,쉬움
2833,forest,411700301-33448,67,수리산,,0.972,0.97,17,12,,False,,쉬움
2834,forest,411700301-33449,67,수리산,,0.19,0.19,3,2,,False,,쉬움
2835,forest,411700301-33450,67,수리산,안양동구간,1.256,1.26,24,17,,False,,쉬움
2836,forest,411700301-33451,67,수리산,안양동구간,0.406,0.41,7,5,,False,,쉬움
2837,forest,411700301-33452,67,수리산,,0.11,0.11,2,1,,False,,쉬움
2838,forest,411700301-33453,67,수리산,,0.261,0.26,5,3,,False,,쉬움
2839,forest,411700301-33454,67,수리산,,0.491,0.49,9,6,,False,,쉬움
2840,forest,411700301-33455,67,수리산,,0.543,0.54,10,7,,False,,쉬움
2841,forest,411700301-33456,67,수리산,,0.118,0.12,2,1,,False,,쉬움
2842,forest,411700301-33457,67,수리산,,0.044,0.04,1,0,,False,,쉬움
2843,forest,411700301-33458,67,수리산,,0.338,0.34,6,4,,False,,쉬움
2844,forest,411700301-33459,67,수리산,안양동구간,0.564,0.56,11,7,,False,,쉬움
2845,forest,411700301-33499,67,수리산,,0.101,0.1,2,1,,False,,쉬움
2846,forest,411700301-33500,67,수리산,,0.06,0.06,1,1,,False,,쉬움
2847,forest,411900401-32283,41,성주산,,0.112,0.11,2,1,,False,,쉬움
2848,forest,411700301-33460,67,수리산,안양동구간,0.433,0.43,8,6,,False,,쉬움
2849,forest,411700301-33461,67,수리산,,0.019,0.02,1,0,,False,,쉬움
2850,forest,411700301-33462,67,수리산,,0.966,0.97,17,12,,False,,쉬움
2851,forest,411700301-33463,67,수리산,,0.78,0.78,14,10,,False,,쉬움
2852,forest,411700301-33464,67,수리산,안양동구간,0.391,0.39,7,5,,False,,쉬움
2853,forest,411700301-33465,67,수리산,안양동구간,1.21,1.21,30,21,,False,,쉬움
2854,forest,411700301-33466,67,수리산,,0.472,0.47,8,6,,False,,쉬움
2855,forest,411700301-33467,67,수리산,수암동구간,0.056,0.06,1,1,,False,,어려
2856,forest,411700301-33468,67,수리산,수암동구간,0.143,0.14,2,2,,False,,쉬움
2857,forest,411700301-33469,67,수리산,,0.69,0.69,12,9,,False,,쉬움
2858,forest,411700301-33470,67,수리산,,0.012,0.01,1,0,,False,,쉬움
2859,forest,411700301-33471,67,수리산,,0.403,0.4,7,5,,False,,쉬움
2860,forest,411700301-33472,67,수리산,,0.806,0.81,14,10,,False,,쉬움
2861,forest,411700301-33473,67,수리산,안양동구간,0.102,0.1,2,1,,False,,쉬움
2862,forest,411700301-33474,67,수리산,안양동구간,0.529,0.53,11,8,,False,,중간
2863,forest,411700301-33475,67,수리산,,1.091,1.09,19,13,,False,,쉬움
2864,forest,411700301-33476,67,수리산,,0.32,0.32,6,4,,False,,쉬움
2865,forest,411700301-33477,67,수리산,,0.258,0.26,5,3,,False,,쉬움
2866,forest,411700301-33478,67,수리산,,0.739,0.74,13,9,,False,,쉬움
2867,forest,411700301-33479,67,수리산,수암동구간,0.045,0.05,1,1,,False,,쉬움
2868,forest,411700301-33480,67,수리산,,1.298,1.3,33,23,,False,,쉬움
2869,forest,411700301-33481,67,수리산,수암동구간,0.754,0.75,19,13,,False,,중간
2870,forest,411700301-33482,67,수리산,수암동구간,1.304,1.3,23,16,,False,,쉬움
2871,forest,411700301-33483,67,수리산,수암동구간,1.715,1.72,30,21,,False,,쉬움
2872,forest,411700301-33487,67,수리산,,0.507,0.51,9,6,,False,,쉬움
2873,forest,411700301-33488,67,수리산,안양동구간,1.956,1.96,37,26,,False,,쉬움
2874,forest,411700301-33489,67,수리산,,0.351,0.35,6,4,,False,,쉬움
2875,forest,411700301-33490,67,수리산,,1.01,1.01,18,12,,False,,쉬움
2876,forest,411700301-33491,67,수리산,부곡동구간,1.656,1.66,29,21,,False,,쉬움
2877,forest,411700301-33492,67,수리산,수암동구간,0.145,0.15,3,2,,False,,쉬움
2878,forest,411700301-33493,67,수리산,,0.565,0.56,10,7,,False,,쉬움
2879,forest,411700301-33494,67,수리산,,0.375,0.37,7,5,,False,,쉬움
2880,forest,411700301-33495,67,수리산,,5.826,5.83,103,72,,False,,쉬움
2881,forest,411700301-33496,67,수리산,수암동구간,1.126,1.13,28,20,,False,,쉬움
2882,forest,411700301-33497,67,수리산,,0.117,0.12,2,1,,False,,쉬움
2883,forest,412500201-32730,39,소요산,,0.43,0.43,8,6,,False,,중간
2884,forest,411700301-33501,67,수리산,,0.348,0.35,6,4,,False,,쉬움
2885,forest,411700301-33502,67,수리산,,0.315,0.32,6,4,,False,,쉬움
2886,forest,412500201-32740,39,소요산,,0.504,0.5,9,6,,False,,쉬움
2887,forest,411900401-32284,41,성주산,,0.065,0.06,1,1,,False,,쉬움
2888,forest,415001701-31721,109,설봉산 (경기),,0.357,0.36,6,4,,False,,쉬움
2889,forest,415001701-31722,109,설봉산 (경기),,0.318,0.32,6,4,,False,,쉬움
2890,forest,412500201-32687,39,소요산,,1.611,1.61,28,20,,False,,쉬움
2891,forest,412500201-32688,39,소요산,,3.114,3.12,55,39,,False,,쉬움
2892,forest,412500201-32689,39,소요산,상봉암동구간,2.503,2.5,44,31,,False,,쉬움
2893,forest,412500201-32690,39,소요산,,1.366,1.37,24,17,,False,,쉬움
2894,forest,412500201-32691,39,소요산,,0.818,0.82,14,10,,False,,쉬움
2895,forest,412500201-32692,39,소요산,,1.36,1.36,24,17,,False,,쉬움
2896,forest,412500201-32693,39,소요산,,0.474,0.47,8,6,,False,,쉬움
2897,forest,412500201-32694,39,소요산,상봉암동구간,0.451,0.45,8,6,,False,,쉬움
2898,forest,412500201-32695,39,소요산,,0.522,0.52,9,6,,False,,쉬움
2899,forest,412500201-32696,39,소요산,,4.724,4.73,83,58,,False,,쉬움
2900,forest,412500201-32697,39,소요산,,0.98,0.98,17,12,,False,,쉬움
2901,forest,412500201-32698,39,소요산,,0.678,0.68,12,8,,False,,쉬움
2902,forest,412500201-32699,39,소요산,,0.847,0.85,15,11,,False,,쉬움
2903,forest,412500201-32700,39,소요산,,0.316,0.32,6,4,,False,,중간
2904,forest,412500201-32701,39,소요산,,0.709,0.71,13,9,,False,,쉬움
2905,forest,412500201-32702,39,소요산,,0.514,0.51,9,6,,False,,쉬움
2906,forest,412500201-32703,39,소요산,,0.358,0.36,6,4,,False,,쉬움
2907,forest,412500201-32704,39,소요산,,0.523,0.52,9,6,,False,,쉬움
2908,forest,412500201-32705,39,소요산,동두천동구간,1.404,1.4,25,17,,False,,쉬움
2909,forest,412500201-32706,39,소요산,,0.407,0.41,7,5,,False,,쉬움
2910,forest,412500201-32707,39,소요산,,0.273,0.27,5,3,,False,,쉬움
2911,forest,412500201-32708,39,소요산,,0.373,0.37,7,5,,False,,쉬움
2912,forest,412500201-32709,39,소요산,하봉암동구간,0.392,0.39,7,5,,False,,쉬움
2913,forest,412500201-32741,39,소요산,,0.039,0.04,1,0,,False,,쉬움
2914,forest,412500201-32710,39,소요산,,0.691,0.69,12,9,,False,,쉬움
2915,forest,412500201-32711,39,소요산,동두천동구간,1.029,1.03,18,13,,False,,쉬움
2916,forest,412500201-32712,39,소요산,상봉암동구간,0.233,0.23,4,3,,False,,쉬움
2917,forest,412500201-32713,39,소요산,,0.059,0.06,1,1,,False,,쉬움
2918,forest,412500201-32714,39,소요산,하봉암동구간,0.435,0.43,8,5,,False,,쉬움
2919,forest,412500201-32715,39,소요산,하봉암동구간,0.327,0.33,6,4,,False,,쉬움
2920,forest,412500201-32716,39,소요산,,1.302,1.3,23,16,,False,,쉬움
2921,forest,412500201-32717,39,소요산,,0.019,0.02,1,0,,False,,쉬움
2922,forest,412500201-32718,39,소요산,,0.343,0.34,6,4,,False,,쉬움
2923,forest,412500201-32719,39,소요산,,0.031,0.03,1,0,,False,,쉬움
2924,forest,412500201-32720,39,소요산,,0.802,0.8,14,10,,False,,쉬움
2925,forest,412500201-32721,39,소요산,,0.682,0.68,12,8,,False,,쉬움
2926,forest,412500201-32722,39,소요산,,0.236,0.24,4,3,,False,,쉬움
2927,forest,412500201-32723,39,소요산,,0.227,0.23,4,3,,False,,쉬움
2928,forest,412500201-32724,39,소요산,,0.256,0.26,5,3,,False,,쉬움
2929,forest,412500201-32725,39,소요산,동두천동구간,0.179,0.18,3,2,,False,,쉬움
2930,forest,412500201-32726,39,소요산,,0.649,0.65,11,8,,False,,쉬움
2931,forest,412500201-32727,39,소요산,,0.228,0.23,4,3,,False,,쉬움
2932,forest,412500201-32728,39,소요산,,0.336,0.34,6,4,,False,,쉬움
2933,forest,412500201-32729,39,소요산,탑동동구간,4.877,4.88,86,60,,False,,쉬움
2934,forest,412500201-32731,39,소요산,,0.28,0.28,5,3,,False,,쉬움
2935,forest,412500201-32732,39,소요산,상봉암동구간,0.165,0.16,3,2,,False,,쉬움
2936,forest,412500201-32733,39,소요산,상봉암동구간,0.267,0.27,5,3,,False,,쉬움
2937,forest,412500201-32734,39,소요산,,0.332,0.33,6,4,,False,,쉬움
2938,forest,412500201-32735,39,소요산,,1.101,1.1,19,14,,False,,쉬움
2939,forest,412500201-32736,39,소요산,,1.887,1.89,33,23,,False,,쉬움
2940,forest,412500201-32737,39,소요산,,0.385,0.39,7,5,,False,,쉬움
2941,forest,412500201-32738,39,소요산,,0.121,0.12,2,1,,False,,쉬움
2942,forest,412500201-32739,39,소요산,상봉암동구간,0.02,0.02,1,0,,False,,쉬움
2943,forest,412500201-32742,39,소요산,,0.322,0.32,6,4,,False,,쉬움
2944,forest,412500201-32743,39,소요산,,0.328,0.33,6,4,,False,,쉬움
2945,forest,412500201-32744,39,소요산,,0.258,0.26,5,3,,False,,쉬움
2946,forest,412500201-32745,39,소요산,,0.074,0.07,1,1,,False,,쉬움
2947,forest,412500201-32746,39,소요산,,0.154,0.15,3,2,,False,,쉬움
2948,forest,412500201-32747,39,소요산,,0.026,0.03,1,0,,False,,쉬움
2949,forest,412500201-32748,39,소요산,,0.05,0.05,1,1,,False,,쉬움
2950,forest,414602201-31260,97,석성산 (경기),중동구간,0.147,0.15,3,2,,False,,쉬움
2951,forest,414602201-31279,97,석성산 (경기),,0.189,0.19,3,2,,False,,쉬움
2952,forest,411900401-32247,41,성주산,소사본동구간,0.515,0.52,9,6,,False,,쉬움
2953,forest,411900401-32248,41,성주산,소사본동구간,0.181,0.18,3,2,,False,,쉬움
2954,forest,411900401-32249,41,성주산,소사본동구간,0.258,0.26,5,3,,False,,쉬움
2955,forest,411900401-32260,41,성주산,,0.058,0.06,1,1,,False,,쉬움
2956,forest,411900401-32250,41,성주산,소사본동구간,0.164,0.16,3,2,,False,,쉬움
2957,forest,411900401-32251,41,성주산,소사본동구간,0.432,0.43,8,5,,False,,쉬움
2958,forest,411900401-32252,41,성주산,소사본동구간,0.563,0.56,10,7,,False,,쉬움
2959,forest,411900401-32253,41,성주산,심곡본동구간,0.144,0.14,2,2,,False,,쉬움
2960,forest,411900401-32254,41,성주산,,0.377,0.38,7,5,,False,,쉬움
2961,forest,411900401-32255,41,성주산,,0.191,0.19,3,2,,False,,쉬움
2962,forest,411900401-32256,41,성주산,,0.097,0.1,2,1,,False,,쉬움
2963,forest,411900401-32257,41,성주산,,0.32,0.32,6,4,,False,,쉬움
2964,forest,411900401-32258,41,성주산,,0.058,0.06,1,1,,False,,쉬움
2965,forest,411900401-32259,41,성주산,,0.027,0.03,1,0,,False,,쉬움
2966,forest,411900401-32261,41,성주산,,0.171,0.17,3,2,,False,,쉬움
2967,forest,411900401-32262,41,성주산,심곡본동구간,0.084,0.08,1,1,,False,,쉬움
2968,forest,411900401-32263,41,성주산,소사본동구간,0.678,0.68,12,8,,False,,쉬움
2969,forest,411900401-32264,41,성주산,,0.221,0.22,4,3,,False,,쉬움
2970,forest,411900401-32265,41,성주산,,0.122,0.12,2,1,,False,,쉬움
2971,forest,411900401-32266,41,성주산,,0.141,0.14,2,2,,False,,쉬움
2972,forest,411900401-32267,41,성주산,,0.016,0.02,1,0,,False,,쉬움
2973,forest,411900401-32268,41,성주산,,0.687,0.69,12,9,,False,,쉬움
2974,forest,411900401-32269,41,성주산,,0.006,0.01,1,0,,False,,쉬움
2975,forest,411900401-32270,41,성주산,심곡본동구간,0.382,0.38,7,5,,False,,쉬움
2976,forest,411900401-32282,41,성주산,,0.196,0.2,4,2,,False,,쉬움
2977,forest,411900401-32271,41,성주산,심곡본동구간,0.38,0.38,7,5,,False,,쉬움
2978,forest,411900401-32272,41,성주산,송내동구간,0.422,0.42,7,5,,False,,쉬움
2979,forest,411900401-32273,41,성주산,심곡본동구간,0.088,0.09,2,1,,False,,쉬움
2980,forest,411900401-32274,41,성주산,심곡본동구간,0.104,0.1,2,1,,False,,쉬움
2981,forest,411900401-32275,41,성주산,,0.2,0.2,4,2,,False,,쉬움
2982,forest,411900401-32276,41,성주산,,0.087,0.09,2,1,,False,,쉬움
2983,forest,411900401-32277,41,성주산,,0.414,0.41,7,5,,False,,쉬움
2984,forest,411900401-32278,41,성주산,,0.014,0.01,1,0,,False,,쉬움
2985,forest,411900401-32279,41,성주산,,0.073,0.07,1,1,,False,,쉬움
2986,forest,411900401-32280,41,성주산,심곡본동구간,0.199,0.2,4,2,,False,,쉬움
2987,forest,411900401-32281,41,성주산,,0.035,0.03,1,0,,False,,쉬움
2988,forest,411900401-32285,41,성주산,,0.295,0.29,5,4,,False,,쉬움
2989,forest,411900401-32286,41,성주산,,0.054,0.05,1,1,,False,,쉬움
2990,forest,411900401-32287,41,성주산,,0.02,0.02,1,0,,False,,쉬움
2991,forest,411900401-32288,41,성주산,,0.077,0.08,1,1,,False,,쉬움
2992,forest,411900401-32289,41,성주산,,0.038,0.04,1,0,,False,,쉬움
2993,forest,411900401-32290,41,성주산,,0.012,0.01,1,0,,False,,쉬움
2994,forest,411900401-32291,41,성주산,,0.079,0.08,1,1,,False,,쉬움
2995,forest,411900401-32292,41,성주산,,0.047,0.05,1,1,,False,,쉬움
2996,forest,411900401-32293,41,성주산,,0.1,0.1,2,1,,False,,쉬움
2997,forest,411900401-32294,41,성주산,,0.244,0.24,4,3,,False,,쉬움
2998,forest,411900401-32295,41,성주산,소사본동구간,0.043,0.04,1,0,,False,,쉬움
2999,forest,411900401-32296,41,성주산,,0.084,0.08,1,1,,False,,쉬움
3000,forest,411900401-32297,41,성주산,소사본동구간,0.074,0.07,1,1,,False,,쉬움
3001,forest,411900401-32298,41,성주산,,0.075,0.07,1,1,,False,,쉬움
3002,forest,411900401-32299,41,성주산,소사본동구간,0.18,0.18,3,2,,False,,쉬움
3003,forest,415001701-31723,109,설봉산 (경기),,0.543,0.54,10,7,,False,,쉬움
3004,forest,415001701-31724,109,설봉산 (경기),,0.152,0.15,3,2,,False,,쉬움
3005,forest,411900401-32300,41,성주산,심곡본동구간,0.473,0.47,8,6,,False,,쉬움
3006,forest,411900401-32301,41,성주산,대야동구간,0.25,0.25,4,3,,False,,쉬움
3007,forest,411900401-32302,41,성주산,계수동구간,0.369,0.37,7,5,,False,,쉬움
3008,forest,411900401-32303,41,성주산,대야동구간,0.202,0.2,4,2,,False,,쉬움
3009,forest,411900401-32304,41,성주산,대야동구간,0.224,0.22,4,3,,False,,쉬움
3010,forest,411900401-32305,41,성주산,대야동구간,0.205,0.2,4,2,,False,,쉬움
3011,forest,415001701-31715,109,설봉산 (경기),,0.155,0.16,3,2,,False,,쉬움
3012,forest,415001701-31716,109,설봉산 (경기),관고동구간,0.901,0.9,16,11,,False,,쉬움
3013,forest,415001701-31717,109,설봉산 (경기),관고동구간,2.895,2.9,62,44,,False,,쉬움
3014,forest,415001701-31718,109,설봉산 (경기),,0.271,0.27,5,3,,False,,쉬움
3015,forest,415001701-31719,109,설봉산 (경기),,0.322,0.32,6,4,,False,,쉬움
3016,forest,415001701-31720,109,설봉산 (경기),,0.114,0.11,2,1,,False,,쉬움
3017,forest,415001701-31725,109,설봉산 (경기),,0.706,0.71,13,9,,False,,쉬움
3018,forest,415001701-31726,109,설봉산 (경기),관고동구간,1.092,1.09,20,14,,False,,쉬움
3019,forest,415001701-31727,109,설봉산 (경기),,0.824,0.82,14,10,,False,,쉬움
3020,forest,415001701-31728,109,설봉산 (경기),,0.226,0.23,4,3,,False,,쉬움
3021,forest,415001701-31729,109,설봉산 (경기),,0.845,0.85,15,11,,False,,쉬움
3022,forest,415001701-31730,109,설봉산 (경기),,0.101,0.1,2,1,,False,,쉬움
3023,forest,415001701-31731,109,설봉산 (경기),,0.416,0.42,7,5,,False,,쉬움
3024,forest,415001701-31732,109,설봉산 (경기),,0.427,0.43,8,5,,False,,쉬움
3025,forest,415001701-31733,109,설봉산 (경기),,0.103,0.1,2,1,,False,,쉬움
3026,forest,415001701-31734,109,설봉산 (경기),,0.319,0.32,6,4,,False,,쉬움
3027,forest,415001701-31735,109,설봉산 (경기),,1.405,1.41,25,17,,False,,쉬움
3028,forest,415001701-31736,109,설봉산 (경기),,0.201,0.2,4,2,,False,,쉬움
3029,forest,415001701-31737,109,설봉산 (경기),,0.624,0.62,11,8,,False,,쉬움
3030,forest,415001701-31739,109,설봉산 (경기),,0.37,0.37,7,5,,False,,쉬움
3031,forest,415001701-31740,109,설봉산 (경기),,0.802,0.8,14,10,,False,,쉬움
3032,forest,414602201-31210,97,석성산 (경기),,0.379,0.38,7,5,,False,,쉬움
3033,forest,414602201-31211,97,석성산 (경기),,0.085,0.09,2,1,,False,,쉬움
3034,forest,414602201-31280,97,석성산 (경기),중동구간,0.112,0.11,2,1,,False,,쉬움
3035,forest,414602201-31212,97,석성산 (경기),,0.239,0.24,4,3,,False,,쉬움
3036,forest,414602201-31213,97,석성산 (경기),,0.006,0.01,1,0,,False,,쉬움
3037,forest,414602201-31214,97,석성산 (경기),,0.078,0.08,1,1,,False,,쉬움
3038,forest,414602201-31215,97,석성산 (경기),삼가동구간,0.314,0.31,5,4,,False,,쉬움
3039,forest,414602201-31216,97,석성산 (경기),,0.109,0.11,2,1,,False,,쉬움
3040,forest,414602201-31217,97,석성산 (경기),,0.296,0.3,5,4,,False,,쉬움
3041,forest,414602201-31218,97,석성산 (경기),유방동구간,0.28,0.28,5,3,,False,,쉬움
3042,forest,414602201-31219,97,석성산 (경기),,0.052,0.05,1,1,,False,,쉬움
3043,forest,414602201-31220,97,석성산 (경기),,0.314,0.31,5,4,,False,,쉬움
3044,forest,414602201-31221,97,석성산 (경기),유방동구간,1.559,1.56,28,19,,False,,쉬움
3045,forest,414602201-31222,97,석성산 (경기),,0.245,0.25,4,3,,False,,쉬움
3046,forest,414602201-31223,97,석성산 (경기),,0.407,0.41,7,5,,False,,쉬움
3047,forest,414602201-31224,97,석성산 (경기),,0.017,0.02,1,0,,False,,쉬움
3048,forest,414602201-31225,97,석성산 (경기),,0.065,0.06,1,1,,False,,쉬움
3049,forest,414602201-31226,97,석성산 (경기),,0.019,0.02,1,0,,False,,쉬움
3050,forest,414602201-31227,97,석성산 (경기),,0.075,0.07,1,1,,False,,쉬움
3051,forest,414602201-31228,97,석성산 (경기),,0.287,0.29,5,4,,False,,쉬움
3052,forest,414602201-31229,97,석성산 (경기),,0.14,0.14,2,2,,False,,쉬움
3053,forest,414602201-31230,97,석성산 (경기),,0.364,0.36,6,4,,False,,쉬움
3054,forest,414602201-31231,97,석성산 (경기),마성리구간,0.35,0.35,6,4,,False,,쉬움
3055,forest,414602201-31232,97,석성산 (경기),마성리구간,0.878,0.88,22,15,,False,,쉬움
3056,forest,414602201-31233,97,석성산 (경기),,0.2,0.2,4,2,,False,,쉬움
3057,forest,414602201-31234,97,석성산 (경기),,0.188,0.19,3,2,,False,,쉬움
3058,forest,414602201-31235,97,석성산 (경기),마성리구간,0.012,0.01,1,0,,False,,쉬움
3059,forest,414602201-31236,97,석성산 (경기),마성리구간,0.227,0.23,4,3,,False,,쉬움
3060,forest,414602201-31237,97,석성산 (경기),마성리구간,0.572,0.57,10,7,,False,,쉬움
3061,forest,414602201-31238,97,석성산 (경기),,0.227,0.23,4,3,,False,,쉬움
3062,forest,414602201-31239,97,석성산 (경기),,0.296,0.3,5,4,,False,,쉬움
3063,forest,414602201-31240,97,석성산 (경기),,0.068,0.07,1,1,,False,,쉬움
3064,forest,414602201-31241,97,석성산 (경기),,0.063,0.06,1,1,,False,,쉬움
3065,forest,414602201-31242,97,석성산 (경기),,0.931,0.93,16,11,,False,,쉬움
3066,forest,414602201-31244,97,석성산 (경기),가실리구간,0.258,0.26,5,3,,False,,쉬움
3067,forest,414602201-31245,97,석성산 (경기),,0.136,0.14,2,2,,False,,쉬움
3068,forest,414602201-31246,97,석성산 (경기),,0.655,0.66,12,8,,False,,쉬움
3069,forest,414602201-31247,97,석성산 (경기),,0.581,0.58,10,7,,False,,쉬움
3070,forest,414602201-31248,97,석성산 (경기),,0.763,0.76,13,9,,False,,쉬움
3071,forest,414602201-31249,97,석성산 (경기),,0.515,0.52,9,6,,False,,쉬움
3072,forest,414602201-31250,97,석성산 (경기),,0.22,0.22,4,3,,False,,쉬움
3073,forest,414602201-31251,97,석성산 (경기),가실리구간,0.064,0.06,1,1,,False,,쉬움
3074,forest,414602201-31252,97,석성산 (경기),가실리구간,0.19,0.19,3,2,,False,,중간
3075,forest,414602201-31253,97,석성산 (경기),가실리구간,0.292,0.29,5,4,,False,,쉬움
3076,forest,414602201-31254,97,석성산 (경기),,0.403,0.4,7,5,,False,,쉬움
3077,forest,414602201-31255,97,석성산 (경기),,0.071,0.07,1,1,,False,,쉬움
3078,forest,414602201-31256,97,석성산 (경기),,0.345,0.34,6,4,,False,,쉬움
3079,forest,414602201-31257,97,석성산 (경기),,0.216,0.22,4,3,,False,,쉬움
3080,forest,414602201-31258,97,석성산 (경기),,0.427,0.43,8,5,,False,,쉬움
3081,forest,414602201-31259,97,석성산 (경기),,0.187,0.19,3,2,,False,,쉬움
3082,forest,414602201-31261,97,석성산 (경기),,0.368,0.37,7,5,,False,,쉬움
3083,forest,414602201-31262,97,석성산 (경기),중동구간,0.135,0.14,2,2,,False,,쉬움
3084,forest,414602201-31263,97,석성산 (경기),,0.219,0.22,4,3,,False,,쉬움
3085,forest,414602201-31264,97,석성산 (경기),중동구간,0.231,0.23,4,3,,False,,쉬움
3086,forest,414602201-31265,97,석성산 (경기),중동구간,0.632,0.63,12,8,,False,,쉬움
3087,forest,414602201-31266,97,석성산 (경기),,0.073,0.07,1,1,,False,,쉬움
3088,forest,414602201-31267,97,석성산 (경기),중동구간,0.239,0.24,4,3,,False,,쉬움
3089,forest,414602201-31268,97,석성산 (경기),,0.044,0.04,1,0,,False,,쉬움
3090,forest,414602201-31269,97,석성산 (경기),,0.122,0.12,2,1,,False,,쉬움
3091,forest,414602201-31270,97,석성산 (경기),,0.976,0.98,17,12,,False,,쉬움
3092,forest,414602201-31271,97,석성산 (경기),,0.109,0.11,2,1,,False,,쉬움
3093,forest,414602201-31272,97,석성산 (경기),,0.181,0.18,3,2,,False,,쉬움
3094,forest,414602201-31273,97,석성산 (경기),,0.48,0.48,8,6,,False,,쉬움
3095,forest,414602201-31274,97,석성산 (경기),,0.055,0.05,1,1,,False,,쉬움
3096,forest,414602201-31275,97,석성산 (경기),,0.152,0.15,3,2,,False,,쉬움
3097,forest,414602201-31276,97,석성산 (경기),중동구간,0.323,0.32,6,4,,False,,쉬움
3098,forest,414602201-31277,97,석성산 (경기),,0.13,0.13,2,2,,False,,쉬움
3099,forest,414602201-31278,97,석성산 (경기),,0.065,0.07,1,1,,False,,쉬움
3100,forest,414602201-31281,97,석성산 (경기),중동구간,0.168,0.17,3,2,,False,,쉬움
3101,forest,414602201-31282,97,석성산 (경기),중동구간,0.369,0.37,7,5,,False,,쉬움
3102,forest,414602201-31283,97,석성산 (경기),,0.253,0.25,4,3,,False,,쉬움
3103,forest,414602201-31284,97,석성산 (경기),,0.271,0.27,5,3,,False,,쉬움
3104,forest,414602201-31285,97,석성산 (경기),,0.096,0.1,2,1,,False,,쉬움
3105,forest,414602201-31286,97,석성산 (경기),,0.071,0.07,1,1,,False,,쉬움
3106,forest,414602201-31287,97,석성산 (경기),중동구간,0.105,0.11,2,1,,False,,쉬움
3107,forest,414602201-31288,97,석성산 (경기),,0.346,0.35,6,4,,False,,쉬움
3108,forest,414602201-31289,97,석성산 (경기),동백동구간,0.383,0.38,7,5,,False,,쉬움
3109,forest,414602201-31290,97,석성산 (경기),,0.567,0.57,10,7,,False,,쉬움
3110,forest,414602201-31291,97,석성산 (경기),,0.2,0.2,4,2,,False,,쉬움
3111,forest,414602201-31292,97,석성산 (경기),중동구간,0.094,0.09,2,1,,False,,쉬움
3112,forest,414602201-31293,97,석성산 (경기),,0.08,0.08,1,1,,False,,쉬움
3113,forest,414602201-31294,97,석성산 (경기),동백동구간,0.088,0.09,2,1,,False,,쉬움
3114,forest,414602201-31295,97,석성산 (경기),동백동구간,0.726,0.73,14,10,,False,,쉬움
3115,forest,414602201-31296,97,석성산 (경기),동백동구간,0.616,0.62,12,8,,False,,쉬움
3116,forest,414602201-31297,97,석성산 (경기),동백동구간,0.417,0.42,7,5,,False,,쉬움
3117,forest,414602201-31298,97,석성산 (경기),동백동구간,0.296,0.3,5,4,,False,,쉬움
3118,forest,414602201-31299,97,석성산 (경기),,0.356,0.36,6,4,,False,,쉬움
3119,forest,414602201-31300,97,석성산 (경기),삼가동구간,1.771,1.77,31,22,,False,,쉬움
3120,forest,414602201-31301,97,석성산 (경기),중동구간,0.627,0.63,11,8,,False,,쉬움
3121,forest,414602201-31302,97,석성산 (경기),,0.239,0.24,4,3,,False,,쉬움
3122,forest,414602201-31303,97,석성산 (경기),,0.813,0.81,14,10,,False,,쉬움
3123,forest,414602201-31304,97,석성산 (경기),,0.555,0.56,10,7,,False,,쉬움
3124,forest,414602201-31305,97,석성산 (경기),중동구간,1.586,1.59,28,20,,False,,쉬움
3125,forest,414602201-31306,97,석성산 (경기),,0.455,0.45,8,6,,False,,쉬움
3126,forest,414602201-31307,97,석성산 (경기),,0.054,0.05,1,1,,False,,쉬움
3127,forest,414602201-31308,97,석성산 (경기),,0.336,0.34,6,4,,False,,쉬움
3128,forest,414602201-31309,97,석성산 (경기),동백동구간,0.464,0.46,12,8,,False,,중간
3129,forest,414602201-31310,97,석성산 (경기),,0.36,0.36,6,4,,False,,쉬움
3130,forest,414602201-31311,97,석성산 (경기),,1.07,1.07,19,13,,False,,쉬움
3131,forest,414602201-31312,97,석성산 (경기),,0.699,0.7,12,9,,False,,쉬움
3132,forest,414602201-31313,97,석성산 (경기),동백동구간,0.339,0.34,6,4,,False,,쉬움
3133,forest,414602201-31314,97,석성산 (경기),동백동구간,0.62,0.62,11,8,,False,,쉬움
3134,forest,414602201-31315,97,석성산 (경기),,0.439,0.44,8,5,,False,,쉬움
3135,forest,415904201-31066,136,서학산,구장리구간,0.584,0.58,10,7,,False,,쉬움
3136,forest,415904201-31067,136,서학산,장짐리구간,0.92,0.92,16,11,,False,,쉬움
3137,forest,415904201-31068,136,서학산,구장리구간,0.016,0.02,1,0,,False,,쉬움
3138,forest,415904201-31069,136,서학산,구장리구간,0.587,0.59,10,7,,False,,쉬움
3139,forest,415904201-31070,136,서학산,장짐리구간,0.275,0.27,5,3,,False,,쉬움
3140,forest,415904201-31071,136,서학산,장짐리구간,0.304,0.3,5,4,,False,,쉬움
3141,forest,415904201-31072,136,서학산,장짐리구간,0.349,0.35,6,4,,False,,쉬움
3142,forest,415904201-31073,136,서학산,가재리구간,0.057,0.06,1,1,,False,,쉬움
3143,forest,415904201-31074,136,서학산,가재리구간,0.358,0.36,6,4,,False,,쉬움
3144,forest,415904201-31075,136,서학산,장짐리구간,0.178,0.18,3,2,,False,,쉬움
3145,forest,415904201-31076,136,서학산,장짐리구간,0.501,0.5,9,6,,False,,쉬움
3146,forest,415904201-31077,136,서학산,지월리구간,0.185,0.18,3,2,,False,,쉬움
3147,forest,415904201-31078,136,서학산,장짐리구간,0.417,0.42,7,5,,False,,쉬움
3148,forest,415904201-31079,136,서학산,장짐리구간,0.097,0.1,2,1,,False,,쉬움
3149,forest,415904201-31080,136,서학산,장짐리구간,0.129,0.13,2,2,,False,,쉬움
3150,forest,415904201-31081,136,서학산,장짐리구간,1.198,1.2,21,15,,False,,쉬움
3151,forest,415904201-31082,136,서학산,구장리구간,0.568,0.57,10,7,,False,,쉬움
3152,forest,415904201-31083,136,서학산,장짐리구간,0.457,0.46,8,6,,False,,쉬움
3153,forest,415904201-31084,136,서학산,구장리구간,0.341,0.34,6,4,,False,,쉬움
3154,forest,415501901-30979,63,서운산,청용리구간,0.43,0.43,8,5,,False,,쉬움
3155,forest,415501901-30989,63,서운산,상중리구간,0.555,0.56,10,7,,False,,쉬움
3156,forest,415501901-30990,63,서운산,도림리구간,1.42,1.47,26,18,,False,,쉬움
3157,forest,415501901-30980,63,서운산,청용리구간,0.536,0.54,10,7,,False,,쉬움
3158,forest,415501901-30981,63,서운산,청용리구간,0.258,0.26,5,3,,False,,쉬움
3159,forest,415501901-30982,63,서운산,청용리구간,0.37,0.37,7,5,,False,,쉬움
3160,forest,415501901-30983,63,서운산,청용리구간,0.436,0.44,8,5,,False,,쉬움
3161,forest,415501901-30984,63,서운산,산평리구간,0.349,0.35,6,4,,False,,쉬움
3162,forest,415501901-30985,63,서운산,인리구간,0.225,0.22,4,3,,False,,쉬움
3163,forest,415501901-30986,63,서운산,인리구간,0.381,0.38,7,5,,False,,쉬움
3164,forest,415501901-30987,63,서운산,인리구간,0.864,0.86,15,11,,False,,쉬움
3165,forest,415501901-30988,63,서운산,인리구간,2.043,2.04,36,25,,False,,쉬움
3166,forest,415501901-30991,63,서운산,양백리구간,1.933,2.02,36,25,,False,,쉬움
3167,forest,415501901-30992,63,서운산,청용리구간,0.112,0.14,2,2,,False,,쉬움
3168,forest,415501901-30993,63,서운산,,2.419,2.42,43,30,,False,,쉬움
3169,forest,415501901-30997,63,서운산,,0.923,0.99,17,12,,False,,쉬움
3170,forest,415501901-30998,63,서운산,,0.331,0.33,6,4,,False,,쉬움
3171,forest,415501901-30999,63,서운산,,0.976,0.98,17,12,,False,,쉬움
3172,forest,415501901-31000,63,서운산,,0.667,0.67,12,8,,False,,쉬움
3173,forest,415501901-31001,63,서운산,,0.541,0.56,10,7,,False,,쉬움
3174,forest,415501901-31002,63,서운산,청용리구간,0.733,0.73,13,9,,False,,쉬움
3175,forest,415501901-31003,63,서운산,,0.351,0.35,6,4,,False,,쉬움
3176,forest,415501901-31004,63,서운산,상중리구간,1.335,1.34,24,17,,False,,쉬움
3177,forest,415501901-31005,63,서운산,인리구간,0.763,0.76,13,9,,False,,쉬움
3178,forest,415501901-31029,63,서운산,청용리구간,0.14,0.14,2,2,,False,,쉬움
3179,forest,415501901-31006,63,서운산,청용리구간,0.299,0.3,5,4,,False,,쉬움
3180,forest,415501901-31007,63,서운산,,0.377,0.38,7,5,,False,,쉬움
3181,forest,415501901-31008,63,서운산,,0.389,0.39,7,5,,False,,쉬움
3182,forest,415501901-31009,63,서운산,,0.504,0.5,9,6,,False,,쉬움
3183,forest,415501901-31010,63,서운산,,1.041,1.21,21,15,,False,,쉬움
3184,forest,415501901-31012,63,서운산,,0.237,0.24,4,3,,False,,쉬움
3185,forest,415501901-31013,63,서운산,,0.739,0.74,13,9,,False,,쉬움
3186,forest,415501901-31014,63,서운산,,0.57,0.57,10,7,,False,,쉬움
3187,forest,415501901-31016,63,서운산,양백리구간,0.353,0.59,10,7,,False,,쉬움
3188,forest,415501901-31018,63,서운산,도림리구간,1.791,3.05,54,38,,False,,쉬움
3189,forest,415501901-31024,63,서운산,,0.242,0.24,4,3,,False,,쉬움
3190,forest,415501901-31025,63,서운산,,0.579,0.58,10,7,,False,,쉬움
3191,forest,415501901-31026,63,서운산,,0.016,0.16,3,2,,False,,쉬움
3192,forest,415501901-31027,63,서운산,,0.252,0.25,4,3,,False,,쉬움
3193,forest,415501901-31028,63,서운산,,0.127,0.13,2,2,,False,,쉬움
3194,forest,415501901-31030,63,서운산,청용리구간,0.162,0.16,3,2,,False,,쉬움
3195,forest,415501901-31031,63,서운산,,0.088,0.1,2,1,,False,,쉬움
3196,forest,415501901-31032,63,서운산,,0.128,0.13,2,2,,False,,쉬움
3197,forest,415501901-31034,63,서운산,,0.088,0.09,2,1,,False,,쉬움
3198,forest,415501901-31035,63,서운산,,0.028,0.03,1,0,,False,,쉬움
3199,forest,415501901-31036,63,서운산,,0.082,0.08,1,1,,False,,쉬움
3200,forest,415501901-31037,63,서운산,,0.004,0.07,1,1,,False,,쉬움
3201,forest,415501901-31038,63,서운산,인리구간,0.849,0.85,15,11,,False,,쉬움
3202,forest,415501901-31039,63,서운산,청용리구간,0.125,0.13,2,2,,False,,쉬움
3203,forest,415501901-31040,63,서운산,청용리구간,0.144,0.14,2,2,,False,,쉬움
3204,forest,415501901-31041,63,서운산,,0.154,0.15,3,2,,False,,쉬움
3205,forest,415501901-31042,63,서운산,,0.297,0.3,5,4,,False,,쉬움
3206,forest,415501901-31043,63,서운산,,0.085,0.08,1,1,,False,,쉬움
3207,forest,415501901-31045,63,서운산,청용리구간,0.181,0.18,3,2,,False,,쉬움
3208,forest,415501901-31046,63,서운산,,0.22,0.22,4,3,,False,,쉬움
3209,forest,415501901-31047,63,서운산,,0.159,0.16,3,2,,False,,쉬움
3210,forest,415501901-31048,63,서운산,,0.174,0.17,3,2,,False,,쉬움
3211,forest,415501901-31049,63,서운산,,0.17,0.17,3,2,,False,,쉬움
3212,forest,415501901-31050,63,서운산,,0.156,0.16,3,2,,False,,쉬움
3213,forest,415501901-31051,63,서운산,,0.229,0.23,4,3,,False,,쉬움
3214,forest,414300401-16618,103,모락산,,0.301,0.3,5,4,,False,,쉬움
3215,forest,412200501-12516,113,덕지산,고렴리구간,0.513,0.51,9,6,,False,,쉬움
3216,forest,411700101-29567,66,삼성산 (서울/경기),,0.075,0.08,1,1,,False,,쉬움
3217,forest,411700101-29555,66,삼성산 (서울/경기),,0.126,0.13,2,2,,False,,쉬움
3218,forest,411700101-29475,66,삼성산 (서울/경기),,0.471,0.47,8,6,,False,,쉬움
3219,forest,411700101-29476,66,삼성산 (서울/경기),,0.488,0.49,9,6,,False,,쉬움
3220,forest,411700101-29477,66,삼성산 (서울/경기),,0.229,0.23,4,3,,False,,쉬움
3221,forest,411700101-29484,66,삼성산 (서울/경기),,0.018,0.51,9,6,,False,,쉬움
3222,forest,411700101-29492,66,삼성산 (서울/경기),안양동구간,1.018,1.02,26,18,,False,,쉬움
3223,forest,411700101-29502,66,삼성산 (서울/경기),안양동구간,0.099,0.1,2,1,,False,,쉬움
3224,forest,411700101-29503,66,삼성산 (서울/경기),,1.079,1.08,19,13,,False,,쉬움
3225,forest,411700101-29504,66,삼성산 (서울/경기),석수동구간,0.2,0.2,4,2,,False,,쉬움
3226,forest,411700101-29493,66,삼성산 (서울/경기),,0.811,0.81,14,10,,False,,쉬움
3227,forest,411700101-29494,66,삼성산 (서울/경기),안양동구간,0.083,0.08,1,1,,False,,쉬움
3228,forest,411700101-29495,66,삼성산 (서울/경기),,0.637,0.64,11,8,,False,,쉬움
3229,forest,411700101-29496,66,삼성산 (서울/경기),,0.407,0.41,7,5,,False,,쉬움
3230,forest,411700101-29497,66,삼성산 (서울/경기),석수동구간,0.041,0.04,1,0,,False,,쉬움
3231,forest,411700101-29498,66,삼성산 (서울/경기),,0.14,0.14,2,2,,False,,쉬움
3232,forest,411700101-29499,66,삼성산 (서울/경기),,0.045,0.04,1,0,,False,,쉬움
3233,forest,411700101-29500,66,삼성산 (서울/경기),,0.173,0.17,3,2,,False,,쉬움
3234,forest,411700101-29501,66,삼성산 (서울/경기),안양동구간,0.627,0.63,11,8,,False,,쉬움
3235,forest,411700101-29505,66,삼성산 (서울/경기),,0.804,0.8,14,10,,False,,쉬움
3236,forest,411700101-29506,66,삼성산 (서울/경기),,0.191,0.19,3,2,,False,,쉬움
3237,forest,411700101-29507,66,삼성산 (서울/경기),,0.929,0.93,16,11,,False,,쉬움
3238,forest,411700101-29508,66,삼성산 (서울/경기),,0.106,0.11,2,1,,False,,쉬움
3239,forest,411700101-29509,66,삼성산 (서울/경기),,0.028,0.03,1,0,,False,,쉬움
3240,forest,411700101-29510,66,삼성산 (서울/경기),,0.373,0.37,7,5,,False,,쉬움
3241,forest,411700101-29511,66,삼성산 (서울/경기),석수동구간,0.182,0.18,3,2,,False,,쉬움
3242,forest,411700101-29512,66,삼성산 (서울/경기),석수동구간,0.503,0.5,9,6,,False,,쉬움
3243,forest,411700101-29513,66,삼성산 (서울/경기),,0.446,0.45,8,6,,False,,쉬움
3244,forest,411700101-29514,66,삼성산 (서울/경기),,0.458,0.46,8,6,,False,,쉬움
3245,forest,411700101-29515,66,삼성산 (서울/경기),,0.003,0.0,1,0,,False,,쉬움
3246,forest,411700101-29516,66,삼성산 (서울/경기),,0.411,0.41,7,5,,False,,쉬움
3247,forest,411700101-29517,66,삼성산 (서울/경기),,0.489,0.49,9,6,,False,,쉬움
3248,forest,411700101-29518,66,삼성산 (서울/경기),,0.912,0.91,16,11,,False,,쉬움
3249,forest,411700101-29519,66,삼성산 (서울/경기),,0.197,0.2,4,2,,False,,쉬움
3250,forest,411700101-29520,66,삼성산 (서울/경기),,0.542,0.54,10,7,,False,,쉬움
3251,forest,411700101-29521,66,삼성산 (서울/경기),,0.058,0.06,1,1,,False,,쉬움
3252,forest,411700101-29522,66,삼성산 (서울/경기),,0.496,0.5,9,6,,False,,쉬움
3253,forest,411700101-29523,66,삼성산 (서울/경기),,0.511,0.51,9,6,,False,,쉬움
3254,forest,411700101-29524,66,삼성산 (서울/경기),석수동구간,0.637,0.64,11,8,,False,,쉬움
3255,forest,411700101-29525,66,삼성산 (서울/경기),,0.758,0.76,13,9,,False,,쉬움
3256,forest,411700101-29526,66,삼성산 (서울/경기),,0.552,0.55,12,8,,False,,쉬움
3257,forest,411700101-29527,66,삼성산 (서울/경기),,0.176,0.18,3,2,,False,,쉬움
3258,forest,411700101-29528,66,삼성산 (서울/경기),,0.363,0.36,6,4,,False,,쉬움
3259,forest,411700101-29529,66,삼성산 (서울/경기),,0.186,0.19,3,2,,False,,쉬움
3260,forest,411700101-29530,66,삼성산 (서울/경기),,0.714,0.71,13,9,,False,,쉬움
3261,forest,411700101-29531,66,삼성산 (서울/경기),,0.531,0.53,9,7,,False,,쉬움
3262,forest,411700101-29532,66,삼성산 (서울/경기),,0.203,0.2,4,2,,False,,쉬움
3263,forest,411700101-29533,66,삼성산 (서울/경기),,1.281,1.28,23,16,,False,,쉬움
3264,forest,411700101-29534,66,삼성산 (서울/경기),,0.613,0.61,11,8,,False,,쉬움
3265,forest,411700101-29535,66,삼성산 (서울/경기),,0.092,0.09,2,1,,False,,쉬움
3266,forest,411700101-29536,66,삼성산 (서울/경기),,0.214,0.21,4,3,,False,,쉬움
3267,forest,411700101-29537,66,삼성산 (서울/경기),,0.003,0.0,1,0,,False,,쉬움
3268,forest,411700101-29538,66,삼성산 (서울/경기),,0.003,0.0,1,0,,False,,쉬움
3269,forest,411700101-29539,66,삼성산 (서울/경기),,0.455,0.45,8,6,,False,,쉬움
3270,forest,411700101-29540,66,삼성산 (서울/경기),,0.458,0.46,8,6,,False,,쉬움
3271,forest,411700101-29541,66,삼성산 (서울/경기),,0.95,0.95,17,12,,False,,쉬움
3272,forest,411700101-29542,66,삼성산 (서울/경기),,0.511,0.51,9,6,,False,,쉬움
3273,forest,411700101-29543,66,삼성산 (서울/경기),,0.718,0.72,13,9,,False,,쉬움
3274,forest,411700101-29544,66,삼성산 (서울/경기),,0.419,0.42,7,5,,False,,쉬움
3275,forest,411700101-29545,66,삼성산 (서울/경기),,0.065,0.07,1,1,,False,,쉬움
3276,forest,411700101-29546,66,삼성산 (서울/경기),,0.483,0.48,8,6,,False,,쉬움
3277,forest,411700101-29547,66,삼성산 (서울/경기),,0.538,0.54,10,7,,False,,쉬움
3278,forest,411700101-29548,66,삼성산 (서울/경기),,0.303,0.3,5,4,,False,,쉬움
3279,forest,411700101-29549,66,삼성산 (서울/경기),,0.289,0.29,5,4,,False,,쉬움
3280,forest,411700101-29550,66,삼성산 (서울/경기),,0.24,0.24,4,3,,False,,쉬움
3281,forest,411700101-29551,66,삼성산 (서울/경기),,0.373,0.37,7,5,,False,,쉬움
3282,forest,411700101-29552,66,삼성산 (서울/경기),,0.145,0.14,2,2,,False,,쉬움
3283,forest,411700101-29553,66,삼성산 (서울/경기),,0.212,0.21,4,3,,False,,쉬움
3284,forest,411700101-29554,66,삼성산 (서울/경기),,0.115,0.12,2,1,,False,,쉬움
3285,forest,411700101-29556,66,삼성산 (서울/경기),,0.247,0.25,4,3,,False,,쉬움
3286,forest,411700101-29557,66,삼성산 (서울/경기),,0.269,0.27,5,3,,False,,쉬움
3287,forest,411700101-29558,66,삼성산 (서울/경기),,0.049,0.05,1,1,,False,,쉬움
3288,forest,411700101-29559,66,삼성산 (서울/경기),,0.004,0.0,1,0,,False,,쉬움
3289,forest,411700101-29560,66,삼성산 (서울/경기),,0.073,0.07,1,1,,False,,쉬움
3290,forest,411700101-29561,66,삼성산 (서울/경기),,0.312,0.31,5,4,,False,,쉬움
3291,forest,411700101-29562,66,삼성산 (서울/경기),,0.419,0.42,7,5,,False,,쉬움
3292,forest,411700101-29563,66,삼성산 (서울/경기),,0.25,0.25,4,3,,False,,쉬움
3293,forest,411700101-29564,66,삼성산 (서울/경기),,0.02,0.02,1,0,,False,,쉬움
3294,forest,411700101-29565,66,삼성산 (서울/경기),,0.597,0.6,11,7,,False,,쉬움
3295,forest,411700101-29566,66,삼성산 (서울/경기),,0.085,0.08,1,1,,False,,쉬움
3296,forest,411700101-29568,66,삼성산 (서울/경기),,0.131,0.13,2,2,,False,,쉬움
3297,forest,411700101-29569,66,삼성산 (서울/경기),,0.021,0.02,1,0,,False,,쉬움
3298,forest,411700101-29570,66,삼성산 (서울/경기),,0.849,0.85,15,11,,False,,쉬움
3299,forest,411700101-29571,66,삼성산 (서울/경기),,0.273,0.27,5,3,,False,,쉬움
3300,forest,411700101-29572,66,삼성산 (서울/경기),,0.006,0.01,1,0,,False,,쉬움
3301,forest,411700101-29573,66,삼성산 (서울/경기),,0.396,0.4,7,5,,False,,쉬움
3302,forest,411700101-29574,66,삼성산 (서울/경기),,0.553,0.55,10,7,,False,,쉬움
3303,forest,411700101-29575,66,삼성산 (서울/경기),,0.253,0.25,4,3,,False,,쉬움
3304,forest,411700101-29576,66,삼성산 (서울/경기),,0.004,0.0,1,0,,False,,쉬움
3305,forest,411700101-29577,66,삼성산 (서울/경기),,0.05,0.05,1,1,,False,,쉬움
3306,forest,411700101-29578,66,삼성산 (서울/경기),,0.115,0.11,2,1,,False,,쉬움
3307,forest,411700101-29579,66,삼성산 (서울/경기),,0.031,0.03,1,0,,False,,쉬움
3308,forest,411700101-29580,66,삼성산 (서울/경기),,0.015,0.01,1,0,,False,,쉬움
3309,forest,411700101-29581,66,삼성산 (서울/경기),,0.207,0.21,4,3,,False,,쉬움
3310,forest,411700101-29593,66,삼성산 (서울/경기),,0.153,0.15,3,2,,False,,쉬움
3311,forest,411700101-29582,66,삼성산 (서울/경기),,0.357,0.36,6,4,,False,,쉬움
3312,forest,411700101-29583,66,삼성산 (서울/경기),,0.009,0.01,1,0,,False,,쉬움
3313,forest,411700101-29584,66,삼성산 (서울/경기),,0.124,0.12,2,1,,False,,쉬움
3314,forest,411700101-29585,66,삼성산 (서울/경기),석수동구간,0.569,0.57,10,7,,False,,쉬움
3315,forest,411700101-29586,66,삼성산 (서울/경기),,0.128,0.13,2,2,,False,,쉬움
3316,forest,411700101-29587,66,삼성산 (서울/경기),석수동구간,0.455,0.46,9,6,,False,,쉬움
3317,forest,411700101-29588,66,삼성산 (서울/경기),,0.114,0.11,2,1,,False,,쉬움
3318,forest,411700101-29589,66,삼성산 (서울/경기),,0.005,0.0,1,0,,False,,쉬움
3319,forest,411700101-29590,66,삼성산 (서울/경기),,0.127,0.13,2,2,,False,,쉬움
3320,forest,411700101-29591,66,삼성산 (서울/경기),,0.005,0.01,1,0,,False,,쉬움
3321,forest,411700101-29592,66,삼성산 (서울/경기),,0.352,0.35,6,4,,False,,쉬움
3322,forest,411700101-29594,66,삼성산 (서울/경기),석수동구간,0.491,0.49,9,6,,False,,쉬움
3323,forest,411700101-29595,66,삼성산 (서울/경기),,0.045,0.05,1,1,,False,,쉬움
3324,forest,411700101-29596,66,삼성산 (서울/경기),,0.746,0.75,13,9,,False,,쉬움
3325,forest,411700101-29597,66,삼성산 (서울/경기),,0.265,0.27,5,3,,False,,쉬움
3326,forest,411700101-29598,66,삼성산 (서울/경기),,0.284,0.28,5,3,,False,,쉬움
3327,forest,411700101-29599,66,삼성산 (서울/경기),,0.452,0.45,8,6,,False,,쉬움
3328,forest,411700101-29600,66,삼성산 (서울/경기),,0.007,0.01,1,0,,False,,쉬움
3329,forest,411700101-29613,66,삼성산 (서울/경기),,0.299,0.3,5,4,,False,,쉬움
3330,forest,411700101-29601,66,삼성산 (서울/경기),,0.458,0.46,8,6,,False,,쉬움
3331,forest,411700101-29602,66,삼성산 (서울/경기),,0.101,0.1,2,1,,False,,쉬움
3332,forest,411700101-29603,66,삼성산 (서울/경기),,0.363,0.36,6,4,,False,,쉬움
3333,forest,411700101-29604,66,삼성산 (서울/경기),,0.426,0.43,8,5,,False,,쉬움
3334,forest,411700101-29605,66,삼성산 (서울/경기),,0.026,0.03,1,0,,False,,쉬움
3335,forest,411700101-29606,66,삼성산 (서울/경기),,0.003,0.0,1,0,,False,,쉬움
3336,forest,411700101-29607,66,삼성산 (서울/경기),,1.249,1.25,22,15,,False,,쉬움
3337,forest,411700101-29608,66,삼성산 (서울/경기),,0.265,0.27,5,3,,False,,쉬움
3338,forest,411700101-29609,66,삼성산 (서울/경기),,0.398,0.4,7,5,,False,,쉬움
3339,forest,411700101-29610,66,삼성산 (서울/경기),,0.007,0.01,1,0,,False,,쉬움
3340,forest,411700101-29611,66,삼성산 (서울/경기),,0.006,0.01,1,0,,False,,쉬움
3341,forest,411700101-29612,66,삼성산 (서울/경기),,0.414,0.41,7,5,,False,,쉬움
3342,forest,411700101-29632,66,삼성산 (서울/경기),,0.14,0.14,2,2,,False,,쉬움
3343,forest,411700101-29614,66,삼성산 (서울/경기),,0.615,0.62,11,8,,False,,쉬움
3344,forest,411700101-29615,66,삼성산 (서울/경기),,1.426,1.43,25,18,,False,,쉬움
3345,forest,411700101-29616,66,삼성산 (서울/경기),,0.903,0.9,16,11,,True,,쉬움
3346,forest,411700101-29617,66,삼성산 (서울/경기),,0.196,0.2,4,2,,False,,쉬움
3347,forest,411700101-29618,66,삼성산 (서울/경기),,0.335,0.33,6,4,,False,,쉬움
3348,forest,411700101-29619,66,삼성산 (서울/경기),,0.281,0.28,5,3,,False,,쉬움
3349,forest,411700101-29620,66,삼성산 (서울/경기),,0.594,0.59,10,7,,False,,쉬움
3350,forest,411700101-29621,66,삼성산 (서울/경기),,1.134,1.13,20,14,,False,,쉬움
3351,forest,411700101-29622,66,삼성산 (서울/경기),,0.692,0.69,12,9,,True,,쉬움
3352,forest,411700101-29623,66,삼성산 (서울/경기),,0.084,0.08,1,1,,False,,쉬움
3353,forest,416301201-28909,71,사패산,,0.035,0.04,1,0,,False,,쉬움
3354,forest,411700101-29624,66,삼성산 (서울/경기),비산동구간,0.381,0.38,7,5,,False,,쉬움
3355,forest,411700101-29625,66,삼성산 (서울/경기),비산동구간,0.969,0.97,17,12,,False,,쉬움
3356,forest,411700101-29626,66,삼성산 (서울/경기),,0.248,0.25,4,3,,False,,쉬움
3357,forest,411700101-29627,66,삼성산 (서울/경기),,0.647,0.65,11,8,,False,,쉬움
3358,forest,411700101-29628,66,삼성산 (서울/경기),,0.1,0.1,2,1,,False,,쉬움
3359,forest,411700101-29629,66,삼성산 (서울/경기),비산동구간,0.83,0.83,18,12,,False,,쉬움
3360,forest,411700101-29630,66,삼성산 (서울/경기),,0.138,0.14,2,2,,False,,쉬움
3361,forest,411700101-29631,66,삼성산 (서울/경기),,0.103,0.1,2,1,,False,,쉬움
3362,forest,411700101-29633,66,삼성산 (서울/경기),,0.247,0.25,4,3,,False,,쉬움
3363,forest,411700101-29634,66,삼성산 (서울/경기),,0.268,0.27,5,3,,False,,쉬움
3364,forest,411700101-29635,66,삼성산 (서울/경기),,0.373,0.37,7,5,,False,,쉬움
3365,forest,411700101-29636,66,삼성산 (서울/경기),,0.172,0.17,3,2,,False,,쉬움
3366,forest,411700101-29637,66,삼성산 (서울/경기),,0.347,0.35,6,4,,False,,쉬움
3367,forest,411700101-29638,66,삼성산 (서울/경기),시흥동구간,0.713,0.74,14,10,,False,,쉬움
3368,forest,411700101-29639,66,삼성산 (서울/경기),시흥동구간,0.445,0.6,11,7,,False,,쉬움
3369,forest,411700101-29640,66,삼성산 (서울/경기),,0.361,0.36,6,4,,False,,쉬움
3370,forest,416301201-28937,71,사패산,,0.025,0.02,1,0,,False,,쉬움
3371,forest,411700101-29641,66,삼성산 (서울/경기),,0.677,0.68,12,8,,False,,쉬움
3372,forest,411700101-29642,66,삼성산 (서울/경기),,0.36,0.37,7,5,,False,,쉬움
3373,forest,411700101-29643,66,삼성산 (서울/경기),,0.67,0.67,12,8,,False,,쉬움
3374,forest,411700101-29644,66,삼성산 (서울/경기),,0.371,0.37,7,5,,False,,쉬움
3375,forest,411700101-29645,66,삼성산 (서울/경기),,0.315,0.32,6,4,,False,,쉬움
3376,forest,411700101-29646,66,삼성산 (서울/경기),,0.354,0.35,6,4,,False,,쉬움
3377,forest,411700101-29647,66,삼성산 (서울/경기),,0.216,0.5,9,6,,False,,쉬움
3378,forest,411700101-29648,66,삼성산 (서울/경기),,0.097,0.14,2,2,,False,,쉬움
3379,forest,411700101-29649,66,삼성산 (서울/경기),,0.042,0.16,3,2,,False,,쉬움
3380,forest,411700101-29650,66,삼성산 (서울/경기),,0.083,0.1,2,1,,False,,쉬움
3381,forest,411700101-29651,66,삼성산 (서울/경기),,0.032,0.19,3,2,,False,,쉬움
3382,forest,411700101-29652,66,삼성산 (서울/경기),,0.413,0.48,8,6,,False,,쉬움
3383,forest,411700101-29653,66,삼성산 (서울/경기),,0.126,0.22,4,3,,False,,쉬움
3384,forest,411700101-29654,66,삼성산 (서울/경기),,1.55,1.58,28,20,,False,,쉬움
3385,forest,411700101-29655,66,삼성산 (서울/경기),,0.03,0.06,1,1,,False,,쉬움
3386,forest,411700101-29656,66,삼성산 (서울/경기),,0.156,0.19,3,2,,False,,쉬움
3387,forest,411700101-29657,66,삼성산 (서울/경기),,1.081,1.08,19,13,,False,,쉬움
3388,forest,411700101-29658,66,삼성산 (서울/경기),,0.583,0.6,11,8,,False,,쉬움
3389,forest,411700101-29659,66,삼성산 (서울/경기),,0.088,0.1,2,1,,False,,쉬움
3390,forest,411700101-29660,66,삼성산 (서울/경기),석수동구간,0.615,0.62,12,8,,False,,쉬움
3391,forest,411700101-29661,66,삼성산 (서울/경기),,0.245,0.24,4,3,,False,,쉬움
3392,forest,411700101-29662,66,삼성산 (서울/경기),안양동구간,1.392,1.39,35,24,,False,,쉬움
3393,forest,411700101-29663,66,삼성산 (서울/경기),,0.15,0.19,3,2,,False,,쉬움
3394,forest,411700101-29664,66,삼성산 (서울/경기),,0.068,0.07,1,1,,False,,쉬움
3395,forest,412100201-5832,19,구름산,,0.01,0.01,1,0,,False,,쉬움
3396,forest,416301201-28841,71,사패산,,0.038,0.04,1,0,,False,,쉬움
3397,forest,416301201-28891,71,사패산,,0.094,0.09,2,1,,False,,쉬움
3398,forest,416301201-28835,71,사패산,,1.695,1.7,30,21,,False,,쉬움
3399,forest,416301201-28836,71,사패산,호원동구간,0.94,0.94,17,12,,False,,쉬움
3400,forest,416301201-28837,71,사패산,,0.342,0.34,6,4,,False,,쉬움
3401,forest,416301201-28838,71,사패산,,0.227,0.23,4,3,,False,,쉬움
3402,forest,416301201-28839,71,사패산,,0.62,0.62,11,8,,False,,쉬움
3403,forest,416301201-28840,71,사패산,,0.525,0.52,9,6,,False,,쉬움
3404,forest,416301201-28842,71,사패산,,0.284,0.28,5,3,,False,,쉬움
3405,forest,416301201-28843,71,사패산,,0.026,0.03,1,0,,False,,쉬움
3406,forest,416301201-28844,71,사패산,,0.536,0.54,10,7,,False,,쉬움
3407,forest,416301201-28845,71,사패산,,0.443,0.44,8,5,,False,,쉬움
3408,forest,416301201-28846,71,사패산,,0.258,0.26,5,3,,False,,쉬움
3409,forest,416301201-28847,71,사패산,,0.444,0.44,8,5,,False,,쉬움
3410,forest,416301201-28848,71,사패산,,0.305,0.31,5,4,,False,,쉬움
3411,forest,416301201-28849,71,사패산,,0.13,0.13,2,2,,False,,쉬움
3412,forest,416301201-28850,71,사패산,호원동구간,0.361,0.36,6,4,,False,,쉬움
3413,forest,416301201-28876,71,사패산,,0.255,0.26,5,3,,False,,쉬움
3414,forest,416301201-28851,71,사패산,,0.26,0.26,5,3,,False,,쉬움
3415,forest,416301201-28852,71,사패산,,0.089,0.09,2,1,,False,,쉬움
3416,forest,416301201-28853,71,사패산,,0.003,0.0,1,0,,False,,쉬움
3417,forest,416301201-28854,71,사패산,,0.049,0.05,1,1,,False,,쉬움
3418,forest,416301201-28855,71,사패산,,0.2,0.2,4,2,,False,,쉬움
3419,forest,416301201-28856,71,사패산,,0.554,0.55,10,7,,False,,쉬움
3420,forest,416301201-28857,71,사패산,,0.025,0.02,1,0,,False,,쉬움
3421,forest,416301201-28858,71,사패산,,0.169,0.17,3,2,,False,,쉬움
3422,forest,416301201-28859,71,사패산,,0.039,0.04,1,0,,False,,쉬움
3423,forest,416301201-28860,71,사패산,,0.193,0.19,3,2,,False,,쉬움
3424,forest,416301201-28861,71,사패산,,0.25,0.25,4,3,,False,,쉬움
3425,forest,416301201-28862,71,사패산,,0.503,0.5,9,6,,False,,쉬움
3426,forest,416301201-28863,71,사패산,,0.107,0.11,2,1,,False,,쉬움
3427,forest,416301201-28864,71,사패산,,0.25,0.25,4,3,,False,,쉬움
3428,forest,416301201-28877,71,사패산,,0.132,0.13,2,2,,False,,쉬움
3429,forest,416301201-28892,71,사패산,,0.105,0.11,2,1,,False,,쉬움
3430,forest,416301201-28865,71,사패산,,0.427,0.43,8,5,,False,,쉬움
3431,forest,416301201-28866,71,사패산,,0.046,0.05,1,1,,False,,쉬움
3432,forest,416301201-28867,71,사패산,,0.135,0.13,2,2,,False,,쉬움
3433,forest,416301201-28868,71,사패산,,0.055,0.06,1,1,,False,,쉬움
3434,forest,416301201-28869,71,사패산,,0.359,0.36,6,4,,False,,쉬움
3435,forest,416301201-28870,71,사패산,,0.055,0.05,1,1,,False,,쉬움
3436,forest,416301201-28871,71,사패산,호원동구간,0.382,0.38,7,5,,False,,쉬움
3437,forest,416301201-28872,71,사패산,,0.2,0.2,4,2,,False,,쉬움
3438,forest,416301201-28873,71,사패산,호원동구간,0.184,0.18,3,2,,False,,쉬움
3439,forest,416301201-28874,71,사패산,호원동구간,0.12,0.12,2,1,,False,,쉬움
3440,forest,416301201-28875,71,사패산,,0.145,0.15,3,2,,False,,쉬움
3441,forest,416301201-28890,71,사패산,,0.082,0.08,1,1,,False,,쉬움
3442,forest,416301201-28878,71,사패산,,0.479,0.48,8,6,,False,,쉬움
3443,forest,416301201-28879,71,사패산,,0.234,0.23,4,3,,False,,쉬움
3444,forest,416301201-28880,71,사패산,,0.023,0.02,1,0,,False,,쉬움
3445,forest,416301201-28881,71,사패산,,0.23,0.23,4,3,,False,,쉬움
3446,forest,416301201-28882,71,사패산,,0.005,0.01,1,0,,False,,쉬움
3447,forest,416301201-28883,71,사패산,,0.089,0.09,2,1,,False,,쉬움
3448,forest,416301201-28884,71,사패산,,0.191,0.19,3,2,,False,,쉬움
3449,forest,416301201-28885,71,사패산,,0.116,0.12,2,1,,False,,쉬움
3450,forest,416301201-28886,71,사패산,,0.514,0.51,9,6,,False,,쉬움
3451,forest,416301201-28887,71,사패산,,0.064,0.06,1,1,,False,,쉬움
3452,forest,416301201-28888,71,사패산,,0.115,0.11,2,1,,False,,쉬움
3453,forest,416301201-28889,71,사패산,,0.353,0.35,6,4,,False,,쉬움
3454,forest,416301201-28893,71,사패산,,0.498,0.5,9,6,,False,,쉬움
3455,forest,416301201-28894,71,사패산,,0.03,0.03,1,0,,False,,쉬움
3456,forest,416301201-28895,71,사패산,,0.023,0.02,1,0,,False,,쉬움
3457,forest,416301201-28896,71,사패산,호원동구간,0.065,0.07,1,1,,False,,쉬움
3458,forest,416301201-28897,71,사패산,,0.089,0.09,2,1,,False,,쉬움
3459,forest,416301201-28898,71,사패산,,0.082,0.08,1,1,,False,,쉬움
3460,forest,416301201-28899,71,사패산,,0.048,0.05,1,1,,False,,쉬움
3461,forest,416301201-28900,71,사패산,,0.105,0.1,2,1,,False,,쉬움
3462,forest,416301201-28901,71,사패산,,0.078,0.08,1,1,,False,,쉬움
3463,forest,416301201-28902,71,사패산,,0.207,0.21,4,3,,False,,쉬움
3464,forest,416301201-28903,71,사패산,,0.109,0.11,2,1,,False,,쉬움
3465,forest,416301201-28904,71,사패산,,0.157,0.16,3,2,,False,,쉬움
3466,forest,416301201-28905,71,사패산,,0.283,0.28,5,3,,False,,쉬움
3467,forest,416301201-28906,71,사패산,,0.2,0.2,4,2,,False,,쉬움
3468,forest,416301201-28907,71,사패산,,0.047,0.05,1,1,,False,,쉬움
3469,forest,416301201-28908,71,사패산,,0.013,0.01,1,0,,False,,쉬움
3470,forest,412100201-5772,19,구름산,,0.006,0.01,1,0,,False,,쉬움
3471,forest,416301201-28910,71,사패산,,0.107,0.11,2,1,,False,,쉬움
3472,forest,416301201-28911,71,사패산,,0.148,0.15,3,2,,False,,쉬움
3473,forest,416301201-28912,71,사패산,,0.229,0.23,4,3,,False,,쉬움
3474,forest,416301201-28913,71,사패산,,0.088,0.09,2,1,,False,,쉬움
3475,forest,416301201-28914,71,사패산,,0.104,0.1,2,1,,False,,쉬움
3476,forest,416301201-28915,71,사패산,,0.066,0.07,1,1,,False,,쉬움
3477,forest,416301201-28916,71,사패산,,0.793,0.79,14,10,,False,,쉬움
3478,forest,416301201-28917,71,사패산,,0.189,0.19,3,2,,False,,쉬움
3479,forest,416301201-28918,71,사패산,,0.235,0.24,4,3,,False,,쉬움
3480,forest,416301201-28919,71,사패산,,0.311,0.31,5,4,,False,,쉬움
3481,forest,416301201-28920,71,사패산,,0.879,0.88,16,11,,False,,쉬움
3482,forest,416301201-28921,71,사패산,,0.262,0.26,5,3,,False,,쉬움
3483,forest,416301201-28922,71,사패산,,0.011,0.01,1,0,,False,,쉬움
3484,forest,416301201-28938,71,사패산,,0.101,0.1,2,1,,False,,쉬움
3485,forest,416301201-28923,71,사패산,,0.316,0.32,6,4,,False,,쉬움
3486,forest,416301201-28924,71,사패산,,0.073,0.07,1,1,,False,,쉬움
3487,forest,416301201-28925,71,사패산,,0.072,0.07,1,1,,False,,쉬움
3488,forest,416301201-28926,71,사패산,의정부동구간,0.04,0.04,1,0,,False,,쉬움
3489,forest,416301201-28927,71,사패산,,0.081,0.08,1,1,,False,,쉬움
3490,forest,416301201-28928,71,사패산,,0.084,0.08,1,1,,False,,쉬움
3491,forest,416301201-28929,71,사패산,,0.06,0.06,1,1,,False,,쉬움
3492,forest,416301201-28930,71,사패산,,0.309,0.31,5,4,,False,,쉬움
3493,forest,416301201-28931,71,사패산,,0.068,0.07,1,1,,False,,쉬움
3494,forest,416301201-28932,71,사패산,,0.051,0.05,1,1,,False,,쉬움
3495,forest,416301201-28933,71,사패산,,0.126,0.13,2,2,,False,,쉬움
3496,forest,416301201-28934,71,사패산,,0.05,0.05,1,1,,False,,쉬움
3497,forest,416301201-28935,71,사패산,,0.193,0.19,3,2,,False,,쉬움
3498,forest,416301201-28936,71,사패산,,0.251,0.25,4,3,,False,,쉬움
3499,forest,416301201-28939,71,사패산,,0.084,0.08,1,1,,False,,쉬움
3500,forest,416301201-28940,71,사패산,,0.021,0.02,1,0,,False,,쉬움
3501,forest,416301201-28941,71,사패산,,0.023,0.02,1,0,,False,,쉬움
3502,forest,416301201-28942,71,사패산,의정부동구간,0.175,0.17,3,2,,False,,쉬움
3503,forest,416301201-28943,71,사패산,,0.459,0.46,8,6,,False,,쉬움
3504,forest,416301201-28944,71,사패산,,0.061,0.06,1,1,,False,,쉬움
3505,forest,416301201-28945,71,사패산,,0.429,0.43,8,5,,False,,쉬움
3506,forest,416301201-28946,71,사패산,,0.062,0.06,1,1,,False,,쉬움
3507,forest,416301201-28947,71,사패산,,0.069,0.07,1,1,,False,,쉬움
3508,forest,416301201-28948,71,사패산,,0.253,0.25,4,3,,False,,쉬움
3509,forest,416301201-28949,71,사패산,,0.057,0.06,1,1,,False,,쉬움
3510,forest,416301201-28950,71,사패산,,0.025,0.03,1,0,,False,,쉬움
3511,forest,416301201-28951,71,사패산,,0.054,0.05,1,1,,False,,쉬움
3512,forest,416301201-28960,71,사패산,,0.029,0.03,1,0,,False,,쉬움
3513,forest,416301201-28961,71,사패산,,0.025,0.02,1,0,,False,,쉬움
3514,forest,416301201-28952,71,사패산,,0.298,0.3,5,4,,False,,쉬움
3515,forest,416301201-28953,71,사패산,,0.569,0.57,10,7,,False,,쉬움
3516,forest,416301201-28954,71,사패산,가능동구간,0.745,0.75,13,9,,False,,쉬움
3517,forest,416301201-28955,71,사패산,,0.381,0.38,7,5,,False,,쉬움
3518,forest,416301201-28956,71,사패산,,0.231,0.23,4,3,,False,,쉬움
3519,forest,416301201-28957,71,사패산,,0.203,0.2,4,2,,False,,쉬움
3520,forest,416301201-28958,71,사패산,,0.379,0.38,7,5,,False,,쉬움
3521,forest,416301201-28959,71,사패산,,0.216,0.22,4,3,,False,,쉬움
3522,forest,416301201-28962,71,사패산,,0.374,0.37,7,5,,False,,쉬움
3523,forest,416301201-28963,71,사패산,,0.076,0.08,1,1,,False,,쉬움
3524,forest,416301201-28964,71,사패산,의정부동구간,0.067,0.07,1,1,,False,,쉬움
3525,forest,416301201-28965,71,사패산,,0.106,0.11,2,1,,False,,쉬움
3526,forest,416301201-28966,71,사패산,,0.398,0.4,7,5,,False,,쉬움
3527,forest,416301201-28967,71,사패산,가능동구간,0.382,0.38,7,5,,False,,쉬움
3528,forest,416301201-28968,71,사패산,가능동구간,0.597,0.6,13,9,,False,,쉬움
3529,forest,416301201-28969,71,사패산,,0.419,0.42,7,5,,False,,쉬움
3530,forest,416301201-28970,71,사패산,의정부동구간,0.347,0.35,6,4,,False,,쉬움
3531,forest,416301201-28971,71,사패산,가능동구간,1.103,1.1,19,14,,False,,쉬움
3532,forest,416301201-28972,71,사패산,의정부동구간,0.45,0.45,8,6,,False,,쉬움
3533,forest,416301201-28973,71,사패산,울대리구간,0.652,0.65,11,8,,False,,쉬움
3534,forest,416301201-28974,71,사패산,,1.432,1.43,25,18,,False,,쉬움
3535,forest,416301201-28975,71,사패산,울대리구간,1.39,1.39,30,21,,False,,쉬움
3536,forest,416301201-28976,71,사패산,,0.358,0.36,6,4,,False,,쉬움
3537,forest,416301201-28977,71,사패산,,1.558,1.56,28,19,,False,,쉬움
3538,forest,416301201-28978,71,사패산,울대리구간,0.077,0.08,1,1,,False,,쉬움
3539,forest,416301201-28979,71,사패산,,0.361,0.36,6,4,,False,,쉬움
3540,forest,416301201-28980,71,사패산,,0.155,0.16,3,2,,False,,쉬움
3541,forest,416301201-28981,71,사패산,,0.079,0.08,1,1,,False,,쉬움
3542,forest,416101701-27735,24,불곡산 (성남/광주),분당동구간,1.035,1.04,22,16,,False,,쉬움
3543,forest,416101701-27736,24,불곡산 (성남/광주),,0.356,0.36,6,4,,False,,쉬움
3544,forest,416101701-27737,24,불곡산 (성남/광주),신현리구간,0.405,0.41,7,5,,False,,쉬움
3545,forest,416101701-27738,24,불곡산 (성남/광주),,0.434,0.43,8,5,,False,,쉬움
3546,forest,416101701-27739,24,불곡산 (성남/광주),분당동구간,0.633,0.63,11,8,,False,,쉬움
3547,forest,416101701-27740,24,불곡산 (성남/광주),,0.423,0.42,7,5,,False,,쉬움
3548,forest,416101701-27741,24,불곡산 (성남/광주),구미동구간,3.353,3.35,59,41,,False,,쉬움
3549,forest,416101701-27742,24,불곡산 (성남/광주),신현리구간,0.392,0.39,7,5,,False,,쉬움
3550,forest,416101701-27743,24,불곡산 (성남/광주),정자동구간,1.528,1.53,27,19,,False,,쉬움
3551,forest,416101701-27744,24,불곡산 (성남/광주),구미동구간,0.962,0.96,21,14,,False,,쉬움
3552,forest,416101701-27745,24,불곡산 (성남/광주),정자동구간,0.189,0.19,3,2,,False,,쉬움
3553,forest,416101701-27746,24,불곡산 (성남/광주),정자동구간,0.498,0.5,9,6,,False,,쉬움
3554,forest,416101701-27747,24,불곡산 (성남/광주),,0.532,0.53,9,7,,False,,쉬움
3555,forest,412202401-26439,114,부락산,,0.159,0.16,3,2,,False,,쉬움
3556,forest,416101701-27748,24,불곡산 (성남/광주),정자동구간,0.061,0.06,1,1,,False,,쉬움
3557,forest,416101701-27749,24,불곡산 (성남/광주),,0.029,0.03,1,0,,False,,쉬움
3558,forest,416101701-27750,24,불곡산 (성남/광주),,0.665,0.67,12,8,,False,,쉬움
3559,forest,416101701-27751,24,불곡산 (성남/광주),,0.664,0.66,12,8,,False,,쉬움
3560,forest,416101701-27752,24,불곡산 (성남/광주),,0.558,0.56,10,7,,False,,쉬움
3561,forest,416101701-27753,24,불곡산 (성남/광주),,0.512,0.51,9,6,,False,,쉬움
3562,forest,416101701-27754,24,불곡산 (성남/광주),,0.197,0.2,4,2,,False,,쉬움
3563,forest,416101701-27755,24,불곡산 (성남/광주),신현리구간,0.304,0.3,5,4,,False,,쉬움
3564,forest,416101701-27756,24,불곡산 (성남/광주),,0.215,0.21,4,3,,False,,쉬움
3565,forest,416101701-27757,24,불곡산 (성남/광주),,0.111,0.11,2,1,,False,,쉬움
3566,forest,416101701-27758,24,불곡산 (성남/광주),,0.153,0.15,3,2,,False,,쉬움
3567,forest,416101701-27759,24,불곡산 (성남/광주),,0.193,0.19,3,2,,False,,쉬움
3568,forest,414601801-22663,95,법화산 (경기),,0.086,0.09,2,1,,False,,쉬움
3569,forest,416101701-27760,24,불곡산 (성남/광주),,0.137,0.14,2,2,,False,,쉬움
3570,forest,416101701-27761,24,불곡산 (성남/광주),,0.202,0.2,4,2,,False,,쉬움
3571,forest,416101701-27762,24,불곡산 (성남/광주),,0.131,0.13,2,2,,False,,쉬움
3572,forest,416101701-27763,24,불곡산 (성남/광주),,0.141,0.14,2,2,,False,,쉬움
3573,forest,416101701-27764,24,불곡산 (성남/광주),,0.077,0.08,1,1,,False,,쉬움
3574,forest,416101701-27765,24,불곡산 (성남/광주),,0.029,0.03,1,0,,False,,쉬움
3575,forest,416101701-27766,24,불곡산 (성남/광주),,0.119,0.12,2,1,,False,,쉬움
3576,forest,416101701-27767,24,불곡산 (성남/광주),,0.122,0.12,2,1,,False,,쉬움
3577,forest,416701701-26710,85,북성산,오계리구간,0.594,0.59,10,7,,False,,쉬움
3578,forest,416701701-26711,85,북성산,매류리구간,1.207,1.21,21,15,,False,,쉬움
3579,forest,416701701-26714,85,북성산,,0.338,0.34,6,4,,False,,쉬움
3580,forest,416701701-26715,85,북성산,,0.296,0.3,5,4,,False,,쉬움
3581,forest,416701701-26716,85,북성산,,0.367,0.37,7,5,,False,,쉬움
3582,forest,416701701-26717,85,북성산,신지리구간,0.511,0.51,9,6,,False,,쉬움
3583,forest,416701701-26718,85,북성산,월송동구간,0.916,0.92,16,11,,False,,쉬움
3584,forest,418202101-26588,8,북배산,,4.703,4.7,83,58,,False,,쉬움
3585,forest,418202101-26589,8,북배산,,1.104,1.1,19,14,,False,,쉬움
3586,forest,418202101-26592,8,북배산,,1.567,2.7,48,33,,False,,쉬움
3587,forest,418202101-26596,8,북배산,,1.613,1.61,28,20,,False,,쉬움
3588,forest,418202101-26598,8,북배산,,2.314,2.35,41,29,,False,,쉬움
3589,forest,418202101-26599,8,북배산,,1.217,1.26,22,16,,False,,쉬움
3590,forest,418202101-26600,8,북배산,,0.53,1.95,34,24,,False,,쉬움
3591,forest,418202101-26611,8,북배산,목동리구간,1.157,1.16,20,14,,False,,쉬움
3592,forest,418202101-26613,8,북배산,,0.156,0.16,3,2,,False,,쉬움
3593,forest,418202101-26614,8,북배산,,0.128,0.32,6,4,,False,,쉬움
3594,forest,418202101-26615,8,북배산,,0.06,0.06,1,1,,False,,쉬움
3595,forest,418202101-26616,8,북배산,,0.619,0.65,11,8,,False,,쉬움
3596,forest,418202101-26622,8,북배산,,0.006,1.15,20,14,,False,,쉬움
3597,forest,418202101-26628,8,북배산,,0.435,0.48,8,6,,False,,쉬움
3598,forest,418202101-26636,8,북배산,,2.476,2.52,95,66,,False,,쉬움
3599,forest,418202101-26637,8,북배산,,4.104,4.13,73,51,,False,,쉬움
3600,forest,418202101-26638,8,북배산,,0.068,0.77,14,10,,False,,쉬움
3601,forest,412202401-26406,114,부락산,장안동구간,0.111,0.11,2,1,,False,,쉬움
3602,forest,412202401-26407,114,부락산,,0.475,0.47,8,6,,False,,쉬움
3603,forest,412202401-26408,114,부락산,장안동구간,0.036,0.04,1,0,,False,,쉬움
3604,forest,412202401-26409,114,부락산,지산동구간,0.068,0.07,1,1,,False,,쉬움
3605,forest,412202401-26410,114,부락산,,0.397,0.4,7,5,,False,,쉬움
3606,forest,412202401-26411,114,부락산,,0.034,0.03,1,0,,False,,쉬움
3607,forest,412202401-26412,114,부락산,,0.042,0.04,1,0,,False,,쉬움
3608,forest,412202401-26413,114,부락산,,0.142,0.14,2,2,,False,,쉬움
3609,forest,412202401-26414,114,부락산,,0.067,0.07,1,1,,False,,쉬움
3610,forest,412202401-26415,114,부락산,,0.405,0.41,7,5,,False,,쉬움
3611,forest,412202401-26416,114,부락산,,0.045,0.05,1,1,,False,,쉬움
3612,forest,412202401-26417,114,부락산,장안동구간,0.622,0.62,11,8,,False,,쉬움
3613,forest,412202401-26418,114,부락산,,0.319,0.32,6,4,,False,,쉬움
3614,forest,412202401-26419,114,부락산,,0.753,0.75,13,9,,False,,쉬움
3615,forest,412202401-26420,114,부락산,,0.244,0.24,4,3,,False,,쉬움
3616,forest,412202401-26421,114,부락산,,0.022,0.02,1,0,,False,,쉬움
3617,forest,412202401-26422,114,부락산,,0.049,0.05,1,1,,False,,쉬움
3618,forest,412202401-26423,114,부락산,,0.181,0.18,3,2,,False,,쉬움
3619,forest,412202401-26424,114,부락산,,0.167,0.17,3,2,,False,,쉬움
3620,forest,412202401-26425,114,부락산,,0.641,0.64,11,8,,False,,쉬움
3621,forest,412202401-26426,114,부락산,,0.009,0.01,1,0,,False,,쉬움
3622,forest,412202401-26427,114,부락산,,0.138,0.14,2,2,,False,,쉬움
3623,forest,412202401-26428,114,부락산,,0.32,0.32,6,4,,False,,쉬움
3624,forest,412202401-26429,114,부락산,이충동구간,0.495,0.5,9,6,,False,,쉬움
3625,forest,412202401-26430,114,부락산,,0.047,0.05,1,1,,False,,쉬움
3626,forest,412202401-26431,114,부락산,서정동구간,0.351,0.35,6,4,,False,,쉬움
3627,forest,412202401-26432,114,부락산,,0.721,0.72,13,9,,False,,쉬움
3628,forest,412202401-26433,114,부락산,,0.094,0.09,2,1,,False,,쉬움
3629,forest,412202401-26434,114,부락산,,0.082,0.08,1,1,,False,,쉬움
3630,forest,412202401-26435,114,부락산,,0.053,0.05,1,1,,False,,쉬움
3631,forest,412202401-26436,114,부락산,,0.2,0.2,4,2,,False,,쉬움
3632,forest,412202401-26437,114,부락산,,0.739,0.74,13,9,,False,,쉬움
3633,forest,412202401-26438,114,부락산,,2.231,2.23,39,28,,False,,쉬움
3634,forest,412202401-26440,114,부락산,지산동구간,0.198,0.2,4,2,,False,,쉬움
3635,forest,412202401-26441,114,부락산,,0.072,0.07,1,1,,False,,쉬움
3636,forest,412202401-26442,114,부락산,지산동구간,0.36,0.36,6,4,,False,,쉬움
3637,forest,412202401-26443,114,부락산,,0.025,0.03,1,0,,False,,쉬움
3638,forest,412202401-26444,114,부락산,,0.169,0.17,3,2,,False,,쉬움
3639,forest,412202401-26445,114,부락산,,0.168,0.17,3,2,,False,,쉬움
3640,forest,412202401-26446,114,부락산,,0.225,0.23,4,3,,False,,쉬움
3641,forest,412202401-26447,114,부락산,,0.186,0.19,3,2,,False,,쉬움
3642,forest,412202401-26448,114,부락산,지산동구간,0.14,0.14,2,2,,False,,쉬움
3643,forest,418302101-25046,76,봉미산,설곡리구간,1.869,1.87,33,23,,False,,쉬움
3644,forest,418302101-25047,76,봉미산,,1.57,1.57,28,19,,False,,쉬움
3645,forest,418302101-25048,76,봉미산,산음리구간,3.529,3.53,62,44,,False,,쉬움
3646,forest,418302101-25049,76,봉미산,,1.342,1.34,24,17,,False,,쉬움
3647,forest,418302101-25050,76,봉미산,,1.469,1.47,26,18,,False,,쉬움
3648,forest,418302101-25051,76,봉미산,설곡리구간,1.16,1.16,20,14,,False,,쉬움
3649,forest,418302101-25052,76,봉미산,설곡리구간,1.846,1.85,33,23,,False,,쉬움
3650,forest,418302101-25053,76,봉미산,,1.572,1.57,28,19,,False,,쉬움
3651,forest,414601801-22664,95,법화산 (경기),,0.114,0.11,2,1,,False,,쉬움
3652,forest,414601801-22613,95,법화산 (경기),청덕동구간,0.135,0.14,2,2,,False,,쉬움
3653,forest,415501501-22023,61,백운산 (경기),반제리구간,0.587,0.59,10,7,,False,,쉬움
3654,forest,415501501-22024,61,백운산 (경기),반제리구간,0.95,0.95,17,12,,False,,쉬움
3655,forest,414601801-22614,95,법화산 (경기),청덕동구간,0.057,0.06,1,1,,False,,쉬움
3656,forest,414601801-22603,95,법화산 (경기),,0.094,0.09,2,1,,False,,쉬움
3657,forest,414601801-22604,95,법화산 (경기),,0.597,0.6,11,7,,False,,쉬움
3658,forest,414601801-22605,95,법화산 (경기),오산리구간,0.65,0.65,11,8,,False,,쉬움
3659,forest,414601801-22606,95,법화산 (경기),,0.41,0.41,7,5,,False,,쉬움
3660,forest,414601801-22607,95,법화산 (경기),오산리구간,0.288,0.29,5,4,,False,,쉬움
3661,forest,414601801-22608,95,법화산 (경기),,0.363,0.36,6,4,,False,,쉬움
3662,forest,414601801-22609,95,법화산 (경기),오산리구간,1.099,1.1,19,14,,False,,쉬움
3663,forest,414601801-22610,95,법화산 (경기),,0.515,0.52,9,6,,False,,쉬움
3664,forest,414601801-22611,95,법화산 (경기),,0.341,0.34,6,4,,False,,쉬움
3665,forest,414601801-22612,95,법화산 (경기),,0.06,0.06,1,1,,False,,쉬움
3666,forest,414601801-22615,95,법화산 (경기),,0.069,0.07,1,1,,False,,쉬움
3667,forest,414601801-22616,95,법화산 (경기),,0.173,0.17,3,2,,False,,쉬움
3668,forest,414601801-22617,95,법화산 (경기),청덕동구간,0.142,0.14,2,2,,False,,쉬움
3669,forest,414601801-22618,95,법화산 (경기),언남동구간,0.746,0.75,13,9,,False,,쉬움
3670,forest,414601801-22619,95,법화산 (경기),청덕동구간,0.422,0.42,7,5,,False,,쉬움
3671,forest,414601801-22620,95,법화산 (경기),언남동구간,0.776,0.78,14,10,,False,,쉬움
3672,forest,414601801-22621,95,법화산 (경기),청덕동구간,0.056,0.06,1,1,,False,,쉬움
3673,forest,414601801-22622,95,법화산 (경기),,0.06,0.06,1,1,,False,,쉬움
3674,forest,414601801-22623,95,법화산 (경기),청덕동구간,0.03,0.03,1,0,,False,,쉬움
3675,forest,414601801-22624,95,법화산 (경기),청덕동구간,0.077,0.08,1,1,,False,,쉬움
3676,forest,414601801-22625,95,법화산 (경기),,0.152,0.15,3,2,,False,,쉬움
3677,forest,414601801-22626,95,법화산 (경기),,0.078,0.08,1,1,,False,,쉬움
3678,forest,414601801-22627,95,법화산 (경기),,0.03,0.03,1,0,,False,,쉬움
3679,forest,414601801-22628,95,법화산 (경기),,0.456,0.46,8,6,,False,,쉬움
3680,forest,414601801-22629,95,법화산 (경기),청덕동구간,0.446,0.45,8,6,,False,,쉬움
3681,forest,414601801-22630,95,법화산 (경기),,0.222,0.22,4,3,,False,,쉬움
3682,forest,414601801-22660,95,법화산 (경기),,0.07,0.07,1,1,,False,,쉬움
3683,forest,414601801-22661,95,법화산 (경기),,0.068,0.07,1,1,,False,,쉬움
3684,forest,414601801-22631,95,법화산 (경기),언남동구간,0.611,0.61,11,8,,False,,쉬움
3685,forest,414601801-22632,95,법화산 (경기),청덕동구간,0.104,0.1,2,1,,False,,쉬움
3686,forest,414601801-22633,95,법화산 (경기),청덕동구간,0.351,0.35,6,4,,False,,쉬움
3687,forest,414601801-22634,95,법화산 (경기),,0.132,0.13,2,2,,False,,쉬움
3688,forest,414601801-22635,95,법화산 (경기),마북동구간,0.32,0.32,6,4,,False,,쉬움
3689,forest,414601801-22636,95,법화산 (경기),,0.233,0.23,4,3,,False,,쉬움
3690,forest,414601801-22637,95,법화산 (경기),청덕동구간,0.134,0.13,2,2,,False,,쉬움
3691,forest,414601801-22638,95,법화산 (경기),,0.182,0.18,3,2,,False,,쉬움
3692,forest,414601801-22639,95,법화산 (경기),,0.162,0.16,3,2,,False,,쉬움
3693,forest,414601801-22640,95,법화산 (경기),,0.087,0.09,2,1,,False,,쉬움
3694,forest,414601801-22641,95,법화산 (경기),,0.084,0.08,1,1,,False,,쉬움
3695,forest,414601801-22642,95,법화산 (경기),,0.092,0.09,2,1,,False,,쉬움
3696,forest,414601801-22643,95,법화산 (경기),마북동구간,0.027,0.03,1,0,,False,,중간
3697,forest,414601801-22644,95,법화산 (경기),,0.025,0.02,1,0,,False,,쉬움
3698,forest,414601801-22645,95,법화산 (경기),,0.362,0.36,6,4,,False,,쉬움
3699,forest,414601801-22646,95,법화산 (경기),,0.869,0.87,15,11,,False,,쉬움
3700,forest,414601801-22662,95,법화산 (경기),,0.179,0.18,3,2,,False,,쉬움
3701,forest,414601801-22647,95,법화산 (경기),,0.72,0.72,13,9,,False,,쉬움
3702,forest,414601801-22648,95,법화산 (경기),,0.279,0.28,5,3,,False,,쉬움
3703,forest,414601801-22649,95,법화산 (경기),,0.951,0.95,17,12,,False,,쉬움
3704,forest,414601801-22650,95,법화산 (경기),,0.306,0.31,5,4,,False,,쉬움
3705,forest,414601801-22651,95,법화산 (경기),,0.399,0.4,7,5,,False,,쉬움
3706,forest,414601801-22652,95,법화산 (경기),,0.338,0.34,6,4,,False,,쉬움
3707,forest,414601801-22653,95,법화산 (경기),,0.281,0.28,5,3,,False,,쉬움
3708,forest,414601801-22654,95,법화산 (경기),,0.522,0.52,9,6,,False,,쉬움
3709,forest,414601801-22655,95,법화산 (경기),,0.119,0.12,2,1,,False,,쉬움
3710,forest,414601801-22656,95,법화산 (경기),,0.05,0.05,1,1,,False,,쉬움
3711,forest,414601801-22657,95,법화산 (경기),,0.318,0.32,6,4,,False,,쉬움
3712,forest,414601801-22658,95,법화산 (경기),,0.078,0.08,1,1,,False,,쉬움
3713,forest,414601801-22659,95,법화산 (경기),,0.1,0.1,2,1,,False,,쉬움
3714,forest,414601801-22665,95,법화산 (경기),마북동구간,0.156,0.16,3,2,,False,,쉬움
3715,forest,414601801-22666,95,법화산 (경기),,0.067,0.07,1,1,,False,,쉬움
3716,forest,414601801-22667,95,법화산 (경기),,0.061,0.06,1,1,,False,,쉬움
3717,forest,414601801-22668,95,법화산 (경기),청덕동구간,0.031,0.03,1,0,,False,,쉬움
3718,forest,414601801-22669,95,법화산 (경기),청덕동구간,0.03,0.03,1,0,,False,,쉬움
3719,forest,414601801-22670,95,법화산 (경기),오산리구간,0.056,0.06,1,1,,False,,쉬움
3720,forest,414601801-22671,95,법화산 (경기),,0.313,0.31,5,4,,False,,쉬움
3721,forest,414601801-22672,95,법화산 (경기),,0.086,0.09,2,1,,False,,쉬움
3722,forest,414601801-22673,95,법화산 (경기),,1.35,1.35,24,17,,False,,쉬움
3723,forest,414601801-22674,95,법화산 (경기),,0.179,0.18,3,2,,False,,쉬움
3724,forest,414601801-22675,95,법화산 (경기),,0.462,0.46,8,6,,False,,쉬움
3725,forest,414601801-22676,95,법화산 (경기),,0.03,0.03,1,0,,False,,쉬움
3726,forest,414601801-22677,95,법화산 (경기),,0.888,0.89,16,11,,False,,쉬움
3727,forest,414601801-22678,95,법화산 (경기),마북동구간,0.561,0.56,11,7,,False,,쉬움
3728,forest,414601801-22679,95,법화산 (경기),마북동구간,0.764,0.76,14,10,,False,,쉬움
3729,forest,414601801-22680,95,법화산 (경기),마북동구간,1.33,1.33,25,17,,False,,쉬움
3730,forest,414601801-22681,95,법화산 (경기),,0.312,0.31,5,4,,False,,쉬움
3731,forest,414601801-22682,95,법화산 (경기),,0.048,0.05,1,1,,False,,쉬움
3732,forest,414601801-22683,95,법화산 (경기),오산리구간,0.311,0.31,5,4,,False,,쉬움
3733,forest,414601801-22684,95,법화산 (경기),,0.258,0.26,5,3,,False,,쉬움
3734,forest,414601801-22685,95,법화산 (경기),,0.039,0.04,1,0,,False,,쉬움
3735,forest,414601801-22686,95,법화산 (경기),,0.078,0.08,1,1,,False,,쉬움
3736,forest,414601801-22687,95,법화산 (경기),,0.399,0.4,7,5,,False,,쉬움
3737,forest,414601801-22688,95,법화산 (경기),,0.17,0.17,3,2,,False,,쉬움
3738,forest,414601801-22689,95,법화산 (경기),,0.214,0.21,4,3,,False,,쉬움
3739,forest,414601801-22690,95,법화산 (경기),,0.204,0.2,4,2,,False,,쉬움
3740,forest,414601801-22691,95,법화산 (경기),죽전동구간,1.708,1.71,30,21,,False,,쉬움
3741,forest,415501501-22035,61,백운산 (경기),,0.152,0.15,3,2,,False,,쉬움
3742,forest,415501501-22036,61,백운산 (경기),,0.06,0.06,1,1,,False,,쉬움
3743,forest,415501501-22037,61,백운산 (경기),,0.338,0.34,6,4,,False,,쉬움
3744,forest,416501801-22045,120,백운산 (경기/강원),도평리구간,3.128,3.13,55,39,,False,,쉬움
3745,forest,416501801-22046,120,백운산 (경기/강원),도평리구간,0.557,0.56,10,7,,False,,쉬움
3746,forest,416501801-22047,120,백운산 (경기/강원),도평리구간,0.2,0.2,4,2,,False,,쉬움
3747,forest,416501801-22048,120,백운산 (경기/강원),,2.675,2.7,48,33,,False,,쉬움
3748,forest,416501801-22049,120,백운산 (경기/강원),,2.056,2.06,36,25,,False,,쉬움
3749,forest,416501801-22050,120,백운산 (경기/강원),도평리구간,0.532,0.53,9,7,,False,,쉬움
3750,forest,416501801-22051,120,백운산 (경기/강원),도평리구간,0.021,3.13,55,39,,False,,쉬움
3751,forest,416501801-22052,120,백운산 (경기/강원),도평리구간,1.288,1.31,23,16,,False,,쉬움
3752,forest,416501801-22053,120,백운산 (경기/강원),,0.307,0.31,5,4,,False,,쉬움
3753,forest,416501801-22054,120,백운산 (경기/강원),,0.009,0.01,1,0,,False,,중간
3754,forest,416501801-22058,120,백운산 (경기/강원),도평리구간,0.431,0.43,8,5,,False,,쉬움
3755,forest,416501801-22059,120,백운산 (경기/강원),,0.626,0.63,11,8,,False,,쉬움
3756,forest,415501501-22013,61,백운산 (경기),,0.111,0.11,2,1,,False,,쉬움
3757,forest,415501501-22038,61,백운산 (경기),,0.077,0.08,1,1,,False,,쉬움
3758,forest,415501501-22039,61,백운산 (경기),,0.045,0.04,1,0,,False,,쉬움
3759,forest,415501501-22014,61,백운산 (경기),,0.169,0.17,3,2,,False,,쉬움
3760,forest,415501501-22015,61,백운산 (경기),반제리구간,0.699,0.7,12,9,,False,,쉬움
3761,forest,415501501-22016,61,백운산 (경기),,0.254,0.25,4,3,,False,,쉬움
3762,forest,415501501-22017,61,백운산 (경기),,0.749,0.75,13,9,,False,,쉬움
3763,forest,415501501-22018,61,백운산 (경기),,0.165,0.16,3,2,,False,,쉬움
3764,forest,415501501-22019,61,백운산 (경기),,0.122,0.12,2,1,,False,,쉬움
3765,forest,415501501-22020,61,백운산 (경기),반제리구간,0.665,0.67,12,8,,False,,쉬움
3766,forest,415501501-22021,61,백운산 (경기),반제리구간,0.352,0.35,6,4,,False,,쉬움
3767,forest,415501501-22022,61,백운산 (경기),반제리구간,0.764,0.76,14,10,,False,,쉬움
3768,forest,415501501-22025,61,백운산 (경기),외가천리구간,0.466,0.47,8,6,,False,,쉬움
3769,forest,415501501-22026,61,백운산 (경기),월곡동구간,0.141,0.14,2,2,,False,,쉬움
3770,forest,415501501-22027,61,백운산 (경기),,0.081,0.08,1,1,,False,,쉬움
3771,forest,415501501-22028,61,백운산 (경기),,0.004,0.0,1,0,,False,,쉬움
3772,forest,415501501-22029,61,백운산 (경기),칠곡리구간,0.612,0.61,11,8,,False,,쉬움
3773,forest,415501501-22030,61,백운산 (경기),,0.191,0.19,3,2,,False,,쉬움
3774,forest,415501501-22031,61,백운산 (경기),,0.083,0.08,1,1,,False,,쉬움
3775,forest,415501501-22032,61,백운산 (경기),,0.173,0.17,3,2,,False,,쉬움
3776,forest,415501501-22033,61,백운산 (경기),,0.202,0.2,4,2,,False,,쉬움
3777,forest,415501501-22034,61,백운산 (경기),,0.139,0.14,2,2,,False,,쉬움
3778,forest,415501501-22040,61,백운산 (경기),,0.048,0.05,1,1,,False,,쉬움
3779,forest,415501501-22042,61,백운산 (경기),,0.089,0.09,2,1,,False,,쉬움
3780,forest,415501501-22043,61,백운산 (경기),,0.024,0.02,1,0,,False,,쉬움
3781,forest,415501501-22044,61,백운산 (경기),,0.098,0.1,2,1,,False,,쉬움
3782,forest,418304701-21715,75,백운봉,연수리구간,2.788,2.79,49,34,,False,,쉬움
3783,forest,418304701-21716,75,백운봉,연수리구간,0.397,0.4,7,5,,False,,쉬움
3784,forest,418304701-21717,75,백운봉,연수리구간,6.265,6.27,111,77,,False,,쉬움
3785,forest,418304701-21718,75,백운봉,연수리구간,2.656,2.66,47,33,,False,,쉬움
3786,forest,418304701-21719,75,백운봉,연수리구간,4.174,4.18,74,52,,False,,쉬움
3787,forest,418304701-21720,75,백운봉,연수리구간,3.302,3.3,58,41,,False,,쉬움
3788,forest,418304701-21721,75,백운봉,신애리구간,2.372,2.37,42,29,,False,,쉬움
3789,forest,418304701-21722,75,백운봉,연수리구간,0.809,0.81,14,10,,False,,쉬움
3790,forest,418304701-21723,75,백운봉,연수리구간,0.328,0.33,6,4,,False,,쉬움
3791,forest,418304701-21724,75,백운봉,연수리구간,1.588,1.59,28,20,,False,,쉬움
3792,forest,413602801-21030,33,백봉산,,0.09,0.09,2,1,,True,,쉬움
3793,forest,418304701-21725,75,백운봉,연수리구간,1.351,1.35,24,17,,False,,쉬움
3794,forest,413602801-21019,33,백봉산,월문리구간,0.098,0.1,2,1,,True,,쉬움
3795,forest,413602801-21020,33,백봉산,,0.683,0.68,12,8,,True,,쉬움
3796,forest,413602801-21021,33,백봉산,월문리구간,0.014,0.01,1,0,,True,,쉬움
3797,forest,413602801-21022,33,백봉산,율석리구간,1.127,1.13,20,14,,True,,쉬움
3798,forest,413602801-21023,33,백봉산,율석리구간,1.616,1.62,29,20,,True,,쉬움
3799,forest,413602801-21024,33,백봉산,,0.007,0.01,1,0,,True,,쉬움
3800,forest,413602801-21025,33,백봉산,,0.233,0.23,4,3,,True,,쉬움
3801,forest,413602801-21026,33,백봉산,,0.143,0.14,2,2,,True,,쉬움
3802,forest,413602801-21027,33,백봉산,,0.123,0.12,2,1,,True,,쉬움
3803,forest,413602801-21028,33,백봉산,,0.061,0.06,1,1,,True,,쉬움
3804,forest,413602801-21029,33,백봉산,,0.472,0.47,8,6,,True,,쉬움
3805,forest,413602801-21031,33,백봉산,,0.236,0.24,4,3,,True,,쉬움
3806,forest,413602801-21032,33,백봉산,평내동구간,1.272,1.27,22,16,,True,,쉬움
3807,forest,413602801-21033,33,백봉산,월문리구간,0.576,0.58,10,7,,True,,쉬움
3808,forest,413602801-21034,33,백봉산,,0.144,0.14,2,2,,True,,쉬움
3809,forest,413602801-21035,33,백봉산,,0.177,0.18,3,2,,True,,쉬움
3810,forest,413602801-21036,33,백봉산,월문리구간,0.22,0.22,4,3,,True,,쉬움
3811,forest,413602801-21037,33,백봉산,월문리구간,0.354,0.35,6,4,,True,,쉬움
3812,forest,413602501-21004,33,백봉산,호평동구간,2.245,2.25,40,28,,False,,쉬움
3813,forest,413602501-21005,33,백봉산,,0.473,0.47,8,6,,False,,쉬움
3814,forest,413602501-21006,33,백봉산,,2.115,2.12,37,26,,False,,쉬움
3815,forest,413602501-21007,33,백봉산,평내동구간,0.184,0.18,3,2,,False,,쉬움
3816,forest,413602501-21008,33,백봉산,평내동구간,0.815,0.82,14,10,,False,,쉬움
3817,forest,413602501-21009,33,백봉산,,0.588,0.59,10,7,,False,,쉬움
3818,forest,413602501-21010,33,백봉산,,0.176,0.18,3,2,,False,,쉬움
3819,forest,413602501-21011,33,백봉산,,0.565,0.57,10,7,,False,,쉬움
3820,forest,413602501-21012,33,백봉산,월문리구간,4.128,4.13,73,51,,False,,쉬움
3821,forest,413602501-21013,33,백봉산,,1.455,1.46,26,18,,False,,쉬움
3822,forest,413602501-21014,33,백봉산,창현리구간,5.036,5.04,89,62,,False,,쉬움
3823,forest,413602501-21015,33,백봉산,금곡동구간,0.108,0.11,2,1,,False,,쉬움
3824,forest,413602501-21016,33,백봉산,금곡동구간,0.533,0.53,9,7,,False,,쉬움
3825,forest,413602501-21017,33,백봉산,,0.491,0.49,9,6,,False,,쉬움
3826,forest,413602501-21018,33,백봉산,금곡동구간,1.009,1.01,18,12,,False,,쉬움
3827,forest,416504601-19829,119,박달봉,도평리구간,0.922,0.92,16,11,,False,,쉬움
3828,forest,416504601-19830,119,박달봉,자등리구간,0.469,0.47,8,6,,False,,쉬움
3829,forest,416504601-19831,119,박달봉,도평리구간,0.776,0.83,15,10,,False,,쉬움
3830,forest,414300501-19753,104,바라산,학의동구간,3.567,3.57,77,54,,False,,쉬움
3831,forest,416504601-19823,119,박달봉,도평리구간,0.788,0.79,20,14,,False,,중간
3832,forest,416504601-19824,119,박달봉,도평리구간,1.824,1.82,32,22,,False,,쉬움
3833,forest,416504601-19825,119,박달봉,도평리구간,0.532,0.53,9,7,,False,,쉬움
3834,forest,416504601-19826,119,박달봉,도평리구간,1.998,2.09,78,55,,False,,쉬움
3835,forest,416504601-19827,119,박달봉,도평리구간,1.276,1.28,23,16,,False,,쉬움
3836,forest,416504601-19828,119,박달봉,도평리구간,2.646,2.65,47,33,,False,,쉬움
3837,forest,418201701-19491,6,민둥산 (경기),,0.826,0.83,15,10,,False,,쉬움
3838,forest,418201701-19492,6,민둥산 (경기),적목리구간,0.67,0.67,12,8,,False,,쉬움
3839,forest,418201701-19495,6,민둥산 (경기),,0.293,0.29,5,4,,False,,쉬움
3840,forest,418201701-19496,6,민둥산 (경기),,0.477,0.48,8,6,,False,,쉬움
3841,forest,418201701-19497,6,민둥산 (경기),,0.879,0.88,16,11,,False,,쉬움
3842,forest,418201701-19498,6,민둥산 (경기),,0.026,0.03,1,0,,False,,쉬움
3843,forest,418201701-19499,6,민둥산 (경기),,0.937,0.94,17,12,,False,,쉬움
3844,forest,418201701-19500,6,민둥산 (경기),,1.217,1.22,22,15,,False,,쉬움
3845,forest,418201701-19501,6,민둥산 (경기),,0.29,0.29,5,4,,False,,쉬움
3846,forest,418201701-19502,6,민둥산 (경기),,0.531,0.53,9,7,,False,,쉬움
3847,forest,418201701-19503,6,민둥산 (경기),,2.383,2.38,42,29,,False,,쉬움
3848,forest,418201701-19504,6,민둥산 (경기),,1.186,1.19,21,15,,False,,쉬움
3849,forest,416101401-18780,23,문형산,,0.187,0.19,3,2,,False,,쉬움
3850,forest,416101401-18781,23,문형산,문형리구간,1.396,1.4,25,17,,False,,쉬움
3851,forest,416101401-18782,23,문형산,문형리구간,0.899,0.9,16,11,,False,,쉬움
3852,forest,416101401-18783,23,문형산,목동구간,1.327,1.33,23,16,,False,,쉬움
3853,forest,416101401-18784,23,문형산,신현리구간,0.619,0.62,11,8,,False,,쉬움
3854,forest,416101401-18785,23,문형산,,1.25,1.25,22,15,,False,,쉬움
3855,forest,416101401-18786,23,문형산,,1.261,1.26,22,16,,False,,쉬움
3856,forest,416101401-18787,23,문형산,,0.392,0.39,7,5,,False,,쉬움
3857,forest,416101401-18788,23,문형산,추자리구간,0.941,0.94,18,12,,False,,쉬움
3858,forest,416101401-18789,23,문형산,,0.356,0.36,6,4,,False,,쉬움
3859,forest,416101401-18790,23,문형산,,0.993,0.99,17,12,,False,,쉬움
3860,forest,416101401-18791,23,문형산,고산리구간,0.512,0.51,9,6,,False,,쉬움
3861,forest,416101401-18792,23,문형산,,0.065,0.07,1,1,,False,,쉬움
3862,forest,416101401-18793,23,문형산,,0.071,0.07,1,1,,False,,쉬움
3863,forest,416101401-18794,23,문형산,,0.478,0.48,8,6,,False,,쉬움
3864,forest,416101401-18795,23,문형산,,0.867,0.87,15,11,,False,,쉬움
3865,forest,416101401-18796,23,문형산,,0.371,0.37,7,5,,False,,쉬움
3866,forest,416101401-18797,23,문형산,,1.039,1.04,18,13,,False,,쉬움
3867,forest,412200801-17342,133,무봉산,동천리구간,0.066,0.07,1,1,,False,,쉬움
3868,forest,414601701-18200,94,문수산 (용인),동림리구간,0.692,0.69,12,9,,False,,쉬움
3869,forest,414601701-18201,94,문수산 (용인),,0.256,0.26,5,3,,False,,쉬움
3870,forest,414601701-18202,94,문수산 (용인),능원리구간,0.769,0.77,14,10,,False,,쉬움
3871,forest,414601701-18203,94,문수산 (용인),,0.119,0.12,2,1,,False,,쉬움
3872,forest,414601701-18204,94,문수산 (용인),,0.349,0.35,6,4,,False,,쉬움
3873,forest,414601701-18205,94,문수산 (용인),능원리구간,0.047,0.05,1,1,,False,,쉬움
3874,forest,414601701-18206,94,문수산 (용인),,0.639,0.64,11,8,,False,,쉬움
3875,forest,414601701-18207,94,문수산 (용인),,0.469,0.47,8,6,,False,,쉬움
3876,forest,414601701-18208,94,문수산 (용인),,0.348,0.35,6,4,,False,,쉬움
3877,forest,414601701-18209,94,문수산 (용인),능원리구간,0.029,0.03,1,0,,False,,쉬움
3878,forest,414601701-18210,94,문수산 (용인),,0.183,0.18,3,2,,False,,쉬움
3879,forest,414601701-18211,94,문수산 (용인),능원리구간,0.427,0.43,8,5,,False,,쉬움
3880,forest,412200801-17317,133,무봉산,,0.057,0.06,1,1,,False,,쉬움
3881,forest,412200801-17341,133,무봉산,청호리구간,0.138,0.14,2,2,,False,,쉬움
3882,forest,412200801-17314,133,무봉산,동천리구간,0.85,0.85,18,13,,False,,쉬움
3883,forest,412200801-17315,133,무봉산,동천리구간,1.555,1.56,33,23,,False,,쉬움
3884,forest,412200801-17316,133,무봉산,,0.071,0.07,1,1,,False,,쉬움
3885,forest,412200801-17318,133,무봉산,,0.186,0.19,3,2,,False,,쉬움
3886,forest,412200801-17319,133,무봉산,,0.025,0.03,1,0,,False,,쉬움
3887,forest,412200801-17320,133,무봉산,동천리구간,0.025,0.03,1,0,,False,,쉬움
3888,forest,412200801-17321,133,무봉산,동천리구간,0.105,0.1,2,1,,False,,쉬움
3889,forest,412200801-17322,133,무봉산,동천리구간,0.338,0.34,6,4,,False,,중간
3890,forest,412200801-17323,133,무봉산,,0.05,0.05,1,1,,False,,쉬움
3891,forest,412200801-17324,133,무봉산,,0.08,0.08,1,1,,False,,쉬움
3892,forest,412200801-17325,133,무봉산,,0.13,0.13,2,2,,False,,쉬움
3893,forest,412200801-17326,133,무봉산,,0.109,0.11,2,1,,False,,쉬움
3894,forest,412200801-17327,133,무봉산,가곡리구간,0.419,0.42,7,5,,False,,쉬움
3895,forest,412200801-17328,133,무봉산,가곡리구간,0.743,0.74,13,9,,False,,쉬움
3896,forest,412200801-17329,133,무봉산,동천리구간,0.27,0.27,5,3,,False,,쉬움
3897,forest,412200801-17330,133,무봉산,동천리구간,0.473,0.47,8,6,,False,,쉬움
3898,forest,412200801-17331,133,무봉산,,0.188,0.19,3,2,,False,,쉬움
3899,forest,412200801-17332,133,무봉산,,0.155,0.16,3,2,,False,,쉬움
3900,forest,412200801-17333,133,무봉산,,0.274,0.27,5,3,,False,,쉬움
3901,forest,412200801-17334,133,무봉산,,0.84,0.84,15,10,,False,,쉬움
3902,forest,412200801-17335,133,무봉산,청호리구간,0.237,0.24,4,3,,False,,쉬움
3903,forest,412200801-17336,133,무봉산,동천리구간,0.045,0.05,1,1,,False,,쉬움
3904,forest,412200801-17337,133,무봉산,,0.192,0.19,3,2,,False,,쉬움
3905,forest,412200801-17338,133,무봉산,,0.067,0.07,1,1,,False,,쉬움
3906,forest,412200801-17339,133,무봉산,동천리구간,0.145,0.15,3,2,,False,,쉬움
3907,forest,412200801-17340,133,무봉산,,0.078,0.08,1,1,,False,,쉬움
3908,forest,414300401-16619,103,모락산,,0.098,0.1,2,1,,False,,쉬움
3909,forest,414300401-16620,103,모락산,오전동구간,0.878,0.88,16,11,,False,,쉬움
3910,forest,414300401-16621,103,모락산,오전동구간,0.472,0.47,8,6,,False,,쉬움
3911,forest,414300401-16622,103,모락산,,0.529,0.53,9,7,,False,,쉬움
3912,forest,414300401-16623,103,모락산,오전동구간,0.898,0.9,16,11,,False,,쉬움
3913,forest,414300401-16624,103,모락산,,0.76,0.76,13,9,,False,,쉬움
3914,forest,414300401-16625,103,모락산,,1.007,1.01,18,12,,False,,쉬움
3915,forest,414300401-16626,103,모락산,오전동구간,0.966,0.97,17,12,,False,,쉬움
3916,forest,414300401-16627,103,모락산,,0.143,0.14,2,2,,False,,쉬움
3917,forest,414300401-16628,103,모락산,,0.553,0.55,10,7,,False,,쉬움
3918,forest,414300401-16629,103,모락산,,0.188,0.19,3,2,,False,,쉬움
3919,forest,414300401-16630,103,모락산,,0.055,0.05,1,1,,False,,쉬움
3920,forest,414300401-16631,103,모락산,,0.442,0.44,8,5,,False,,쉬움
3921,forest,414300401-16632,103,모락산,,0.213,0.21,4,3,,False,,쉬움
3922,forest,414300401-16633,103,모락산,내손동구간,1.659,1.66,29,21,,False,,쉬움
3923,forest,414300401-16634,103,모락산,내손동구간,1.619,1.62,29,20,,False,,쉬움
3924,forest,414300401-16635,103,모락산,산본동구간,0.288,0.29,5,4,,False,,쉬움
3925,forest,414300401-16636,103,모락산,오전동구간,0.304,0.3,5,4,,False,,쉬움
3926,forest,414300401-16637,103,모락산,내손동구간,0.926,0.93,16,11,,False,,쉬움
3927,forest,414300401-16638,103,모락산,내손동구간,0.636,0.64,12,8,,False,,쉬움
3928,forest,418201401-16594,5,명지산,상판리구간,2.333,2.33,41,29,,False,,쉬움
3929,forest,418201401-16595,5,명지산,적목리구간,1.723,1.72,65,45,,False,,쉬움
3930,forest,418201401-16596,5,명지산,,2.595,2.6,98,68,,False,,쉬움
3931,forest,418201401-16597,5,명지산,,2.147,2.15,81,56,,False,,중간
3932,forest,418201401-16598,5,명지산,,0.824,0.82,14,10,,False,,쉬움
3933,forest,418201401-16599,5,명지산,백둔리구간,0.341,0.34,6,4,,False,,쉬움
3934,forest,418201401-16600,5,명지산,,1.019,1.02,18,13,,False,,쉬움
3935,forest,418201401-16601,5,명지산,,1.039,1.04,18,13,,False,,쉬움
3936,forest,418201401-16602,5,명지산,,0.807,0.81,14,10,,False,,쉬움
3937,forest,418201401-16603,5,명지산,,1.069,1.07,19,13,,False,,쉬움
3938,forest,418201401-16604,5,명지산,,0.17,0.17,3,2,,False,,쉬움
3939,forest,418201401-16605,5,명지산,,0.138,0.14,2,2,,False,,쉬움
3940,forest,418201401-16606,5,명지산,,2.819,2.82,50,35,,False,,쉬움
3941,forest,418201401-16607,5,명지산,도대리구간,6.129,3.81,143,100,,False,,쉬움
3942,forest,418201401-16608,5,명지산,,1.465,1.47,26,18,,False,,쉬움
3943,forest,412200501-12502,113,덕지산,어소리구간,0.323,0.32,6,4,,False,,쉬움
3944,forest,412200501-12503,113,덕지산,어소리구간,0.27,0.27,5,3,,False,,쉬움
3945,forest,412200501-12504,113,덕지산,,0.244,0.24,4,3,,False,,쉬움
3946,forest,412200501-12505,113,덕지산,요당리구간,0.357,0.36,6,4,,False,,쉬움
3947,forest,412200501-12506,113,덕지산,어소리구간,0.112,0.11,2,1,,False,,쉬움
3948,forest,412200501-12507,113,덕지산,,0.75,0.75,13,9,,False,,쉬움
3949,forest,412200501-12515,113,덕지산,,0.12,0.12,2,1,,False,,쉬움
3950,forest,412200501-12508,113,덕지산,,0.146,0.15,3,2,,False,,쉬움
3951,forest,412200501-12509,113,덕지산,,0.206,0.21,4,3,,False,,쉬움
3952,forest,412200501-12510,113,덕지산,,0.236,0.24,4,3,,False,,쉬움
3953,forest,412200501-12511,113,덕지산,고렴리구간,0.285,0.29,5,4,,False,,쉬움
3954,forest,412200501-12512,113,덕지산,,0.186,0.19,3,2,,False,,쉬움
3955,forest,412200501-12513,113,덕지산,,0.332,0.33,6,4,,False,,쉬움
3956,forest,412200501-12514,113,덕지산,,0.529,0.53,9,7,,False,,쉬움
3957,forest,412200501-12517,113,덕지산,,0.442,0.44,8,5,,False,,쉬움
3958,forest,412200501-12518,113,덕지산,현곡리구간,2.589,2.59,46,32,,False,,쉬움
3959,forest,412200501-12519,113,덕지산,,0.231,0.23,4,3,,False,,쉬움
3960,forest,412200501-12520,113,덕지산,,0.675,0.68,12,8,,False,,쉬움
3961,forest,412200501-12521,113,덕지산,,1.06,1.06,19,13,,False,,쉬움
3962,forest,412200501-12522,113,덕지산,어소리구간,1.119,0.7,12,9,,False,,쉬움
3963,forest,415500701-12373,60,덕성산,칠장리구간,0.95,0.95,24,17,,False,,쉬움
3964,forest,415500701-12374,60,덕성산,,0.023,1.61,28,20,,False,,쉬움
3965,forest,415500701-12377,60,덕성산,,0.069,0.16,3,2,,False,,쉬움
3966,forest,415500701-12379,60,덕성산,실원리구간,0.017,0.48,8,6,,False,,쉬움
3967,forest,415500701-12382,60,덕성산,,0.72,1.08,19,13,,False,,쉬움
3968,forest,415500701-12383,60,덕성산,,1.674,1.67,29,21,,False,,쉬움
3969,forest,415500701-12384,60,덕성산,칠장리구간,2.458,2.46,62,43,,False,,쉬움
3970,forest,415500701-12385,60,덕성산,,0.218,0.64,11,8,,False,,쉬움
3971,forest,415500701-12386,60,덕성산,실원리구간,0.439,0.93,17,12,,False,,쉬움
3972,forest,416102901-12022,22,대지산 (경기),오산리구간,0.824,0.82,14,10,,False,,쉬움
3973,forest,416102901-12023,22,대지산 (경기),,0.194,0.19,3,2,,False,,쉬움
3974,forest,416102901-12024,22,대지산 (경기),능원리구간,0.608,0.61,11,8,,False,,쉬움
3975,forest,416102901-12025,22,대지산 (경기),,0.447,0.45,8,6,,False,,쉬움
3976,forest,416102901-12026,22,대지산 (경기),능원리구간,0.277,0.28,5,3,,False,,쉬움
3977,forest,416102901-12027,22,대지산 (경기),,0.136,0.14,2,2,,False,,쉬움
3978,forest,416102901-12028,22,대지산 (경기),능원리구간,0.15,0.15,3,2,,False,,쉬움
3979,forest,416102901-12029,22,대지산 (경기),능원리구간,0.416,0.42,7,5,,False,,쉬움
3980,forest,416102901-12030,22,대지산 (경기),죽전동구간,0.146,0.15,3,2,,False,,쉬움
3981,forest,416102901-12031,22,대지산 (경기),,0.022,0.02,1,0,,False,,쉬움
3982,forest,416102901-12032,22,대지산 (경기),,0.026,0.03,1,0,,False,,쉬움
3983,forest,416102901-12033,22,대지산 (경기),,0.053,0.05,1,1,,False,,쉬움
3984,forest,416102901-12034,22,대지산 (경기),,0.047,0.05,1,1,,False,,쉬움
3985,forest,416102901-12035,22,대지산 (경기),,0.179,0.18,3,2,,False,,쉬움
3986,forest,416102901-12036,22,대지산 (경기),죽전동구간,0.199,0.2,4,2,,False,,쉬움
3987,forest,416102901-12037,22,대지산 (경기),,0.472,0.47,8,6,,False,,쉬움
3988,forest,416102901-12038,22,대지산 (경기),,0.67,0.67,12,8,,False,,쉬움
3989,forest,416102901-12039,22,대지산 (경기),,0.579,0.58,10,7,,False,,쉬움
3990,forest,416102901-12040,22,대지산 (경기),,0.023,0.02,1,0,,False,,쉬움
3991,forest,416102901-12041,22,대지산 (경기),,0.196,0.2,4,2,,False,,쉬움
3992,forest,416102901-12042,22,대지산 (경기),죽전동구간,0.672,0.67,12,8,,False,,쉬움
3993,forest,416102901-12043,22,대지산 (경기),,0.184,0.18,3,2,,False,,쉬움
3994,forest,416102901-12044,22,대지산 (경기),,0.353,0.35,6,4,,False,,쉬움
3995,forest,416102901-12045,22,대지산 (경기),,0.103,0.1,2,1,,False,,쉬움
3996,forest,416102901-12046,22,대지산 (경기),,0.13,0.13,2,2,,False,,쉬움
3997,forest,416102901-12047,22,대지산 (경기),,0.201,0.2,4,2,,False,,쉬움
3998,forest,416102901-12048,22,대지산 (경기),,0.062,0.06,1,1,,False,,쉬움
3999,forest,416102901-12049,22,대지산 (경기),,0.05,0.05,1,1,,False,,쉬움
4000,forest,416102901-12050,22,대지산 (경기),,0.094,0.09,2,1,,False,,쉬움
4001,forest,416102901-12051,22,대지산 (경기),,0.083,0.08,1,1,,False,,쉬움
4002,forest,416102901-12052,22,대지산 (경기),,0.062,0.06,1,1,,False,,쉬움
4003,forest,416102901-12053,22,대지산 (경기),,0.066,0.07,1,1,,False,,쉬움
4004,forest,416102901-12054,22,대지산 (경기),,0.235,0.24,4,3,,False,,쉬움
4005,forest,416102901-12055,22,대지산 (경기),죽전동구간,0.189,0.19,3,2,,False,,쉬움
4006,forest,416102901-12056,22,대지산 (경기),,0.389,0.39,7,5,,False,,쉬움
4007,forest,416102901-12057,22,대지산 (경기),,0.493,0.49,9,6,,False,,쉬움
4008,forest,416102901-12058,22,대지산 (경기),,0.135,0.14,2,2,,False,,쉬움
4009,forest,416102901-12059,22,대지산 (경기),,0.726,0.73,13,9,,False,,쉬움
4010,forest,416102901-12060,22,대지산 (경기),,0.518,0.52,9,6,,False,,쉬움
4011,forest,416102901-12061,22,대지산 (경기),,0.13,0.13,2,2,,False,,쉬움
4012,forest,416102901-12062,22,대지산 (경기),,0.49,0.49,9,6,,False,,쉬움
4013,forest,416102901-12063,22,대지산 (경기),오산리구간,1.106,1.11,20,14,,False,,쉬움
4014,forest,416102901-12064,22,대지산 (경기),오산리구간,1.037,1.04,22,16,,False,,쉬움
4015,forest,414600104-12018,22,대지산 (경기),,0.17,0.17,3,2,,False,,쉬움
4016,forest,414600104-12019,22,대지산 (경기),,0.391,0.39,7,5,,False,,쉬움
4017,forest,414600104-12020,22,대지산 (경기),죽전동구간,0.25,0.25,4,3,,False,,쉬움
4018,forest,414600104-12021,22,대지산 (경기),죽전동구간,0.039,0.04,1,0,,False,,쉬움
4019,forest,416100401-6359,21,국사봉 (경기),,0.27,0.27,5,3,,False,,쉬움
4020,forest,416703601-11194,84,대렴봉,후리구간,0.491,0.49,9,6,,False,,쉬움
4021,forest,416703601-11195,84,대렴봉,주록리구간,2.346,2.35,41,29,,False,,쉬움
4022,forest,416703601-11196,84,대렴봉,장흥리구간,0.578,0.58,10,7,,False,,쉬움
4023,forest,416703601-11197,84,대렴봉,,0.579,0.58,10,7,,False,,쉬움
4024,forest,416703601-11198,84,대렴봉,후리구간,1.547,1.55,27,19,,False,,쉬움
4025,forest,416703601-11199,84,대렴봉,,0.483,0.48,8,6,,False,,쉬움
4026,forest,416703601-11200,84,대렴봉,,0.447,0.45,8,6,,False,,쉬움
4027,forest,416703601-11201,84,대렴봉,장흥리구간,1.311,1.31,23,16,,False,,쉬움
4028,forest,416703601-11202,84,대렴봉,하호리구간,2.448,2.45,43,30,,False,,쉬움
4029,forest,416703601-11203,84,대렴봉,상호리구간,0.973,0.97,17,12,,False,,쉬움
4030,forest,416102804-9904,128,남한산,,0.665,0.67,12,8,,False,,쉬움
4031,forest,416102804-9905,128,남한산,,1.242,1.24,22,15,,False,,쉬움
4032,forest,416102804-9906,128,남한산,,0.667,0.67,12,8,,False,,쉬움
4033,forest,416102804-9907,128,남한산,,0.907,0.91,16,11,,False,,쉬움
4034,forest,416102804-9908,128,남한산,,0.569,0.57,10,7,,False,,쉬움
4035,forest,416102804-9909,128,남한산,,0.346,0.35,6,4,,False,,쉬움
4036,forest,416102804-9910,128,남한산,,0.383,0.38,7,5,,False,,쉬움
4037,forest,416102804-9911,128,남한산,상사창동구간,1.868,1.87,33,23,,False,,쉬움
4038,forest,416102804-9912,128,남한산,,0.642,0.64,11,8,,False,,쉬움
4039,forest,416102804-9913,128,남한산,,0.393,0.39,7,5,,False,,쉬움
4040,forest,416102804-9914,128,남한산,감이동구간,1.163,1.16,29,20,,False,,쉬움
4041,forest,416102804-9915,128,남한산,광암동구간,2.96,2.96,74,52,,False,,쉬움
4042,forest,416102804-9916,128,남한산,천현동구간,5.125,5.13,91,63,,False,,쉬움
4043,forest,416102804-9917,128,남한산,검복리구간,0.426,0.43,8,5,,False,,쉬움
4044,forest,416102804-9918,128,남한산,,0.331,0.33,6,4,,False,,쉬움
4045,forest,416102804-9919,128,남한산,,0.278,0.28,5,3,,False,,쉬움
4046,forest,416102804-9920,128,남한산,,0.324,0.32,6,4,,False,,쉬움
4047,forest,416102804-9921,128,남한산,,1.483,1.48,26,18,,False,,쉬움
4048,forest,416102804-9922,128,남한산,,0.484,0.48,8,6,,False,,쉬움
4049,forest,416102804-9923,128,남한산,,0.186,0.19,3,2,,False,,쉬움
4050,forest,416102804-9924,128,남한산,,0.643,0.64,11,8,,False,,쉬움
4051,forest,416102804-9925,128,남한산,,0.015,0.01,1,0,,False,,쉬움
4052,forest,416102804-9926,128,남한산,,0.048,0.05,1,1,,False,,쉬움
4053,forest,416102804-9927,128,남한산,,0.014,0.01,1,0,,False,,쉬움
4054,forest,416102804-9928,128,남한산,,0.135,0.14,2,2,,False,,쉬움
4055,forest,416102804-9929,128,남한산,검복리구간,0.378,0.38,7,5,,False,,중간
4056,forest,416102804-9930,128,남한산,,0.179,0.18,3,2,,False,,쉬움
4057,forest,416102804-9931,128,남한산,,0.229,0.23,4,3,,False,,쉬움
4058,forest,416102804-9932,128,남한산,,0.778,0.78,14,10,,False,,쉬움
4059,forest,416102804-9933,128,남한산,,0.626,0.63,11,8,,False,,쉬움
4060,forest,416102804-9934,128,남한산,,0.235,0.24,4,3,,False,,쉬움
4061,forest,416102804-9935,128,남한산,산성리구간,0.105,0.11,2,1,,False,,쉬움
4062,forest,416102804-9936,128,남한산,,0.573,0.57,10,7,,False,,쉬움
4063,forest,416102804-9937,128,남한산,,0.209,0.21,4,3,,False,,쉬움
4064,forest,416102804-9938,128,남한산,,0.36,0.36,6,4,,False,,쉬움
4065,forest,416102804-9939,128,남한산,,0.392,0.39,7,5,,False,,쉬움
4066,forest,416102804-9940,128,남한산,,0.281,0.28,5,3,,False,,쉬움
4067,forest,416102804-9941,128,남한산,,0.854,0.85,15,11,,False,,쉬움
4068,forest,416102804-9942,128,남한산,산성리구간,0.638,0.64,11,8,,False,,쉬움
4069,forest,416102804-9943,128,남한산,,0.366,0.37,7,5,,False,,쉬움
4070,forest,416102804-9944,128,남한산,산성리구간,0.228,0.23,4,3,,False,,쉬움
4071,forest,416102804-9945,128,남한산,,0.03,0.03,1,0,,False,,쉬움
4072,forest,416102804-9946,128,남한산,,0.656,0.66,12,8,,False,,쉬움
4073,forest,416102804-9947,128,남한산,,0.263,0.26,5,3,,False,,쉬움
4074,forest,416102804-9948,128,남한산,,0.516,0.52,9,6,,False,,쉬움
4075,forest,416102804-9949,128,남한산,,0.331,0.33,6,4,,False,,쉬움
4076,forest,416102804-9950,128,남한산,,0.779,0.78,14,10,,False,,쉬움
4077,forest,416102804-9951,128,남한산,,0.141,0.14,2,2,,False,,쉬움
4078,forest,416102804-9952,128,남한산,,0.117,0.12,2,1,,False,,쉬움
4079,forest,416102804-9953,128,남한산,,0.454,0.45,8,6,,False,,쉬움
4080,forest,416102804-9954,128,남한산,,0.186,0.19,3,2,,False,,쉬움
4081,forest,416102804-9955,128,남한산,,0.344,0.34,6,4,,False,,쉬움
4082,forest,416102804-9956,128,남한산,,0.72,0.72,13,9,,False,,쉬움
4083,forest,416102804-9957,128,남한산,,0.003,0.0,1,0,,False,,쉬움
4084,forest,416102804-9969,128,남한산,,0.389,0.39,7,5,,False,,쉬움
4085,forest,416102804-9958,128,남한산,,0.742,0.74,13,9,,False,,쉬움
4086,forest,416102804-9959,128,남한산,,0.42,0.42,7,5,,False,,쉬움
4087,forest,416102804-9960,128,남한산,,0.012,0.01,1,0,,False,,쉬움
4088,forest,416102804-9961,128,남한산,,0.749,0.75,13,9,,False,,쉬움
4089,forest,416102804-9962,128,남한산,,0.235,0.24,4,3,,False,,쉬움
4090,forest,416102804-9963,128,남한산,,0.134,0.13,2,2,,False,,쉬움
4091,forest,416102804-9964,128,남한산,,0.239,0.24,4,3,,False,,쉬움
4092,forest,416102804-9965,128,남한산,마천동구간,1.604,1.65,35,25,,False,,쉬움
4093,forest,416102804-9966,128,남한산,,0.953,0.95,17,12,,False,,쉬움
4094,forest,416102804-9967,128,남한산,,0.299,0.3,5,4,,False,,쉬움
4095,forest,416102804-9968,128,남한산,,0.116,0.12,2,1,,False,,쉬움
4096,forest,416102804-9970,128,남한산,,0.62,0.62,11,8,,False,,쉬움
4097,forest,416102804-9971,128,남한산,,0.316,0.32,6,4,,False,,쉬움
4098,forest,416102804-9972,128,남한산,,1.245,1.25,22,15,,False,,쉬움
4099,forest,416102804-9973,128,남한산,,0.91,0.91,16,11,,False,,쉬움
4100,forest,416102804-9974,128,남한산,,1.827,1.83,32,23,,False,,쉬움
4101,forest,416102804-9975,128,남한산,,0.424,0.42,7,5,,False,,쉬움
4102,forest,416102804-9976,128,남한산,상산곡동구간,3.347,3.35,126,88,,False,,쉬움
4103,forest,416102804-9977,128,남한산,상사창동구간,2.043,2.04,36,25,,False,,쉬움
4104,forest,412100201-5712,19,구름산,,0.033,0.03,1,0,,False,,쉬움
4105,forest,416100401-6357,21,국사봉 (경기),,0.178,0.18,3,2,,False,,쉬움
4106,forest,416100401-6353,21,국사봉 (경기),도수리구간,0.23,0.23,4,3,,False,,쉬움
4107,forest,416100401-6354,21,국사봉 (경기),,0.381,0.38,7,5,,False,,쉬움
4108,forest,416100401-6355,21,국사봉 (경기),오리구간,0.41,0.41,7,5,,False,,쉬움
4109,forest,416100401-6356,21,국사봉 (경기),오리구간,0.222,0.22,4,3,,False,,쉬움
4110,forest,416100401-6358,21,국사봉 (경기),,0.309,0.31,5,4,,False,,쉬움
4111,forest,416100401-6360,21,국사봉 (경기),,0.481,0.48,8,6,,False,,쉬움
4112,forest,416100401-6361,21,국사봉 (경기),도수리구간,1.655,1.66,36,25,,False,,쉬움
4113,forest,416100401-6362,21,국사봉 (경기),귀여리구간,0.52,0.52,9,6,,False,,쉬움
4114,forest,416100401-6363,21,국사봉 (경기),,1.2,1.2,21,15,,False,,쉬움
4115,forest,416100401-6364,21,국사봉 (경기),,0.837,0.84,15,10,,False,,쉬움
4116,forest,416100401-6365,21,국사봉 (경기),금사리구간,0.471,0.47,8,6,,False,,쉬움
4117,forest,416100401-6366,21,국사봉 (경기),금사리구간,0.46,0.46,8,6,,False,,쉬움
4118,forest,412100201-5710,19,구름산,,0.061,0.06,1,1,,True,,쉬움
4119,forest,412100201-5700,19,구름산,,0.645,0.65,11,8,,False,,쉬움
4120,forest,412100201-5701,19,구름산,소하동구간,0.04,0.04,1,0,,False,,쉬움
4121,forest,412100201-5702,19,구름산,,0.048,0.05,1,1,,False,,쉬움
4122,forest,412100201-5703,19,구름산,소하동구간,0.175,0.18,3,2,,False,,쉬움
4123,forest,412100201-5704,19,구름산,,0.023,0.02,1,0,,False,,쉬움
4124,forest,412100201-5705,19,구름산,,0.018,0.02,1,0,,False,,쉬움
4125,forest,412100201-5706,19,구름산,,0.19,0.19,3,2,,False,,쉬움
4126,forest,412100201-5707,19,구름산,노온사동구간,0.221,0.22,4,3,,False,,쉬움
4127,forest,412100201-5708,19,구름산,,0.576,0.58,10,7,,False,,쉬움
4128,forest,412100201-5709,19,구름산,,0.763,0.76,13,9,,True,,쉬움
4129,forest,412100201-5711,19,구름산,,0.038,0.04,1,0,,True,,쉬움
4130,forest,412100201-5713,19,구름산,,0.037,0.04,1,0,,False,,쉬움
4131,forest,412100201-5714,19,구름산,,0.141,0.14,2,2,,False,,쉬움
4132,forest,412100201-5715,19,구름산,,0.211,0.21,4,3,,False,,쉬움
4133,forest,412100201-5716,19,구름산,,0.218,0.22,4,3,,False,,쉬움
4134,forest,412100201-5717,19,구름산,노온사동구간,0.238,0.24,4,3,,False,,쉬움
4135,forest,412100201-5718,19,구름산,소하동구간,0.267,0.27,5,3,,False,,쉬움
4136,forest,412100201-5719,19,구름산,소하동구간,0.066,0.07,1,1,,False,,쉬움
4137,forest,412100201-5720,19,구름산,노온사동구간,0.33,0.33,6,4,,True,,쉬움
4138,forest,412100201-5721,19,구름산,,0.016,0.02,1,0,,False,,쉬움
4139,forest,412100201-5722,19,구름산,,0.065,0.07,1,1,,False,,쉬움
4140,forest,412100201-5723,19,구름산,,0.028,0.03,1,0,,False,,쉬움
4141,forest,412100201-5724,19,구름산,,0.012,0.01,1,0,,False,,쉬움
4142,forest,412100201-5725,19,구름산,,0.029,0.03,1,0,,False,,쉬움
4143,forest,412100201-5771,19,구름산,,0.019,0.02,1,0,,False,,쉬움
4144,forest,412100201-5726,19,구름산,,0.044,0.04,1,0,,False,,쉬움
4145,forest,412100201-5727,19,구름산,,0.04,0.04,1,0,,False,,쉬움
4146,forest,412100201-5728,19,구름산,노온사동구간,0.553,0.55,10,7,,False,,쉬움
4147,forest,412100201-5729,19,구름산,,0.014,0.01,1,0,,False,,쉬움
4148,forest,412100201-5730,19,구름산,,0.112,0.11,2,1,,False,,쉬움
4149,forest,412100201-5731,19,구름산,,0.092,0.09,2,1,,False,,쉬움
4150,forest,412100201-5732,19,구름산,,0.121,0.12,2,1,,False,,쉬움
4151,forest,412100201-5733,19,구름산,,0.094,0.09,2,1,,False,,쉬움
4152,forest,412100201-5734,19,구름산,,0.137,0.14,2,2,,False,,쉬움
4153,forest,412100201-5735,19,구름산,,0.144,0.14,2,2,,False,,쉬움
4154,forest,412100201-5736,19,구름산,,0.021,0.02,1,0,,False,,쉬움
4155,forest,412100201-5737,19,구름산,,0.013,0.01,1,0,,False,,쉬움
4156,forest,412100201-5738,19,구름산,,0.015,0.02,1,0,,False,,쉬움
4157,forest,412100201-5739,19,구름산,,0.097,0.1,2,1,,False,,쉬움
4158,forest,412100201-5740,19,구름산,,0.082,0.08,1,1,,False,,쉬움
4159,forest,412100201-5741,19,구름산,,0.052,0.05,1,1,,False,,쉬움
4160,forest,412100201-5742,19,구름산,,0.108,0.11,2,1,,False,,쉬움
4161,forest,412100201-5743,19,구름산,,0.005,0.0,1,0,,False,,쉬움
4162,forest,412100201-5744,19,구름산,,0.166,0.17,3,2,,False,,쉬움
4163,forest,412100201-5745,19,구름산,,0.174,0.17,3,2,,False,,쉬움
4164,forest,412100201-5746,19,구름산,노온사동구간,0.045,0.05,1,1,,False,,쉬움
4165,forest,412100201-5747,19,구름산,,0.254,0.25,4,3,,False,,쉬움
4166,forest,412100201-5748,19,구름산,,0.013,0.01,1,0,,False,,쉬움
4167,forest,412100201-5749,19,구름산,,0.283,0.28,5,3,,False,,쉬움
4168,forest,412100201-5750,19,구름산,,0.029,0.03,1,0,,False,,쉬움
4169,forest,412100201-5751,19,구름산,,0.021,0.02,1,0,,False,,쉬움
4170,forest,412100201-5752,19,구름산,,0.02,0.02,1,0,,False,,쉬움
4171,forest,412100201-5753,19,구름산,,0.033,0.03,1,0,,False,,쉬움
4172,forest,412100201-5754,19,구름산,노온사동구간,0.265,0.27,5,3,,False,,쉬움
4173,forest,412100201-5755,19,구름산,,0.025,0.02,1,0,,False,,쉬움
4174,forest,412100201-5756,19,구름산,,0.028,0.03,1,0,,False,,쉬움
4175,forest,412100201-5757,19,구름산,,0.041,0.04,1,0,,False,,쉬움
4176,forest,412100201-5758,19,구름산,,0.044,0.04,1,0,,False,,쉬움
4177,forest,412100201-5759,19,구름산,,0.25,0.25,4,3,,False,,쉬움
4178,forest,412100201-5760,19,구름산,,0.024,0.02,1,0,,False,,쉬움
4179,forest,412100201-5761,19,구름산,,0.315,0.31,5,4,,False,,쉬움
4180,forest,412100201-5762,19,구름산,,0.182,0.18,3,2,,False,,쉬움
4181,forest,412100201-5763,19,구름산,,0.068,0.07,1,1,,False,,쉬움
4182,forest,412100201-5764,19,구름산,,0.188,0.19,3,2,,False,,쉬움
4183,forest,412100201-5765,19,구름산,,0.271,0.27,5,3,,False,,쉬움
4184,forest,412100201-5766,19,구름산,,0.052,0.05,1,1,,False,,쉬움
4185,forest,412100201-5767,19,구름산,,0.086,0.09,2,1,,False,,쉬움
4186,forest,412100201-5768,19,구름산,,0.018,0.02,1,0,,False,,쉬움
4187,forest,412100201-5769,19,구름산,,0.194,0.19,3,2,,False,,쉬움
4188,forest,412100201-5770,19,구름산,,0.022,0.02,1,0,,False,,쉬움
4189,forest,412100201-5773,19,구름산,소하동구간,0.239,0.24,4,3,,False,,쉬움
4190,forest,412100201-5774,19,구름산,,0.157,0.16,3,2,,False,,쉬움
4191,forest,412100201-5775,19,구름산,,0.164,0.16,3,2,,False,,쉬움
4192,forest,412100201-5776,19,구름산,,0.389,0.39,7,5,,False,,쉬움
4193,forest,412100201-5777,19,구름산,,0.011,0.01,1,0,,False,,쉬움
4194,forest,412100201-5778,19,구름산,,0.329,0.33,6,4,,False,,쉬움
4195,forest,412100201-5779,19,구름산,,0.222,0.22,4,3,,False,,쉬움
4196,forest,412100201-5780,19,구름산,소하동구간,0.346,0.35,6,4,,False,,쉬움
4197,forest,412100201-5791,19,구름산,,0.177,0.18,3,2,,False,,쉬움
4198,forest,412100201-5781,19,구름산,소하동구간,0.26,0.26,5,3,,False,,쉬움
4199,forest,412100201-5782,19,구름산,,0.022,0.02,1,0,,False,,쉬움
4200,forest,412100201-5783,19,구름산,,0.204,0.2,4,2,,False,,쉬움
4201,forest,412100201-5784,19,구름산,,0.487,0.49,9,6,,False,,쉬움
4202,forest,412100201-5785,19,구름산,,0.106,0.11,2,1,,False,,쉬움
4203,forest,412100201-5786,19,구름산,,0.039,0.04,1,0,,False,,쉬움
4204,forest,412100201-5787,19,구름산,,0.06,0.06,1,1,,False,,쉬움
4205,forest,412100201-5788,19,구름산,,0.541,0.54,10,7,,False,,쉬움
4206,forest,412100201-5789,19,구름산,,0.224,0.22,4,3,,False,,쉬움
4207,forest,412100201-5790,19,구름산,,0.185,0.18,3,2,,False,,쉬움
4208,forest,412100201-5792,19,구름산,,0.058,0.06,1,1,,False,,쉬움
4209,forest,412100201-5793,19,구름산,소하동구간,0.212,0.21,4,3,,False,,쉬움
4210,forest,412100201-5794,19,구름산,,0.106,0.11,2,1,,False,,쉬움
4211,forest,412100201-5795,19,구름산,노온사동구간,1.824,1.82,32,22,,False,,쉬움
4212,forest,412100201-5796,19,구름산,,0.057,0.06,1,1,,False,,쉬움
4213,forest,412100201-5797,19,구름산,,0.067,0.07,1,1,,False,,쉬움
4214,forest,412100201-5798,19,구름산,,0.312,0.31,5,4,,False,,쉬움
4215,forest,412100201-5799,19,구름산,,0.111,0.11,2,1,,False,,쉬움
4216,forest,412100201-5800,19,구름산,소하동구간,0.448,0.45,8,6,,False,,쉬움
4217,forest,412100201-5801,19,구름산,,0.32,0.32,6,4,,False,,쉬움
4218,forest,412100201-5802,19,구름산,,0.009,0.01,1,0,,False,,쉬움
4219,forest,412100201-5803,19,구름산,,0.226,0.23,4,3,,False,,쉬움
4220,forest,412100201-5816,19,구름산,,0.027,0.03,1,0,,False,,쉬움
4221,forest,412100201-5831,19,구름산,,0.093,0.09,2,1,,False,,쉬움
4222,forest,412100201-5804,19,구름산,하안동구간,0.342,0.34,6,4,,False,,쉬움
4223,forest,412100201-5805,19,구름산,,0.145,0.15,3,2,,False,,쉬움
4224,forest,412100201-5806,19,구름산,,0.24,0.24,4,3,,False,,쉬움
4225,forest,412100201-5807,19,구름산,,0.045,0.04,1,0,,False,,쉬움
4226,forest,412100201-5808,19,구름산,,0.35,0.35,6,4,,False,,쉬움
4227,forest,412100201-5809,19,구름산,,0.109,0.11,2,1,,False,,쉬움
4228,forest,412100201-5810,19,구름산,,0.314,0.31,5,4,,False,,쉬움
4229,forest,412100201-5811,19,구름산,,0.164,0.16,3,2,,False,,쉬움
4230,forest,412100201-5812,19,구름산,,0.104,0.1,2,1,,False,,쉬움
4231,forest,412100201-5813,19,구름산,,0.059,0.06,1,1,,False,,쉬움
4232,forest,412100201-5814,19,구름산,소하동구간,0.138,0.14,2,2,,False,,쉬움
4233,forest,412100201-5815,19,구름산,,0.013,0.01,1,0,,False,,쉬움
4234,forest,412100201-5817,19,구름산,,0.309,0.31,5,4,,False,,쉬움
4235,forest,412100201-5818,19,구름산,,0.054,0.05,1,1,,False,,쉬움
4236,forest,412100201-5819,19,구름산,,0.003,0.0,1,0,,False,,쉬움
4237,forest,412100201-5820,19,구름산,,0.044,0.04,1,0,,False,,쉬움
4238,forest,412100201-5821,19,구름산,,0.027,0.03,1,0,,False,,쉬움
4239,forest,412100201-5822,19,구름산,,0.032,0.03,1,0,,False,,쉬움
4240,forest,412100201-5823,19,구름산,하안동구간,0.044,0.04,1,0,,False,,쉬움
4241,forest,412100201-5824,19,구름산,하안동구간,0.527,0.53,9,7,,False,,쉬움
4242,forest,412100201-5825,19,구름산,,0.028,0.03,1,0,,False,,쉬움
4243,forest,412100201-5826,19,구름산,,0.092,0.09,2,1,,False,,쉬움
4244,forest,412100201-5827,19,구름산,소하동구간,0.162,0.16,3,2,,False,,쉬움
4245,forest,412100201-5828,19,구름산,,0.098,0.1,2,1,,False,,쉬움
4246,forest,412100201-5829,19,구름산,,0.185,0.19,3,2,,False,,쉬움
4247,forest,412100201-5830,19,구름산,,0.052,0.05,1,1,,False,,쉬움
4248,forest,412100201-5833,19,구름산,,0.185,0.19,3,2,,False,,쉬움
4249,forest,412100201-5834,19,구름산,,0.015,0.02,1,0,,False,,쉬움
4250,forest,412100201-5835,19,구름산,,0.277,0.28,5,3,,False,,쉬움
4251,forest,412100201-5836,19,구름산,,0.249,0.25,4,3,,False,,쉬움
4252,forest,412100201-5837,19,구름산,,0.006,0.01,1,0,,False,,쉬움
4253,forest,412100201-5838,19,구름산,,0.131,0.13,2,2,,False,,쉬움
4254,forest,412100201-5839,19,구름산,,0.037,0.04,1,0,,False,,쉬움
4255,forest,412100201-5840,19,구름산,,0.168,0.17,3,2,,False,,쉬움
4256,forest,412100201-5841,19,구름산,,0.064,0.06,1,1,,False,,쉬움
4257,forest,412100201-5842,19,구름산,,0.114,0.11,2,1,,False,,쉬움
4258,forest,412100201-5843,19,구름산,,0.264,0.26,5,3,,False,,쉬움
4259,forest,412100201-5844,19,구름산,,0.132,0.13,2,2,,False,,쉬움
4260,forest,412100201-5845,19,구름산,,0.04,0.04,1,0,,False,,쉬움
4261,forest,412100201-5846,19,구름산,,0.003,0.0,1,0,,False,,쉬움
4262,forest,412100201-5847,19,구름산,하안동구간,0.097,0.1,2,1,,False,,쉬움
4263,forest,412100201-5848,19,구름산,하안동구간,0.19,0.19,3,2,,False,,쉬움
4264,forest,412100201-5849,19,구름산,하안동구간,0.57,0.57,10,7,,False,,쉬움
4265,forest,412100201-5850,19,구름산,,0.618,0.62,11,8,,False,,쉬움
4266,forest,412100201-5851,19,구름산,하안동구간,0.033,0.03,1,0,,False,,중간
4267,forest,412100201-5852,19,구름산,하안동구간,0.085,0.09,2,1,,False,,쉬움
4268,forest,412100201-5853,19,구름산,노온사동구간,0.365,0.37,7,5,,False,,쉬움
4269,forest,412100201-5854,19,구름산,,0.374,0.37,7,5,,False,,쉬움
4270,forest,412100201-5855,19,구름산,,0.406,0.41,7,5,,False,,쉬움
4271,forest,412100201-5856,19,구름산,,0.333,0.33,6,4,,False,,쉬움
4272,forest,412100201-5857,19,구름산,,0.436,0.44,8,5,,False,,쉬움
4273,forest,412100201-5858,19,구름산,소하동구간,0.116,0.12,2,1,,False,,쉬움
4274,forest,412100201-5859,19,구름산,,0.15,0.15,3,2,,False,,쉬움
4275,forest,412100201-5860,19,구름산,,0.054,0.05,1,1,,False,,쉬움
4276,forest,427800701-16581,118,명성산,신철원리구간,0.155,0.22,4,3,,False,,쉬움
4277,forest,427800701-16583,118,명성산,도평리구간,0.852,1.04,18,13,,False,,쉬움
4278,forest,427800701-16584,118,명성산,산정리구간,1.138,2.41,43,30,,False,,쉬움
4279,forest,427800701-16586,118,명성산,,0.821,1.09,19,13,,False,,쉬움
4280,forest,427800701-16587,118,명성산,,0.171,0.2,4,2,,False,,쉬움
4281,forest,427800701-16588,118,명성산,신철원리구간,0.019,0.33,6,4,,False,,쉬움
4282,forest,427800701-16591,118,명성산,산정리구간,0.159,0.16,3,2,,False,,쉬움
4283,forest,427800701-16592,118,명성산,산정리구간,0.016,0.23,4,3,,False,,쉬움
4284,forest,427300401-7270,74,금물산,신론리구간,5.355,10.14,380,266,,False,,쉬움
4285,forest,416500801-4948,117,광덕산 (강원/경기),,1.799,1.82,32,22,,False,,쉬움
4286,forest,416500801-4949,117,광덕산 (강원/경기),,2.983,2.98,64,45,,False,,쉬움
4287,forest,416500801-4950,117,광덕산 (강원/경기),광덕리구간,0.3,0.3,5,4,,False,,쉬움
4288,forest,416500801-4951,117,광덕산 (강원/경기),,0.088,0.09,2,1,,False,,쉬움
4289,forest,416500801-4952,117,광덕산 (강원/경기),도평리구간,0.603,0.6,11,7,,False,,쉬움
4290,forest,416500801-4953,117,광덕산 (강원/경기),,1.414,1.41,25,17,,False,,쉬움
4291,forest,416500801-4954,117,광덕산 (강원/경기),자등리구간,0.077,0.08,1,1,,False,,쉬움
4292,forest,418300101-873,73,갈기산 (강원/경기),신론리구간,0.14,1.51,45,32,,False,,쉬움
4293,forest,418300101-870,73,갈기산 (강원/경기),유목정리구간,1.366,1.86,40,28,,False,,쉬움
4294,forest,418204301-54999,14,화악산 (경기/강원),지암리구간,0.063,0.06,1,1,,False,,쉬움
4295,forest,418204301-55001,14,화악산 (경기/강원),,1.303,1.33,23,16,,False,,쉬움
4296,forest,418204301-55002,14,화악산 (경기/강원),,0.016,0.02,1,0,,False,,쉬움
4297,forest,418204301-55013,14,화악산 (경기/강원),,2.922,3.79,67,47,,False,,쉬움
4298,forest,418204301-55014,14,화악산 (경기/강원),,3.409,3.41,60,42,,False,,쉬움
4299,forest,418204301-55015,14,화악산 (경기/강원),,3.517,3.52,62,43,,False,,쉬움
4300,forest,418202101-26602,8,북배산,방동리구간,2.408,2.41,72,51,,False,,쉬움
4301,forest,418202101-26603,8,북배산,방동리구간,1.274,1.27,22,16,,False,,쉬움
4302,forest,418202101-26604,8,북배산,서상리구간,1.724,1.73,31,21,,False,,쉬움
4303,forest,418202101-26605,8,북배산,,2.383,2.38,42,29,,False,,쉬움
4304,forest,418202101-26608,8,북배산,,4.216,6.35,112,78,,False,,쉬움
4305,forest,418202101-26609,8,북배산,방동리구간,0.748,0.75,13,9,,False,,쉬움
4306,forest,418202101-26623,8,북배산,,1.175,1.18,21,15,,False,,쉬움
4307,forest,418202101-26624,8,북배산,,2.106,2.11,37,26,,False,,쉬움
4308,forest,418202101-26625,8,북배산,,0.039,0.27,5,3,,False,,쉬움
4309,forest,418202101-26626,8,북배산,,0.6,0.6,11,7,,False,,쉬움
4310,forest,418203301-44927,11,장락산,미사리구간,0.041,0.99,37,26,,True,,중간
4311,forest,418203301-44928,11,장락산,미사리구간,0.018,2.82,50,35,,False,,쉬움
4312,forest,418203301-44929,11,장락산,미사리구간,0.212,0.21,4,3,,False,,중간
4313,forest,418203301-44930,11,장락산,위곡리구간,3.917,4.12,88,62,,False,,쉬움
4314,forest,418203301-44931,11,장락산,,2.633,2.7,48,33,,False,,쉬움
4315,forest,418202101-26586,8,북배산,,2.36,2.36,42,29,,False,,쉬움
4316,forest,418202101-26587,8,북배산,,2.466,2.47,44,31,,False,,쉬움
4317,forest,418202101-26590,8,북배산,덕두원리구간,2.544,2.54,45,31,,False,,쉬움
4318,forest,418202101-26591,8,북배산,,0.462,0.46,8,6,,False,,쉬움
4319,forest,418202101-26592,8,북배산,,2.108,2.7,48,33,,False,,쉬움
4320,forest,418202101-26593,8,북배산,,1.619,1.62,29,20,,False,,쉬움
4321,forest,418202101-26594,8,북배산,오월리구간,2.329,2.33,41,29,,False,,쉬움
4322,forest,418202101-26595,8,북배산,,1.388,1.39,25,17,,False,,쉬움
4323,forest,418202101-26597,8,북배산,서상리구간,4.179,4.18,74,52,,False,,쉬움
4324,forest,418202101-26598,8,북배산,,0.036,2.35,41,29,,False,,쉬움
4325,forest,418202101-26599,8,북배산,,0.041,1.26,22,16,,False,,쉬움
4326,forest,418202101-26600,8,북배산,,1.801,1.95,34,24,,False,,쉬움
4327,forest,418202101-26601,8,북배산,덕두원리구간,5.559,5.56,209,146,,False,,쉬움
4328,forest,418202101-26612,8,북배산,서상리구간,0.06,0.06,1,1,,False,,쉬움
4329,forest,418202101-26614,8,북배산,,0.272,0.32,6,4,,False,,쉬움
4330,forest,418202101-26616,8,북배산,,0.033,0.65,11,8,,False,,쉬움
4331,forest,418202101-26617,8,북배산,,0.908,0.91,16,11,,False,,쉬움
4332,forest,418202101-26618,8,북배산,,0.979,0.98,17,12,,False,,쉬움
4333,forest,418202101-26619,8,북배산,,0.213,0.21,4,3,,False,,쉬움
4334,forest,418202101-26620,8,북배산,,0.986,0.99,17,12,,False,,쉬움
4335,forest,418202101-26621,8,북배산,,2.386,2.39,42,30,,False,,쉬움
4336,forest,418202101-26622,8,북배산,,1.146,1.15,20,14,,False,,쉬움
4337,forest,418202101-26627,8,북배산,,0.375,0.38,7,5,,False,,쉬움
4338,forest,418202101-26628,8,북배산,,0.041,0.48,8,6,,False,,쉬움
4339,forest,418202101-26629,8,북배산,,1.138,1.14,20,14,,False,,쉬움
4340,forest,418202101-26630,8,북배산,,0.482,0.48,8,6,,False,,쉬움
4341,forest,418202101-26631,8,북배산,,0.016,0.02,1,0,,False,,쉬움
4342,forest,418202101-26632,8,북배산,,0.436,0.44,8,5,,False,,쉬움
4343,forest,418202101-26633,8,북배산,,0.067,0.07,1,1,,False,,쉬움
4344,forest,418202101-26634,8,북배산,,0.116,0.12,2,1,,False,,쉬움
4345,forest,418202101-26635,8,북배산,,0.091,0.09,2,1,,False,,쉬움
4346,forest,418202101-26636,8,북배산,,0.043,2.52,95,66,,False,,쉬움
4347,forest,418202101-26637,8,북배산,,0.024,4.13,73,51,,False,,쉬움
4348,forest,418202101-26638,8,북배산,,0.766,0.77,14,10,,False,,쉬움
4349,forest,418202101-26639,8,북배산,,0.588,0.59,10,7,,False,,쉬움
4350,forest,418202101-26640,8,북배산,방동리구간,4.065,4.07,72,50,,False,,쉬움
4351,forest,416501801-22048,120,백운산 (경기/강원),,0.027,2.7,48,33,,False,,쉬움
4352,forest,416501801-22051,120,백운산 (경기/강원),도평리구간,3.131,3.13,55,39,,False,,쉬움
4353,forest,416501801-22052,120,백운산 (경기/강원),도평리구간,0.019,1.31,23,16,,False,,쉬움
4354,forest,416501801-22055,120,백운산 (경기/강원),도평리구간,1.092,1.09,19,13,,False,,쉬움
4355,forest,416501801-22056,120,백운산 (경기/강원),,0.912,0.91,16,11,,False,,쉬움
4356,forest,416501801-22057,120,백운산 (경기/강원),도평리구간,0.046,0.05,1,1,,False,,쉬움
4357,forest,416504601-19831,119,박달봉,도평리구간,0.109,0.83,15,10,,False,,쉬움
4358,forest,416504601-19826,119,박달봉,도평리구간,1.583,2.09,78,55,,False,,쉬움
4359,forest,427800701-16574,118,명성산,신철원리구간,1.41,1.41,25,17,,False,,쉬움
4360,forest,427800701-16575,118,명성산,신철원리구간,0.324,0.32,6,4,,False,,쉬움
4361,forest,427800701-16576,118,명성산,,2.053,2.05,36,25,,False,,쉬움
4362,forest,427800701-16577,118,명성산,,1.754,1.75,31,22,,False,,쉬움
4363,forest,427800701-16578,118,명성산,신철원리구간,0.227,0.23,4,3,,False,,쉬움
4364,forest,427800701-16579,118,명성산,신철원리구간,0.229,0.23,4,3,,False,,쉬움
4365,forest,427800701-16580,118,명성산,신철원리구간,5.7,5.7,171,120,,False,,쉬움
4366,forest,427800701-16581,118,명성산,신철원리구간,0.159,0.22,4,3,,False,,쉬움
4367,forest,427800701-16582,118,명성산,신철원리구간,2.103,2.1,37,26,,False,,쉬움
4368,forest,427800701-16583,118,명성산,도평리구간,0.616,1.04,18,13,,False,,쉬움
4369,forest,427800701-16584,118,명성산,산정리구간,1.275,2.41,43,30,,False,,쉬움
4370,forest,427800701-16585,118,명성산,신철원리구간,1.668,1.67,29,21,,False,,쉬움
4371,forest,427800701-16586,118,명성산,,0.272,1.09,19,13,,False,,쉬움
4372,forest,427800701-16587,118,명성산,,0.162,0.2,4,2,,False,,쉬움
4373,forest,427800701-16588,118,명성산,신철원리구간,0.313,0.33,6,4,,False,,쉬움
4374,forest,427800701-16589,118,명성산,신철원리구간,0.318,0.32,6,4,,False,,쉬움
4375,forest,427800701-16590,118,명성산,신철원리구간,0.298,0.3,5,4,,False,,쉬움
4376,forest,427800701-16592,118,명성산,산정리구간,0.21,0.23,4,3,,False,,쉬움
4377,forest,427800701-16593,118,명성산,산정리구간,0.332,0.33,6,4,,False,,쉬움
4378,forest,427300401-7270,74,금물산,신론리구간,8.849,10.14,380,266,,False,,쉬움
4379,forest,416702701-38454,86,오갑산,,1.408,1.44,25,18,,False,,쉬움
4380,forest,416702701-38456,86,오갑산,,0.218,1.14,20,14,,False,,쉬움
4381,forest,416702701-38471,86,오갑산,관한리구간,0.01,0.55,10,7,,False,,쉬움
4382,forest,416702701-38473,86,오갑산,,1.05,1.05,19,13,,False,,쉬움
4383,forest,416702701-38474,86,오갑산,,0.552,1.22,22,15,,False,,쉬움
4384,forest,416702701-38476,86,오갑산,,0.658,0.66,12,8,,False,,쉬움
4385,forest,416702701-38477,86,오갑산,,0.071,0.07,1,1,,False,,쉬움
4386,forest,416702701-38478,86,오갑산,문촌리구간,0.114,0.11,2,1,,False,,쉬움
4387,forest,415501901-30991,63,서운산,양백리구간,0.09,2.02,36,25,,False,,쉬움
4388,forest,415501901-30992,63,서운산,청용리구간,0.033,0.14,2,2,,False,,쉬움
4389,forest,415501901-30994,63,서운산,양백리구간,4.036,4.04,71,50,,False,,쉬움
4390,forest,415501901-30995,63,서운산,양백리구간,0.182,0.18,3,2,,False,,쉬움
4391,forest,415501901-30996,63,서운산,양백리구간,1.082,1.08,19,13,,False,,쉬움
4392,forest,415501901-30997,63,서운산,,0.063,0.99,17,12,,False,,쉬움
4393,forest,415501901-31001,63,서운산,,0.02,0.56,10,7,,False,,쉬움
4394,forest,415501901-31010,63,서운산,,1.18,1.21,21,15,,False,,쉬움
4395,forest,415501901-31011,63,서운산,,0.351,0.35,6,4,,False,,쉬움
4396,forest,415501901-31015,63,서운산,,0.259,0.26,5,3,,False,,쉬움
4397,forest,415501901-31016,63,서운산,양백리구간,0.568,0.59,10,7,,False,,쉬움
4398,forest,415501901-31017,63,서운산,,0.374,0.37,7,5,,False,,쉬움
4399,forest,415501901-31018,63,서운산,도림리구간,3.036,3.05,54,38,,False,,쉬움
4400,forest,415501901-31019,63,서운산,,0.215,0.21,4,3,,False,,쉬움
4401,forest,415501901-31020,63,서운산,,1.297,1.3,23,16,,False,,쉬움
4402,forest,415501901-31021,63,서운산,,0.144,0.14,2,2,,False,,쉬움
4403,forest,415501901-31022,63,서운산,,0.046,0.05,1,1,,False,,쉬움
4404,forest,415501901-31023,63,서운산,,0.064,0.06,1,1,,False,,쉬움
4405,forest,415501901-31024,63,서운산,,0.003,0.24,4,3,,False,,쉬움
4406,forest,415501901-31026,63,서운산,,0.141,0.16,3,2,,False,,쉬움
4407,forest,415501901-31031,63,서운산,,0.009,0.1,2,1,,False,,쉬움
4408,forest,415501901-31033,63,서운산,,0.05,0.05,1,1,,False,,쉬움
4409,forest,415501901-31034,63,서운산,,0.085,0.09,2,1,,False,,쉬움
4410,forest,415501901-31037,63,서운산,,0.069,0.07,1,1,,False,,쉬움
4411,forest,415501901-31044,63,서운산,,0.072,0.07,1,1,,False,,쉬움
4412,forest,415501901-31052,63,서운산,양백리구간,0.401,0.4,7,5,,False,,쉬움
4413,forest,415500701-12388,60,덕성산,신계리구간,12.621,12.63,223,156,,False,,쉬움
4414,forest,415500701-12374,60,덕성산,,1.589,1.61,28,20,,False,,쉬움
4415,forest,415500701-12375,60,덕성산,,2.134,1.14,38,26,,False,,쉬움
4416,forest,415500701-12376,60,덕성산,,1.617,1.62,29,20,,False,,쉬움
4417,forest,415500701-12377,60,덕성산,,0.089,0.16,3,2,,False,,쉬움
4418,forest,415500701-12378,60,덕성산,,0.414,0.41,7,5,,False,,쉬움
4419,forest,415500701-12379,60,덕성산,실원리구간,0.461,0.48,8,6,,False,,쉬움
4420,forest,415500701-12380,60,덕성산,,0.05,0.05,1,1,,False,,쉬움
4421,forest,415500701-12381,60,덕성산,,0.286,0.29,5,4,,False,,쉬움
4422,forest,415500701-12382,60,덕성산,,1.066,1.08,19,13,,False,,쉬움
4423,forest,415500701-12385,60,덕성산,,0.419,0.64,11,8,,False,,쉬움
4424,forest,415500701-12386,60,덕성산,실원리구간,0.9,0.93,17,12,,False,,쉬움
4425,forest,415500701-12387,60,덕성산,구암리구간,2.16,2.16,38,27,,False,,쉬움
4426,forest,415501901-30990,63,서운산,도림리구간,0.053,1.47,26,18,,False,,쉬움
4427,forest,415501901-31018,63,서운산,도림리구간,0.007,3.05,54,38,,False,,쉬움
4428,osm,way/772704639,1,가덕산,,0.378,,6.6,4.7,,False,,
4429,osm,way/772704639,1,가덕산,,1.447,,25.3,18.1,,False,,
4430,osm,way/772704639,1,가덕산,,0.252,,4.4,3.2,,False,,
4431,osm,way/772704639,1,가덕산,,0.826,,14.5,10.3,,False,,
4432,osm,way/772704639,1,가덕산,,0.586,,10.3,7.3,,False,,
4433,osm,way/772704639,1,가덕산,,0.772,,13.5,9.6,,False,,
4434,osm,way/772704639,1,가덕산,,0.076,,1.3,1.0,,False,,
4435,osm,way/772704639,1,가덕산,,0.984,,17.2,12.3,,False,,
4436,osm,way/772704639,1,가덕산,,0.485,,8.5,6.1,,False,,
4437,osm,way/772704639,1,가덕산,,0.018,,0.3,0.2,,False,,
4438,osm,way/772704639,1,가덕산,,0.97,,17.0,12.1,,False,,
4439,osm,way/772704639,1,가덕산,,0.131,,2.3,1.6,,False,,
4440,osm,way/772704639,1,가덕산,,0.135,,2.4,1.7,,False,,
4441,osm,way/772704639,1,가덕산,,0.418,,7.3,5.2,,False,,
4442,osm,way/772704639,1,가덕산,,0.069,,1.2,0.9,,False,,
4443,osm,way/772704639,1,가덕산,,0.262,,4.6,3.3,,False,,
4444,osm,way/772704639,1,가덕산,,0.381,,6.7,4.8,,False,,
4445,osm,way/772704639,1,가덕산,,1.399,,24.5,17.5,,False,,
4446,osm,way/772704639,1,가덕산,,1.136,,19.9,14.2,,False,,
4447,osm,way/772704639,1,가덕산,,13.374,,234.0,167.2,,False,,
4448,osm,way/1093889476,1,가덕산,,0.161,,2.8,2.0,,False,,
4449,osm,way/1093889476,1,가덕산,,0.394,,6.9,4.9,,False,,
4450,osm,way/1093889477,1,가덕산,,0.665,,11.6,8.3,,False,,
4451,osm,way/1093889477,1,가덕산,,1.135,,19.9,14.2,,False,,
4452,osm,way/1104548800,1,가덕산,,2.152,,37.7,26.9,토사,False,,
4453,osm,way/1104548801,1,가덕산,,0.217,,3.8,2.7,토사,False,,
4454,osm,way/1104548801,1,가덕산,,0.849,,14.9,10.6,토사,False,,
4455,osm,way/1104548801,1,가덕산,,1.34,,23.4,16.7,토사,False,,
4456,osm,way/1104548801,1,가덕산,,0.539,,9.4,6.7,토사,False,,
4457,osm,way/1104548801,1,가덕산,,0.133,,2.3,1.7,토사,False,,
4458,osm,way/1104548801,1,가덕산,,1.537,,26.9,19.2,토사,False,,
4459,osm,way/1104562614,1,가덕산,,0.363,,6.4,4.5,토사,False,,
4460,osm,way/1104562614,1,가덕산,,0.729,,12.8,9.1,토사,False,,
4461,osm,way/1104562614,1,가덕산,,0.533,,9.3,6.7,토사,False,,
4462,osm,way/1104562614,1,가덕산,,0.125,,2.2,1.6,토사,False,,
4463,osm,way/1104562626,1,가덕산,,0.194,,3.4,2.4,토사,False,,
4464,osm,way/1120243306,1,가덕산,,0.774,,13.5,9.7,,False,,
4465,osm,way/1120243307,1,가덕산,,0.046,,0.8,0.6,,False,,
4466,osm,way/1120243308,1,가덕산,,0.014,,0.3,0.2,,False,,
4467,osm,way/1120243309,1,가덕산,,2.299,,40.2,28.7,,False,,
4468,osm,way/1120243309,1,가덕산,,0.032,,0.6,0.4,,False,,
4469,osm,way/1120243310,1,가덕산,,2.655,,46.5,33.2,,False,,
4470,osm,way/1120243311,1,가덕산,,0.07,,1.2,0.9,,False,,
4471,osm,way/1120243311,1,가덕산,,0.288,,5.0,3.6,,False,,
4472,osm,way/1120243311,1,가덕산,,2.33,,40.8,29.1,,False,,
4473,osm,way/1120243311,1,가덕산,,1.116,,19.5,13.9,,False,,
4474,osm,way/1120243311,1,가덕산,,0.018,,0.3,0.2,,False,,
4475,osm,way/1120243312,1,가덕산,,1.632,,28.6,20.4,,False,,
4476,osm,way/1120243312,1,가덕산,,0.162,,2.8,2.0,,False,,
4477,osm,way/1120243312,1,가덕산,,0.484,,8.5,6.1,,False,,
4478,osm,way/1120243313,1,가덕산,,0.452,,7.9,5.6,,False,,
4479,osm,way/1120243314,1,가덕산,,0.458,,8.0,5.7,,False,,
4480,osm,way/1120243314,1,가덕산,,0.059,,1.0,0.7,,False,,
4481,osm,way/1120243315,1,가덕산,,0.029,,0.5,0.4,,False,,
4482,osm,way/1120243315,1,가덕산,,0.096,,1.7,1.2,,False,,
4483,osm,way/1120243316,1,가덕산,,0.633,,11.1,7.9,,False,,
4484,osm,way/1120243316,1,가덕산,,0.071,,1.3,0.9,,False,,
4485,osm,way/1120243317,1,가덕산,,0.65,,11.4,8.1,,False,,
4486,osm,way/1120243318,1,가덕산,,0.719,,12.6,9.0,,False,,
4487,osm,way/1120243319,1,가덕산,,0.71,,12.4,8.9,,False,,
4488,osm,way/1120243320,1,가덕산,,0.379,,6.6,4.7,,False,,
4489,osm,way/1120243321,1,가덕산,,0.64,,11.2,8.0,,False,,
4490,osm,way/1120243322,1,가덕산,,0.413,,7.2,5.2,,False,,
4491,osm,way/1120243323,1,가덕산,,0.183,,3.2,2.3,,False,,
4492,osm,way/1120243324,1,가덕산,,0.389,,6.8,4.9,,False,,
4493,osm,way/1120243324,1,가덕산,,1.21,,21.2,15.1,,False,,
4494,osm,way/1120243325,1,가덕산,,0.06,,1.1,0.8,,False,,
4495,osm,way/1120243327,1,가덕산,,0.662,,11.6,8.3,,False,,
4496,osm,way/1120243328,1,가덕산,,0.071,,1.2,0.9,,False,,
4497,osm,way/1120243328,1,가덕산,,3.981,,69.7,49.8,,False,,
4498,osm,way/1120243329,1,가덕산,,2.062,,36.1,25.8,,False,,
4499,osm,way/1120243330,1,가덕산,,0.299,,5.2,3.7,,False,,
4500,osm,way/1120243330,1,가덕산,,1.162,,20.3,14.5,,False,,
4501,osm,way/1120243330,1,가덕산,,1.218,,21.3,15.2,,False,,
4502,osm,way/1120243330,1,가덕산,,0.967,,16.9,12.1,,False,,
4503,osm,way/1120243330,1,가덕산,,2.499,,43.7,31.2,,False,,
4504,osm,way/1120243330,1,가덕산,,0.029,,0.5,0.4,,False,,
4505,osm,way/1120243330,1,가덕산,,0.072,,1.3,0.9,,False,,
4506,osm,way/1120243330,1,가덕산,,1.24,,21.7,15.5,,False,,
4507,osm,way/1120243332,1,가덕산,,0.006,,0.1,0.1,,False,,
4508,osm,way/1120243332,1,가덕산,,0.649,,11.4,8.1,,False,,
4509,osm,way/1120243332,1,가덕산,,0.283,,5.0,3.5,,False,,
4510,osm,way/1120243345,1,가덕산,,0.349,,6.1,4.4,,False,,
4511,osm,way/1120243346,1,가덕산,,0.313,,5.5,3.9,,False,,
4512,osm,way/1120243347,1,가덕산,,0.6,,10.5,7.5,,False,,
4513,osm,way/1120243492,1,가덕산,,0.203,,3.5,2.5,,False,,
4514,osm,way/1120243493,1,가덕산,,1.819,,31.8,22.7,,False,,
4515,osm,way/1120243494,1,가덕산,,0.146,,2.6,1.8,,False,,
4516,osm,way/1120243495,1,가덕산,,0.24,,4.2,3.0,,False,,
4517,osm,way/1120489511,1,가덕산,,0.323,,5.6,4.0,,False,,
4518,osm,way/1120489512,1,가덕산,,1.338,,23.4,16.7,unpaved,False,,
4519,osm,way/1120489512,1,가덕산,,0.233,,4.1,2.9,unpaved,False,,
4520,osm,way/1120489512,1,가덕산,,0.244,,4.3,3.0,unpaved,False,,
4521,osm,way/1120489512,1,가덕산,,0.005,,0.1,0.1,unpaved,False,,
4522,osm,way/1120489513,1,가덕산,,3.179,,55.6,39.7,unpaved,False,,
4523,osm,way/1120489513,1,가덕산,,0.113,,2.0,1.4,unpaved,False,,
4524,osm,way/1120489515,1,가덕산,,0.878,,15.4,11.0,unpaved,False,,
4525,osm,way/1120489515,1,가덕산,,0.201,,3.5,2.5,unpaved,False,,
4526,osm,way/1120489515,1,가덕산,,1.297,,22.7,16.2,unpaved,False,,
4527,osm,way/1120489515,1,가덕산,,0.211,,3.7,2.6,unpaved,False,,
4528,osm,way/1120489516,1,가덕산,,0.414,,7.2,5.2,,False,,
4529,osm,way/1120489516,1,가덕산,,0.384,,6.7,4.8,,False,,
4530,osm,way/1120489516,1,가덕산,,0.581,,10.2,7.3,,False,,
4531,osm,way/1120489520,1,가덕산,,0.482,,8.4,6.0,unpaved,False,,
4532,osm,way/1120489520,1,가덕산,,0.65,,11.4,8.1,unpaved,False,,
4533,osm,way/1120489521,1,가덕산,,1.34,,23.5,16.8,unpaved,False,,
4534,osm,way/1120489522,1,가덕산,,0.48,,8.4,6.0,unpaved,False,,
4535,osm,way/1120489523,1,가덕산,,1.138,,19.9,14.2,unpaved,False,,
4536,osm,way/1120489524,1,가덕산,,2.371,,41.5,29.6,unpaved,False,,
4537,osm,way/1120489524,1,가덕산,,4.267,,74.7,53.3,unpaved,False,,
4538,osm,way/1120489524,1,가덕산,,0.241,,4.2,3.0,unpaved,False,,
4539,osm,way/1120489524,1,가덕산,,0.183,,3.2,2.3,unpaved,False,,
4540,osm,way/1120489524,1,가덕산,,0.356,,6.2,4.5,unpaved,False,,
4541,osm,way/1120489524,1,가덕산,,0.858,,15.0,10.7,unpaved,False,,
4542,osm,way/1120489527,1,가덕산,,0.623,,10.9,7.8,,False,,
4543,osm,way/1120489527,1,가덕산,,1.675,,29.3,20.9,,False,,
4544,osm,way/1120495484,1,가덕산,,0.739,,12.9,9.2,토사,False,,
4545,osm,way/1120495510,1,가덕산,,0.52,,9.1,6.5,토사,False,,
4546,osm,way/1120495511,1,가덕산,,0.787,,13.8,9.8,토사,False,,
4547,osm,way/1120495511,1,가덕산,,1.155,,20.2,14.4,토사,False,,
4548,osm,way/1120495511,1,가덕산,,0.343,,6.0,4.3,토사,False,,
4549,osm,way/1120495512,1,가덕산,,1.423,,24.9,17.8,토사,False,,
4550,osm,way/1120495512,1,가덕산,,1.611,,28.2,20.1,토사,False,,
4551,osm,way/1120495512,1,가덕산,,0.378,,6.6,4.7,토사,False,,
4552,osm,way/1120495512,1,가덕산,,0.592,,10.4,7.4,토사,False,,
4553,osm,way/1120495512,1,가덕산,,0.08,,1.4,1.0,토사,False,,
4554,osm,way/1120495512,1,가덕산,,0.095,,1.7,1.2,토사,False,,
4555,osm,way/1120495512,1,가덕산,,0.28,,4.9,3.5,토사,False,,
4556,osm,way/1120495512,1,가덕산,,0.468,,8.2,5.9,토사,False,,
4557,osm,way/1120495512,1,가덕산,,0.461,,8.1,5.8,토사,False,,
4558,osm,way/1120495513,1,가덕산,,1.197,,21.0,15.0,토사,False,,
4559,osm,way/1120495514,1,가덕산,,2.378,,41.6,29.7,토사,False,,
4560,osm,way/1122190191,1,가덕산,,0.893,,15.6,11.2,토사,False,,
4561,osm,way/1122190192,1,가덕산,,0.411,,7.2,5.1,토사,False,,
4562,osm,way/1122190193,1,가덕산,,0.243,,4.3,3.0,토사,False,,
4563,osm,way/1122190194,1,가덕산,,2.201,,38.5,27.5,토사,False,,
4564,osm,way/1122190195,1,가덕산,,4.032,,70.6,50.4,토사,False,,
4565,osm,way/1122190197,1,가덕산,,2.138,,37.4,26.7,토사,False,,
4566,osm,way/1122190198,1,가덕산,,0.102,,1.8,1.3,토사,False,,
4567,osm,way/1125593931,1,가덕산,,2.507,,43.9,31.3,토사,False,,
4568,osm,way/1125593932,1,가덕산,,0.074,,1.3,0.9,토사,False,,
4569,osm,way/1125593932,1,가덕산,,0.268,,4.7,3.4,토사,False,,
4570,osm,way/1125593933,1,가덕산,,2.267,,39.7,28.3,토사,False,,
4571,osm,way/1125593934,1,가덕산,,0.998,,17.5,12.5,토사,False,,
4572,osm,way/1125593935,1,가덕산,,0.444,,7.8,5.5,토사,False,,
4573,osm,way/1125593935,1,가덕산,,0.821,,14.4,10.3,토사,False,,
4574,osm,way/1125593935,1,가덕산,,0.746,,13.1,9.3,토사,False,,
4575,osm,way/1125593937,1,가덕산,,0.954,,16.7,11.9,토사,False,,
4576,osm,way/1125593938,1,가덕산,,0.066,,1.2,0.8,토사,False,,
4577,osm,way/1125593938,1,가덕산,,2.446,,42.8,30.6,토사,False,,
4578,osm,way/1125593939,1,가덕산,,1.52,,26.6,19.0,토사,False,,
4579,osm,way/1125593939,1,가덕산,,0.887,,15.5,11.1,토사,False,,
4580,osm,way/1125593939,1,가덕산,,0.749,,13.1,9.4,토사,False,,
4581,osm,way/1125593940,1,가덕산,,0.844,,14.8,10.6,토사,False,,
4582,osm,way/1125593941,1,가덕산,,1.695,,29.7,21.2,토사,False,,
4583,osm,way/1125593941,1,가덕산,,0.188,,3.3,2.3,토사,False,,
4584,osm,way/1125593941,1,가덕산,,0.109,,1.9,1.4,토사,False,,
4585,osm,way/1125593941,1,가덕산,,0.212,,3.7,2.7,토사,False,,
4586,osm,way/1125593941,1,가덕산,,0.498,,8.7,6.2,토사,False,,
4587,osm,way/1125593941,1,가덕산,,0.425,,7.4,5.3,토사,False,,
4588,osm,way/1125593942,1,가덕산,,0.271,,4.7,3.4,토사,False,,
4589,osm,way/1125593942,1,가덕산,,1.122,,19.6,14.0,토사,False,,
4590,osm,way/1125593942,1,가덕산,,0.638,,11.2,8.0,토사,False,,
4591,osm,way/1125593944,1,가덕산,,0.491,,8.6,6.1,토사,False,,
4592,osm,way/1125593944,1,가덕산,,0.242,,4.2,3.0,토사,False,,
4593,osm,way/1125593945,1,가덕산,,0.043,,0.8,0.5,토사,False,,
4594,osm,way/1125593946,1,가덕산,,0.357,,6.2,4.5,토사,False,,
4595,osm,way/1125593946,1,가덕산,,0.352,,6.2,4.4,토사,False,,
4596,osm,way/1125593946,1,가덕산,,0.061,,1.1,0.8,토사,False,,
4597,osm,way/1125593947,1,가덕산,,0.762,,13.3,9.5,토사,False,,
4598,osm,way/1125593947,1,가덕산,,0.408,,7.1,5.1,토사,False,,
4599,osm,way/1125593950,1,가덕산,,1.234,,21.6,15.4,토사,False,,
4600,osm,way/1202973130,1,가덕산,,0.256,,4.5,3.2,토사,False,,
4601,osm,way/1202973130,1,가덕산,,0.278,,4.9,3.5,토사,False,,
4602,osm,way/1202973131,1,가덕산,,0.012,,0.2,0.1,포장,False,,
4603,osm,way/1202973132,1,가덕산,,0.01,,0.2,0.1,포장,False,,
4604,osm,way/1202973133,1,가덕산,,0.004,,0.1,0.0,포장,False,,
4605,osm,way/1206786669,1,가덕산,,0.104,,1.8,1.3,토사,False,,
4606,osm,way/1206786670,1,가덕산,,1.522,,26.6,19.0,토사,False,,
4607,osm,way/1206786673,1,가덕산,,1.103,,19.3,13.8,토사,False,,
4608,osm,way/1206786674,1,가덕산,,1.14,,19.9,14.2,토사,False,,
4609,osm,way/1206786675,1,가덕산,,1.026,,18.0,12.8,토사,False,,
4610,osm,way/1206786676,1,가덕산,,0.514,,9.0,6.4,토사,False,,
4611,osm,way/1206789305,1,가덕산,,1.126,,19.7,14.1,토사,False,,
4612,osm,way/1206789306,1,가덕산,,0.469,,8.2,5.9,토사,False,,
4613,osm,way/1206789307,1,가덕산,,0.563,,9.8,7.0,토사,False,,
4614,osm,way/1287242554,1,가덕산,,0.76,,13.3,9.5,unpaved,False,,
4615,osm,way/1295603167,1,가덕산,,0.111,,1.9,1.4,토사,False,,
4616,osm,way/1295603167,1,가덕산,,2.118,,37.1,26.5,토사,False,,
4617,osm,way/1412112172,1,가덕산,,0.565,,9.9,7.1,,False,,
4618,osm,way/1412112174,1,가덕산,,0.391,,6.8,4.9,,False,,
4619,osm,way/1412112175,1,가덕산,,0.756,,13.2,9.5,,False,,
4620,osm,way/1444100455,1,가덕산,,0.262,,4.6,3.3,unpaved,False,,
4621,osm,way/1444100455,1,가덕산,,0.241,,4.2,3.0,unpaved,False,,
4622,osm,way/1444100455,1,가덕산,,0.167,,2.9,2.1,unpaved,False,,
4623,osm,way/1444100456,1,가덕산,,0.072,,1.3,0.9,포장,False,,
4624,osm,way/1444100456,1,가덕산,,0.145,,2.5,1.8,포장,False,,
4625,osm,way/1444100457,1,가덕산,,0.46,,8.1,5.8,unpaved,False,,
4626,osm,way/1444100458,1,가덕산,,0.549,,9.6,6.9,unpaved,False,,
4627,osm,way/1444100459,1,가덕산,,0.177,,3.1,2.2,unpaved,False,,
4628,osm,way/1444100460,1,가덕산,,0.004,,0.1,0.0,포장,False,,
4629,osm,way/1444100460,1,가덕산,,0.034,,0.6,0.4,포장,False,,
4630,osm,way/1444100461,1,가덕산,,0.027,,0.5,0.3,포장,False,,
4631,osm,way/1444100462,1,가덕산,,0.017,,0.3,0.2,포장,False,,
4632,osm,way/1451522787,1,가덕산,,5.303,,92.8,66.3,,False,,
4633,osm,way/1451522788,1,가덕산,,2.394,,41.9,29.9,,False,,
4634,osm,way/1451522789,1,가덕산,,0.144,,2.5,1.8,,False,,
4635,osm,way/1528325547,1,가덕산,,0.012,,0.2,0.2,unpaved,False,,
4636,osm,way/1528325548,1,가덕산,,0.27,,4.7,3.4,unpaved,False,,
4637,osm,way/1528325548,1,가덕산,,0.099,,1.7,1.2,unpaved,False,,
4638,osm,way/1528325548,1,가덕산,,0.003,,0.0,0.0,unpaved,False,,
4639,osm,way/1528325549,1,가덕산,,3.605,,63.1,45.1,,False,,
4640,osm,way/274797607,2,계관산,,0.994,,17.4,12.4,unpaved,False,,
4641,osm,way/274797607,2,계관산,,0.08,,1.4,1.0,unpaved,False,,
4642,osm,way/472867070,2,계관산,,0.295,,5.2,3.7,,False,,
4643,osm,way/472867070,2,계관산,,0.278,,4.9,3.5,,False,,
4644,osm,way/472867071,2,계관산,,0.448,,7.8,5.6,,False,,
4645,osm,way/472867071,2,계관산,,0.123,,2.2,1.5,,False,,
4646,osm,way/583645844,2,계관산,,3.542,,62.0,44.3,unpaved,False,,
4647,osm,way/772704639,2,계관산,,5.322,,93.1,66.5,,False,,
4648,osm,way/772704639,2,계관산,,0.485,,8.5,6.1,,False,,
4649,osm,way/772704639,2,계관산,,0.018,,0.3,0.2,,False,,
4650,osm,way/772704639,2,계관산,,0.97,,17.0,12.1,,False,,
4651,osm,way/772704639,2,계관산,,0.131,,2.3,1.6,,False,,
4652,osm,way/772704639,2,계관산,,0.135,,2.4,1.7,,False,,
4653,osm,way/772704639,2,계관산,,0.418,,7.3,5.2,,False,,
4654,osm,way/772704639,2,계관산,,0.069,,1.2,0.9,,False,,
4655,osm,way/772704639,2,계관산,,0.262,,4.6,3.3,,False,,
4656,osm,way/772704639,2,계관산,,0.381,,6.7,4.8,,False,,
4657,osm,way/772704639,2,계관산,,1.399,,24.5,17.5,,False,,
4658,osm,way/772704639,2,계관산,,0.944,,16.5,11.8,,False,,
4659,osm,way/772704639,2,계관산,,0.192,,3.4,2.4,,False,,
4660,osm,way/772704639,2,계관산,,0.902,,15.8,11.3,,False,,
4661,osm,way/772704639,2,계관산,,0.09,,1.6,1.1,,False,,
4662,osm,way/772704639,2,계관산,,1.791,,31.3,22.4,,False,,
4663,osm,way/772704639,2,계관산,,2.766,,48.4,34.6,,False,,
4664,osm,way/772704639,2,계관산,,7.824,,136.9,97.8,,False,,
4665,osm,way/1093889476,2,계관산,,0.161,,2.8,2.0,,False,,
4666,osm,way/1093889476,2,계관산,,0.394,,6.9,4.9,,False,,
4667,osm,way/1093889477,2,계관산,,0.665,,11.6,8.3,,False,,
4668,osm,way/1093889477,2,계관산,,1.135,,19.9,14.2,,False,,
4669,osm,way/1093889478,2,계관산,,0.166,,2.9,2.1,,False,,
4670,osm,way/1093889478,2,계관산,,1.262,,22.1,15.8,,False,,
4671,osm,way/1093889478,2,계관산,,0.8,,14.0,10.0,,False,,
4672,osm,way/1093889478,2,계관산,,3.347,,58.6,41.8,,False,,
4673,osm,way/1093889478,2,계관산,,1.62,,28.3,20.2,,False,,
4674,osm,way/1104548800,2,계관산,,1.372,,24.0,17.1,토사,False,,
4675,osm,way/1104548800,2,계관산,,0.78,,13.6,9.7,토사,False,,
4676,osm,way/1104562614,2,계관산,,0.363,,6.4,4.5,토사,False,,
4677,osm,way/1104562614,2,계관산,,0.729,,12.8,9.1,토사,False,,
4678,osm,way/1104562614,2,계관산,,0.533,,9.3,6.7,토사,False,,
4679,osm,way/1104562614,2,계관산,,0.125,,2.2,1.6,토사,False,,
4680,osm,way/1104562615,2,계관산,,0.938,,16.4,11.7,포장,False,,
4681,osm,way/1104562615,2,계관산,,0.59,,10.3,7.4,포장,False,,
4682,osm,way/1104562615,2,계관산,,0.404,,7.1,5.0,포장,False,,
4683,osm,way/1104562626,2,계관산,,0.194,,3.4,2.4,토사,False,,
4684,osm,way/1104562627,2,계관산,,0.2,,3.5,2.5,unpaved,False,,
4685,osm,way/1104562627,2,계관산,,0.829,,14.5,10.4,unpaved,False,,
4686,osm,way/1104562627,2,계관산,,1.028,,18.0,12.8,unpaved,False,,
4687,osm,way/1104562627,2,계관산,,0.716,,12.5,9.0,unpaved,False,,
4688,osm,way/1106731492,2,계관산,,0.003,,0.1,0.0,unpaved,False,,
4689,osm,way/1106731492,2,계관산,,0.292,,5.1,3.7,unpaved,False,,
4690,osm,way/1106731492,2,계관산,,0.239,,4.2,3.0,unpaved,False,,
4691,osm,way/1120243330,2,계관산,,0.299,,5.2,3.7,,False,,
4692,osm,way/1120243330,2,계관산,,1.162,,20.3,14.5,,False,,
4693,osm,way/1120243330,2,계관산,,6.026,,105.5,75.3,,False,,
4694,osm,way/1120489511,2,계관산,,0.323,,5.6,4.0,,False,,
4695,osm,way/1120489512,2,계관산,,1.338,,23.4,16.7,unpaved,False,,
4696,osm,way/1120489512,2,계관산,,0.233,,4.1,2.9,unpaved,False,,
4697,osm,way/1120489512,2,계관산,,0.244,,4.3,3.0,unpaved,False,,
4698,osm,way/1120489512,2,계관산,,0.005,,0.1,0.1,unpaved,False,,
4699,osm,way/1120489513,2,계관산,,3.179,,55.6,39.7,unpaved,False,,
4700,osm,way/1120489513,2,계관산,,0.113,,2.0,1.4,unpaved,False,,
4701,osm,way/1120489515,2,계관산,,0.089,,1.6,1.1,unpaved,False,,
4702,osm,way/1120489515,2,계관산,,0.789,,13.8,9.9,unpaved,False,,
4703,osm,way/1120489515,2,계관산,,0.201,,3.5,2.5,unpaved,False,,
4704,osm,way/1120489515,2,계관산,,1.297,,22.7,16.2,unpaved,False,,
4705,osm,way/1120489515,2,계관산,,0.211,,3.7,2.6,unpaved,False,,
4706,osm,way/1120489516,2,계관산,,0.414,,7.2,5.2,,False,,
4707,osm,way/1120489516,2,계관산,,0.384,,6.7,4.8,,False,,
4708,osm,way/1120489516,2,계관산,,0.533,,9.3,6.7,,False,,
4709,osm,way/1120489516,2,계관산,,0.047,,0.8,0.6,,False,,
4710,osm,way/1120489517,2,계관산,,0.155,,2.7,1.9,,False,,
4711,osm,way/1120489517,2,계관산,,0.335,,5.9,4.2,,False,,
4712,osm,way/1120489518,2,계관산,,0.267,,4.7,3.3,,False,,
4713,osm,way/1120489519,2,계관산,,0.17,,3.0,2.1,,False,,
4714,osm,way/1120489520,2,계관산,,0.482,,8.4,6.0,unpaved,False,,
4715,osm,way/1120489520,2,계관산,,0.472,,8.3,5.9,unpaved,False,,
4716,osm,way/1120489520,2,계관산,,0.007,,0.1,0.1,unpaved,False,,
4717,osm,way/1120489520,2,계관산,,0.171,,3.0,2.1,unpaved,False,,
4718,osm,way/1120489521,2,계관산,,1.34,,23.5,16.8,unpaved,False,,
4719,osm,way/1120489522,2,계관산,,0.48,,8.4,6.0,unpaved,False,,
4720,osm,way/1120489523,2,계관산,,1.138,,19.9,14.2,unpaved,False,,
4721,osm,way/1120489524,2,계관산,,2.371,,41.5,29.6,unpaved,False,,
4722,osm,way/1120489524,2,계관산,,4.267,,74.7,53.3,unpaved,False,,
4723,osm,way/1120489524,2,계관산,,0.241,,4.2,3.0,unpaved,False,,
4724,osm,way/1120489524,2,계관산,,0.183,,3.2,2.3,unpaved,False,,
4725,osm,way/1120489524,2,계관산,,0.356,,6.2,4.5,unpaved,False,,
4726,osm,way/1120489524,2,계관산,,0.858,,15.0,10.7,unpaved,False,,
4727,osm,way/1120489537,2,계관산,,0.181,,3.2,2.3,,False,,
4728,osm,way/1120489539,2,계관산,,0.503,,8.8,6.3,unpaved,False,,
4729,osm,way/1120489540,2,계관산,,0.104,,1.8,1.3,unpaved,False,,
4730,osm,way/1120495484,2,계관산,,0.739,,12.9,9.2,토사,False,,
4731,osm,way/1120495485,2,계관산,,0.085,,1.5,1.1,토사,False,,
4732,osm,way/1120495485,2,계관산,,0.513,,9.0,6.4,토사,False,,
4733,osm,way/1120495485,2,계관산,,0.561,,9.8,7.0,토사,False,,
4734,osm,way/1120495503,2,계관산,,0.646,,11.3,8.1,토사,False,,
4735,osm,way/1120495509,2,계관산,,0.455,,8.0,5.7,토사,False,,
4736,osm,way/1120495509,2,계관산,,2.282,,39.9,28.5,토사,False,,
4737,osm,way/1120495510,2,계관산,,0.52,,9.1,6.5,토사,False,,
4738,osm,way/1120495511,2,계관산,,0.787,,13.8,9.8,토사,False,,
4739,osm,way/1120495511,2,계관산,,1.155,,20.2,14.4,토사,False,,
4740,osm,way/1120495511,2,계관산,,0.343,,6.0,4.3,토사,False,,
4741,osm,way/1120495512,2,계관산,,1.423,,24.9,17.8,토사,False,,
4742,osm,way/1120495512,2,계관산,,1.611,,28.2,20.1,토사,False,,
4743,osm,way/1120495512,2,계관산,,0.378,,6.6,4.7,토사,False,,
4744,osm,way/1120495512,2,계관산,,0.592,,10.4,7.4,토사,False,,
4745,osm,way/1120495512,2,계관산,,0.08,,1.4,1.0,토사,False,,
4746,osm,way/1120495512,2,계관산,,0.095,,1.7,1.2,토사,False,,
4747,osm,way/1120495512,2,계관산,,0.28,,4.9,3.5,토사,False,,
4748,osm,way/1120495512,2,계관산,,0.468,,8.2,5.9,토사,False,,
4749,osm,way/1120495512,2,계관산,,0.461,,8.1,5.8,토사,False,,
4750,osm,way/1120495513,2,계관산,,1.197,,21.0,15.0,토사,False,,
4751,osm,way/1120495514,2,계관산,,2.378,,41.6,29.7,토사,False,,
4752,osm,way/1122080488,2,계관산,,0.242,,4.2,3.0,,False,,
4753,osm,way/1122080488,2,계관산,,4.169,,73.0,52.1,,False,,
4754,osm,way/1122080489,2,계관산,,0.252,,4.4,3.1,,False,,
4755,osm,way/1122080490,2,계관산,,0.596,,10.4,7.4,,False,,
4756,osm,way/1122080491,2,계관산,,0.359,,6.3,4.5,,False,,
4757,osm,way/1122080492,2,계관산,,0.135,,2.4,1.7,,False,,
4758,osm,way/1122080493,2,계관산,,2.926,,51.2,36.6,자갈,False,,
4759,osm,way/1122080493,2,계관산,,2.069,,36.2,25.9,자갈,False,,
4760,osm,way/1122080494,2,계관산,,0.774,,13.5,9.7,,False,,
4761,osm,way/1122080494,2,계관산,,0.258,,4.5,3.2,,False,,
4762,osm,way/1122080495,2,계관산,,0.52,,9.1,6.5,,False,,
4763,osm,way/1122085498,2,계관산,,0.666,,11.7,8.3,토사,False,,
4764,osm,way/1122190190,2,계관산,,1.838,,32.2,23.0,토사,False,,
4765,osm,way/1122190191,2,계관산,,0.893,,15.6,11.2,토사,False,,
4766,osm,way/1122190192,2,계관산,,0.411,,7.2,5.1,토사,False,,
4767,osm,way/1122190193,2,계관산,,0.243,,4.3,3.0,토사,False,,
4768,osm,way/1122190194,2,계관산,,2.201,,38.5,27.5,토사,False,,
4769,osm,way/1125593933,2,계관산,,2.267,,39.7,28.3,토사,False,,
4770,osm,way/1125593934,2,계관산,,0.998,,17.5,12.5,토사,False,,
4771,osm,way/1125593935,2,계관산,,0.444,,7.8,5.5,토사,False,,
4772,osm,way/1125593935,2,계관산,,0.821,,14.4,10.3,토사,False,,
4773,osm,way/1125593935,2,계관산,,0.746,,13.1,9.3,토사,False,,
4774,osm,way/1125593939,2,계관산,,2.407,,42.1,30.1,토사,False,,
4775,osm,way/1125593939,2,계관산,,0.749,,13.1,9.4,토사,False,,
4776,osm,way/1125593940,2,계관산,,0.844,,14.8,10.6,토사,False,,
4777,osm,way/1125593944,2,계관산,,0.491,,8.6,6.1,토사,False,,
4778,osm,way/1125593944,2,계관산,,0.242,,4.2,3.0,토사,False,,
4779,osm,way/1125593945,2,계관산,,0.043,,0.8,0.5,토사,False,,
4780,osm,way/1125593946,2,계관산,,0.357,,6.2,4.5,토사,False,,
4781,osm,way/1125593946,2,계관산,,0.352,,6.2,4.4,토사,False,,
4782,osm,way/1125593946,2,계관산,,0.061,,1.1,0.8,토사,False,,
4783,osm,way/1125593947,2,계관산,,0.762,,13.3,9.5,토사,False,,
4784,osm,way/1125593947,2,계관산,,0.408,,7.1,5.1,토사,False,,
4785,osm,way/1125593948,2,계관산,,0.95,,16.6,11.9,,False,,
4786,osm,way/1125593948,2,계관산,,0.807,,14.1,10.1,,False,,
4787,osm,way/1125593949,2,계관산,,0.362,,6.3,4.5,unpaved,False,,
4788,osm,way/1125593949,2,계관산,,1.049,,18.4,13.1,unpaved,False,,
4789,osm,way/1125593949,2,계관산,,0.65,,11.4,8.1,unpaved,False,,
4790,osm,way/1125593949,2,계관산,,0.102,,1.8,1.3,unpaved,False,,
4791,osm,way/1202801479,2,계관산,,1.72,,30.1,21.5,토사,False,,
4792,osm,way/1202801480,2,계관산,,0.042,,0.7,0.5,포장,False,,
4793,osm,way/1202801481,2,계관산,,0.036,,0.6,0.4,포장,False,,
4794,osm,way/1202801482,2,계관산,,0.011,,0.2,0.1,포장,False,,
4795,osm,way/1202973130,2,계관산,,0.256,,4.5,3.2,토사,False,,
4796,osm,way/1202973130,2,계관산,,0.278,,4.9,3.5,토사,False,,
4797,osm,way/1202973131,2,계관산,,0.012,,0.2,0.1,포장,False,,
4798,osm,way/1202973132,2,계관산,,0.01,,0.2,0.1,포장,False,,
4799,osm,way/1202973133,2,계관산,,0.004,,0.1,0.0,포장,False,,
4800,osm,way/1206789305,2,계관산,,1.126,,19.7,14.1,토사,False,,
4801,osm,way/1206789306,2,계관산,,0.469,,8.2,5.9,토사,False,,
4802,osm,way/1206789307,2,계관산,,0.563,,9.8,7.0,토사,False,,
4803,osm,way/1287233854,2,계관산,,0.574,,10.0,7.2,,False,,
4804,osm,way/1287233854,2,계관산,,4.163,,72.9,52.0,,False,,
4805,osm,way/1287233854,2,계관산,,0.023,,0.4,0.3,,False,,
4806,osm,way/1287233855,2,계관산,,0.009,,0.2,0.1,포장,False,,
4807,osm,way/1287233855,2,계관산,,0.171,,3.0,2.1,포장,False,,
4808,osm,way/1287233856,2,계관산,,0.005,,0.1,0.1,포장,False,,
4809,osm,way/1287233857,2,계관산,,0.014,,0.3,0.2,포장,False,,
4810,osm,way/1287242554,2,계관산,,0.76,,13.3,9.5,unpaved,False,,
4811,osm,way/1287242555,2,계관산,,0.655,,11.5,8.2,토사,False,,
4812,osm,way/1412112173,2,계관산,,0.366,,6.4,4.6,,False,,
4813,osm,way/1412112174,2,계관산,,0.391,,6.8,4.9,,False,,
4814,osm,way/1444097328,2,계관산,,0.258,,4.5,3.2,포장,False,,
4815,osm,way/1444097329,2,계관산,,0.39,,6.8,4.9,포장,False,,
4816,osm,way/1444097329,2,계관산,,0.049,,0.9,0.6,포장,False,,
4817,osm,way/1444097329,2,계관산,,0.066,,1.2,0.8,포장,False,,
4818,osm,way/1444100451,2,계관산,,0.643,,11.3,8.0,unpaved,False,,
4819,osm,way/1444100452,2,계관산,,0.823,,14.4,10.3,unpaved,False,,
4820,osm,way/1444100453,2,계관산,,0.011,,0.2,0.1,unpaved,False,,
4821,osm,way/1444100453,2,계관산,,0.107,,1.9,1.3,unpaved,False,,
4822,osm,way/1444100453,2,계관산,,0.356,,6.2,4.5,unpaved,False,,
4823,osm,way/1444100453,2,계관산,,0.471,,8.3,5.9,unpaved,False,,
4824,osm,way/1444100454,2,계관산,,0.092,,1.6,1.2,포장,False,,
4825,osm,way/1444100454,2,계관산,,0.661,,11.6,8.3,포장,False,,
4826,osm,way/1444100455,2,계관산,,0.262,,4.6,3.3,unpaved,False,,
4827,osm,way/1444100455,2,계관산,,0.241,,4.2,3.0,unpaved,False,,
4828,osm,way/1444100455,2,계관산,,0.167,,2.9,2.1,unpaved,False,,
4829,osm,way/1444100456,2,계관산,,0.072,,1.3,0.9,포장,False,,
4830,osm,way/1444100456,2,계관산,,0.145,,2.5,1.8,포장,False,,
4831,osm,way/1444100457,2,계관산,,0.46,,8.1,5.8,unpaved,False,,
4832,osm,way/1444100458,2,계관산,,0.549,,9.6,6.9,unpaved,False,,
4833,osm,way/1444100459,2,계관산,,0.177,,3.1,2.2,unpaved,False,,
4834,osm,way/1527715390,2,계관산,,0.031,,0.5,0.4,,False,,
4835,osm,way/1527715391,2,계관산,,0.014,,0.3,0.2,,False,,
4836,osm,way/1527715413,2,계관산,,3.075,,53.8,38.4,,False,,
4837,osm,way/1527715429,2,계관산,,0.902,,15.8,11.3,,False,,
4838,osm,way/1528325547,2,계관산,,0.012,,0.2,0.2,unpaved,False,,
4839,osm,way/1528325548,2,계관산,,0.27,,4.7,3.4,unpaved,False,,
4840,osm,way/1528325548,2,계관산,,0.099,,1.7,1.2,unpaved,False,,
4841,osm,way/1528325548,2,계관산,,0.003,,0.0,0.0,unpaved,False,,
4842,osm,way/1528325549,2,계관산,,3.605,,63.1,45.1,,False,,
4843,osm,way/1528325550,2,계관산,,1.3,,22.8,16.3,,False,,
4844,osm,way/1541215052,2,계관산,,0.006,,0.1,0.1,unpaved,False,,
4845,osm,way/1541215053,2,계관산,,0.011,,0.2,0.1,unpaved,False,,
4846,osm,way/1104625610,3,고동산,,1.049,,18.4,13.1,,False,,
4847,osm,way/1104625610,3,고동산,,1.055,,18.5,13.2,,False,,
4848,osm,way/1104625610,3,고동산,,0.948,,16.6,11.8,,False,,
4849,osm,way/1104625610,3,고동산,,0.242,,4.2,3.0,,False,,
4850,osm,way/1104625610,3,고동산,,0.349,,6.1,4.4,,False,,
4851,osm,way/1104625610,3,고동산,,1.875,,32.8,23.4,,False,,
4852,osm,way/1104625610,3,고동산,,4.432,,77.6,55.4,,False,,
4853,osm,way/1104625611,3,고동산,,0.129,,2.3,1.6,,False,,
4854,osm,way/1104625612,3,고동산,,0.01,,0.2,0.1,,False,,
4855,osm,way/1104629896,3,고동산,,1.318,,23.1,16.5,토사,False,,
4856,osm,way/1104629896,3,고동산,,1.027,,18.0,12.8,토사,False,,
4857,osm,way/1104629896,3,고동산,,1.019,,17.8,12.7,토사,False,,
4858,osm,way/1104629896,3,고동산,,1.16,,20.3,14.5,토사,False,,
4859,osm,way/1104629896,3,고동산,,0.318,,5.6,4.0,토사,False,,
4860,osm,way/1104629896,3,고동산,,0.175,,3.1,2.2,토사,False,,
4861,osm,way/1104629896,3,고동산,,0.827,,14.5,10.3,토사,False,,
4862,osm,way/1104629897,3,고동산,,1.422,,24.9,17.8,토사,False,,
4863,osm,way/1104629898,3,고동산,,1.133,,19.8,14.2,토사,False,,
4864,osm,way/1104629898,3,고동산,,0.577,,10.1,7.2,토사,False,,
4865,osm,way/1120495487,3,고동산,,4.295,,75.2,53.7,토사,False,,
4866,osm,way/1120495490,3,고동산,,1.496,,26.2,18.7,토사,False,,
4867,osm,way/1120495490,3,고동산,,1.433,,25.1,17.9,토사,False,,
4868,osm,way/1128112381,3,고동산,,0.903,,15.8,11.3,,False,,
4869,osm,way/1128112382,3,고동산,,0.796,,13.9,9.9,unpaved,False,,
4870,osm,way/1128112382,3,고동산,,0.846,,14.8,10.6,unpaved,False,,
4871,osm,way/1128112383,3,고동산,,0.443,,7.7,5.5,unpaved,False,,
4872,osm,way/1128112384,3,고동산,,0.298,,5.2,3.7,unpaved,False,,
4873,osm,way/1128112384,3,고동산,,0.342,,6.0,4.3,unpaved,False,,
4874,osm,way/1128112385,3,고동산,,0.713,,12.5,8.9,unpaved,False,,
4875,osm,way/1128112385,3,고동산,,1.139,,19.9,14.2,unpaved,False,,
4876,osm,way/1128112386,3,고동산,,1.002,,17.5,12.5,unpaved,False,,
4877,osm,way/1128112387,3,고동산,,0.619,,10.8,7.7,unpaved,False,,
4878,osm,way/1128112388,3,고동산,,0.286,,5.0,3.6,unpaved,False,,
4879,osm,way/1128112388,3,고동산,,1.22,,21.4,15.3,unpaved,False,,
4880,osm,way/1128112395,3,고동산,,0.564,,9.9,7.0,unpaved,False,,
4881,osm,way/1128112781,3,고동산,,0.133,,2.3,1.7,,False,,
4882,osm,way/1128112781,3,고동산,,2.108,,36.9,26.4,,False,,
4883,osm,way/1128112782,3,고동산,,0.014,,0.3,0.2,,False,,
4884,osm,way/1128112782,3,고동산,,0.009,,0.2,0.1,,False,,
4885,osm,way/1128112782,3,고동산,,0.864,,15.1,10.8,,False,,
4886,osm,way/1128112784,3,고동산,,0.47,,8.2,5.9,,False,,
4887,osm,way/1128116368,3,고동산,,0.892,,15.6,11.1,토사,False,,
4888,osm,way/1128116369,3,고동산,,1.526,,26.7,19.1,토사,False,,
4889,osm,way/1128116369,3,고동산,,0.08,,1.4,1.0,토사,False,,
4890,osm,way/1128116372,3,고동산,,1.36,,23.8,17.0,토사,False,,
4891,osm,way/1128116373,3,고동산,,0.711,,12.4,8.9,토사,False,,
4892,osm,way/1128116374,3,고동산,,1.648,,28.8,20.6,,False,,
4893,osm,way/1128116374,3,고동산,,0.075,,1.3,0.9,,False,,
4894,osm,way/1128116376,3,고동산,,0.808,,14.1,10.1,토사,False,,
4895,osm,way/1128116376,3,고동산,,0.408,,7.1,5.1,토사,False,,
4896,osm,way/1128116376,3,고동산,,0.286,,5.0,3.6,토사,False,,
4897,osm,way/1213998818,3,고동산,,0.06,,1.1,0.8,포장,False,,
4898,osm,way/1213998821,3,고동산,,0.375,,6.6,4.7,,False,,
4899,osm,way/1253519090,3,고동산,,0.002,,0.0,0.0,,False,,
4900,osm,way/1253519090,3,고동산,,0.096,,1.7,1.2,,False,,
4901,osm,way/1253519092,3,고동산,,0.668,,11.7,8.3,,False,,
4902,osm,way/1253519093,3,고동산,,0.764,,13.4,9.5,,False,,
4903,osm,way/1253521578,3,고동산,,0.674,,11.8,8.4,,False,,
4904,osm,way/1431415167,3,고동산,,0.041,,0.7,0.5,포장,False,,
4905,osm,way/1431415168,3,고동산,,0.05,,0.9,0.6,포장,False,,
4906,osm,way/1431415169,3,고동산,,0.039,,0.7,0.5,unpaved,False,,
4907,osm,way/1431415170,3,고동산,,0.119,,2.1,1.5,unpaved,False,,
4908,osm,way/1431415171,3,고동산,,0.086,,1.5,1.1,포장,False,,
4909,osm,way/1431415176,3,고동산,,0.339,,5.9,4.2,unpaved,False,,
4910,osm,way/1431415177,3,고동산,,0.152,,2.7,1.9,포장,False,,
4911,osm,way/1431415178,3,고동산,,0.171,,3.0,2.1,포장,False,,
4912,osm,way/1431415179,3,고동산,,0.704,,12.3,8.8,unpaved,False,,
4913,osm,way/1431415180,3,고동산,,0.17,,3.0,2.1,포장,False,,
4914,osm,way/1560990335,3,고동산,,0.173,,3.0,2.2,unpaved,False,,
4915,osm,way/1560990336,3,고동산,,0.052,,0.9,0.6,포장,False,,
4916,osm,way/1560990337,3,고동산,,0.275,,4.8,3.4,unpaved,False,,
4917,osm,way/1560990338,3,고동산,,0.04,,0.7,0.5,포장,False,,
4918,osm,way/1560990339,3,고동산,,1.413,,24.7,17.7,unpaved,False,,
4919,osm,way/1560990340,3,고동산,,0.158,,2.8,2.0,포장,False,,
4920,osm,way/1560990341,3,고동산,,0.041,,0.7,0.5,unpaved,False,,
4921,osm,way/1560990342,3,고동산,,0.051,,0.9,0.6,포장,False,,
4922,osm,way/1560990342,3,고동산,,0.019,,0.3,0.2,포장,False,,
4923,osm,way/1560990343,3,고동산,,0.062,,1.1,0.8,포장,False,,
4924,osm,way/1560990344,3,고동산,,0.058,,1.0,0.7,unpaved,False,,
4925,osm,way/1560990345,3,고동산,,0.109,,1.9,1.4,unpaved,False,,
4926,osm,way/1560990346,3,고동산,,0.07,,1.2,0.9,포장,False,,
4927,osm,way/1560990347,3,고동산,,0.15,,2.6,1.9,unpaved,False,,
4928,osm,way/1560990348,3,고동산,,0.098,,1.7,1.2,포장,False,,
4929,osm,way/1560990349,3,고동산,,0.045,,0.8,0.6,unpaved,False,,
4930,osm,way/1560990350,3,고동산,,0.055,,1.0,0.7,unpaved,False,,
4931,osm,way/1560990351,3,고동산,,0.473,,8.3,5.9,포장,False,,
4932,osm,way/104366831,7,백둔봉,,0.4,,7.0,5.0,,False,,
4933,osm,way/104366831,7,백둔봉,,1.762,,30.8,22.0,,False,,
4934,osm,way/104366832,7,백둔봉,,4.127,,72.2,51.6,,False,,
4935,osm,way/104366838,7,백둔봉,,0.524,,9.2,6.5,토사,False,,
4936,osm,way/104366838,7,백둔봉,,0.184,,3.2,2.3,토사,False,,
4937,osm,way/104366838,7,백둔봉,,0.093,,1.6,1.2,토사,False,,
4938,osm,way/104366838,7,백둔봉,,0.009,,0.2,0.1,토사,False,,
4939,osm,way/104366840,7,백둔봉,,3.086,,54.0,38.6,,False,,
4940,osm,way/104366844,7,백둔봉,,0.942,,16.5,11.8,,False,,
4941,osm,way/104366844,7,백둔봉,,0.618,,10.8,7.7,,False,,
4942,osm,way/104366844,7,백둔봉,,1.162,,20.3,14.5,,False,,
4943,osm,way/104366844,7,백둔봉,,1.003,,17.6,12.5,,False,,
4944,osm,way/104366844,7,백둔봉,,0.055,,1.0,0.7,,False,,
4945,osm,way/104366844,7,백둔봉,,0.792,,13.9,9.9,,False,,
4946,osm,way/104366844,7,백둔봉,,1.457,,25.5,18.2,,False,,
4947,osm,way/104366844,7,백둔봉,,2.332,,40.8,29.2,,False,,
4948,osm,way/470943052,7,백둔봉,,0.113,,2.0,1.4,,False,,
4949,osm,way/470943052,7,백둔봉,,0.193,,3.4,2.4,,False,,
4950,osm,way/505818390,7,백둔봉,,2.583,,45.2,32.3,,False,,
4951,osm,way/505818390,7,백둔봉,,1.753,,30.7,21.9,,False,,
4952,osm,way/702888647,7,백둔봉,,0.241,,4.2,3.0,토사,False,,
4953,osm,way/702888647,7,백둔봉,,0.15,,2.6,1.9,토사,False,,
4954,osm,way/702888647,7,백둔봉,,0.249,,4.4,3.1,토사,False,,
4955,osm,way/702888647,7,백둔봉,,0.045,,0.8,0.6,토사,False,,
4956,osm,way/702888647,7,백둔봉,,0.843,,14.8,10.5,토사,False,,
4957,osm,way/702888647,7,백둔봉,,1.572,,27.5,19.6,토사,False,,
4958,osm,way/702888647,7,백둔봉,,1.892,,33.1,23.7,토사,False,,
4959,osm,way/817136325,7,백둔봉,,0.122,,2.1,1.5,토사,False,,
4960,osm,way/817136325,7,백둔봉,,0.887,,15.5,11.1,토사,False,,
4961,osm,way/817136325,7,백둔봉,,1.267,,22.2,15.8,토사,False,,
4962,osm,way/1088480839,7,백둔봉,,0.117,,2.1,1.5,,False,,
4963,osm,way/1088480840,7,백둔봉,,0.007,,0.1,0.1,포장,False,,
4964,osm,way/1094391600,7,백둔봉,,2.982,,52.2,37.3,,False,,
4965,osm,way/1094391600,7,백둔봉,,3.621,,63.4,45.3,,False,,
4966,osm,way/1094391600,7,백둔봉,,1.709,,29.9,21.4,,False,,
4967,osm,way/1105970402,7,백둔봉,,3.017,,52.8,37.7,,False,,
4968,osm,way/1105970402,7,백둔봉,,1.772,,31.0,22.2,,False,,
4969,osm,way/1105970404,7,백둔봉,,0.145,,2.5,1.8,,False,,
4970,osm,way/1105970404,7,백둔봉,,0.247,,4.3,3.1,,False,,
4971,osm,way/1105970404,7,백둔봉,,1.256,,22.0,15.7,,False,,
4972,osm,way/1105970404,7,백둔봉,,0.559,,9.8,7.0,,False,,
4973,osm,way/1105970404,7,백둔봉,,0.828,,14.5,10.3,,False,,
4974,osm,way/1105970404,7,백둔봉,,1.596,,27.9,19.9,,False,,
4975,osm,way/1105970405,7,백둔봉,,0.041,,0.7,0.5,토사,False,,
4976,osm,way/1105970405,7,백둔봉,,0.101,,1.8,1.3,토사,False,,
4977,osm,way/1105970406,7,백둔봉,,1.007,,17.6,12.6,토사,False,,
4978,osm,way/1106080399,7,백둔봉,,1.237,,21.7,15.5,,False,,
4979,osm,way/1106080401,7,백둔봉,,4.003,,70.1,50.0,토사,False,,
4980,osm,way/1106080401,7,백둔봉,,0.407,,7.1,5.1,토사,False,,
4981,osm,way/1106080401,7,백둔봉,,1.76,,30.8,22.0,토사,False,,
4982,osm,way/1119924525,7,백둔봉,,1.882,,32.9,23.5,토사,False,,
4983,osm,way/1119924527,7,백둔봉,,0.166,,2.9,2.1,토사,False,,
4984,osm,way/1119924527,7,백둔봉,,0.696,,12.2,8.7,토사,False,,
4985,osm,way/1119924539,7,백둔봉,,1.091,,19.1,13.6,토사,False,,
4986,osm,way/1119924541,7,백둔봉,,3.629,,63.5,45.4,토사,False,,
4987,osm,way/1119924542,7,백둔봉,,1.601,,28.0,20.0,토사,False,,
4988,osm,way/1119924543,7,백둔봉,,1.121,,19.6,14.0,토사,False,,
4989,osm,way/1119924544,7,백둔봉,,2.82,,49.4,35.3,토사,False,,
4990,osm,way/1119924545,7,백둔봉,,0.83,,14.5,10.4,토사,False,,
4991,osm,way/1119924545,7,백둔봉,,0.135,,2.4,1.7,토사,False,,
4992,osm,way/1119924545,7,백둔봉,,1.144,,20.0,14.3,토사,False,,
4993,osm,way/1119924545,7,백둔봉,,1.303,,22.8,16.3,토사,False,,
4994,osm,way/1119924545,7,백둔봉,,1.77,,31.0,22.1,토사,False,,
4995,osm,way/1120255238,7,백둔봉,,0.694,,12.1,8.7,,False,,
4996,osm,way/1120255240,7,백둔봉,,0.47,,8.2,5.9,,False,,
4997,osm,way/1120255241,7,백둔봉,,0.258,,4.5,3.2,,False,,
4998,osm,way/1120255241,7,백둔봉,,0.722,,12.6,9.0,,False,,
4999,osm,way/1120255242,7,백둔봉,,0.534,,9.4,6.7,,False,,
5000,osm,way/1121967118,7,백둔봉,,1.896,,33.2,23.7,토사,False,,
5001,osm,way/1121967121,7,백둔봉,,2.852,,49.9,35.6,토사,False,,
5002,osm,way/1121967123,7,백둔봉,,2.361,,41.3,29.5,토사,False,,
5003,osm,way/1124890281,7,백둔봉,,0.226,,3.9,2.8,,False,,
5004,osm,way/1124890281,7,백둔봉,,1.06,,18.5,13.2,,False,,
5005,osm,way/1124890281,7,백둔봉,,0.067,,1.2,0.8,,False,,
5006,osm,way/1124890281,7,백둔봉,,0.464,,8.1,5.8,,False,,
5007,osm,way/1124890281,7,백둔봉,,0.077,,1.3,1.0,,False,,
5008,osm,way/1124890281,7,백둔봉,,0.041,,0.7,0.5,,False,,
5009,osm,way/1124890281,7,백둔봉,,0.176,,3.1,2.2,,False,,
5010,osm,way/1124890282,7,백둔봉,,1.021,,17.9,12.8,토사,False,,
5011,osm,way/1294883743,7,백둔봉,,0.135,,2.4,1.7,포장,False,,
5012,osm,way/1294883744,7,백둔봉,,1.925,,33.7,24.1,,False,,
5013,osm,way/1294883745,7,백둔봉,,0.049,,0.9,0.6,토사,False,,
5014,osm,way/1294883745,7,백둔봉,,0.195,,3.4,2.4,토사,False,,
5015,osm,way/1412145033,7,백둔봉,,0.009,,0.2,0.1,포장,False,,
5016,osm,way/1412145034,7,백둔봉,,0.061,,1.1,0.8,포장,False,,
5017,osm,way/1412145037,7,백둔봉,,0.033,,0.6,0.4,토사,False,,
5018,osm,way/1412145037,7,백둔봉,,0.12,,2.1,1.5,토사,False,,
5019,osm,way/1412145037,7,백둔봉,,0.101,,1.8,1.3,토사,False,,
5020,osm,way/1412145087,7,백둔봉,,3.378,,59.1,42.2,,False,,
5021,osm,way/1412145088,7,백둔봉,,0.081,,1.4,1.0,,False,,
5022,osm,way/1412145092,7,백둔봉,,0.058,,1.0,0.7,,False,,
5023,osm,way/1412145095,7,백둔봉,,0.265,,4.6,3.3,,False,,
5024,osm,way/1412145097,7,백둔봉,,0.078,,1.4,1.0,,False,,
5025,osm,way/1412999000,7,백둔봉,,0.039,,0.7,0.5,,False,,
5026,osm,way/1412999006,7,백둔봉,,0.029,,0.5,0.4,,False,,
5027,osm,way/1464506568,7,백둔봉,,0.091,,1.6,1.1,,False,,
5028,osm,way/1464506569,7,백둔봉,,0.714,,12.5,8.9,,False,,
5029,osm,way/1464506570,7,백둔봉,,0.036,,0.6,0.5,토사,False,,
5030,osm,way/1464506571,7,백둔봉,,0.971,,17.0,12.1,토사,False,,
5031,osm,way/1464506571,7,백둔봉,,1.117,,19.5,14.0,토사,False,,
5032,osm,way/1464506571,7,백둔봉,,0.146,,2.6,1.8,토사,False,,
5033,osm,way/1464506572,7,백둔봉,,0.19,,3.3,2.4,,False,,
5034,osm,way/505818398,9,석룡산,,4.142,,72.5,51.8,,False,,
5035,osm,way/505818398,9,석룡산,,0.889,,15.6,11.1,,False,,
5036,osm,way/505818398,9,석룡산,,0.31,,5.4,3.9,,False,,
5037,osm,way/505818398,9,석룡산,,0.698,,12.2,8.7,,False,,
5038,osm,way/505818398,9,석룡산,,1.247,,21.8,15.6,,False,,
5039,osm,way/505818398,9,석룡산,,0.929,,16.3,11.6,,False,,
5040,osm,way/505818398,9,석룡산,,0.626,,11.0,7.8,,False,,
5041,osm,way/505818398,9,석룡산,,1.458,,25.5,18.2,,False,,
5042,osm,way/772312420,9,석룡산,,0.237,,4.1,3.0,,False,,
5043,osm,way/772312420,9,석룡산,,2.501,,43.8,31.3,,False,,
5044,osm,way/772312420,9,석룡산,,0.13,,2.3,1.6,,False,,
5045,osm,way/772312420,9,석룡산,,0.012,,0.2,0.2,,False,,
5046,osm,way/772312422,9,석룡산,,0.429,,7.5,5.4,포장,False,,
5047,osm,way/772312422,9,석룡산,,1.833,,32.1,22.9,포장,False,,
5048,osm,way/772704638,9,석룡산,,2.475,,43.3,30.9,,False,,
5049,osm,way/817091100,9,석룡산,,1.163,,20.4,14.5,토사,False,,
5050,osm,way/817091100,9,석룡산,,0.047,,0.8,0.6,토사,False,,
5051,osm,way/817091100,9,석룡산,,0.556,,9.7,7.0,토사,False,,
5052,osm,way/817091100,9,석룡산,,0.058,,1.0,0.7,토사,False,,
5053,osm,way/817091100,9,석룡산,,0.634,,11.1,7.9,토사,False,,
5054,osm,way/817091100,9,석룡산,,1.938,,33.9,24.2,토사,False,,
5055,osm,way/817091101,9,석룡산,,0.233,,4.1,2.9,토사,False,,
5056,osm,way/817091102,9,석룡산,,0.068,,1.2,0.9,토사,False,,
5057,osm,way/817091102,9,석룡산,,0.173,,3.0,2.2,토사,False,,
5058,osm,way/817091102,9,석룡산,,1.289,,22.6,16.1,토사,False,,
5059,osm,way/817091102,9,석룡산,,1.088,,19.0,13.6,토사,False,,
5060,osm,way/817091103,9,석룡산,,0.773,,13.5,9.7,토사,False,,
5061,osm,way/817091104,9,석룡산,,1.477,,25.8,18.5,토사,False,,
5062,osm,way/817091104,9,석룡산,,0.701,,12.3,8.8,토사,False,,
5063,osm,way/817091104,9,석룡산,,0.78,,13.6,9.7,토사,False,,
5064,osm,way/1106526265,9,석룡산,,0.356,,6.2,4.5,토사,False,,
5065,osm,way/1106526265,9,석룡산,,0.326,,5.7,4.1,토사,False,,
5066,osm,way/1106526265,9,석룡산,,0.746,,13.1,9.3,토사,False,,
5067,osm,way/1106526265,9,석룡산,,1.665,,29.1,20.8,토사,False,,
5068,osm,way/1106526265,9,석룡산,,0.546,,9.6,6.8,토사,False,,
5069,osm,way/1119811229,9,석룡산,,0.797,,13.9,10.0,토사,False,,
5070,osm,way/1119811230,9,석룡산,,1.284,,22.5,16.1,토사,False,,
5071,osm,way/1119811231,9,석룡산,,0.36,,6.3,4.5,토사,False,,
5072,osm,way/1119811231,9,석룡산,,0.658,,11.5,8.2,토사,False,,
5073,osm,way/1119811232,9,석룡산,,2.814,,49.2,35.2,토사,False,,
5074,osm,way/1119811232,9,석룡산,,0.026,,0.5,0.3,토사,False,,
5075,osm,way/1119811232,9,석룡산,,1.584,,27.7,19.8,토사,False,,
5076,osm,way/1119811233,9,석룡산,,1.776,,31.1,22.2,토사,False,,
5077,osm,way/1119811234,9,석룡산,,0.041,,0.7,0.5,토사,False,,
5078,osm,way/1119811235,9,석룡산,,0.452,,7.9,5.7,토사,False,,
5079,osm,way/1119811235,9,석룡산,,0.637,,11.1,8.0,토사,False,,
5080,osm,way/1119811236,9,석룡산,,0.521,,9.1,6.5,토사,False,,
5081,osm,way/1119811236,9,석룡산,,0.201,,3.5,2.5,토사,False,,
5082,osm,way/1119811236,9,석룡산,,1.369,,24.0,17.1,토사,False,,
5083,osm,way/1119811237,9,석룡산,,1.012,,17.7,12.7,토사,False,,
5084,osm,way/1119811237,9,석룡산,,0.092,,1.6,1.1,토사,False,,
5085,osm,way/1119811237,9,석룡산,,0.341,,6.0,4.3,토사,False,,
5086,osm,way/1119811237,9,석룡산,,0.525,,9.2,6.6,토사,False,,
5087,osm,way/1119811237,9,석룡산,,0.356,,6.2,4.4,토사,False,,
5088,osm,way/1119811238,9,석룡산,,0.364,,6.4,4.5,토사,False,,
5089,osm,way/1119811238,9,석룡산,,0.864,,15.1,10.8,토사,False,,
5090,osm,way/1119811240,9,석룡산,,0.443,,7.7,5.5,토사,False,,
5091,osm,way/1119811240,9,석룡산,,0.58,,10.2,7.3,토사,False,,
5092,osm,way/1119811240,9,석룡산,,0.825,,14.4,10.3,토사,False,,
5093,osm,way/1119811240,9,석룡산,,0.731,,12.8,9.1,토사,False,,
5094,osm,way/1119811240,9,석룡산,,1.305,,22.8,16.3,토사,False,,
5095,osm,way/1119811240,9,석룡산,,0.559,,9.8,7.0,토사,False,,
5096,osm,way/1119811241,9,석룡산,,1.026,,17.9,12.8,토사,False,,
5097,osm,way/1119811241,9,석룡산,,0.336,,5.9,4.2,토사,False,,
5098,osm,way/1119811241,9,석룡산,,0.707,,12.4,8.8,토사,False,,
5099,osm,way/1119811241,9,석룡산,,0.803,,14.1,10.0,토사,False,,
5100,osm,way/1119850964,9,석룡산,,1.693,,29.6,21.2,토사,False,,
5101,osm,way/1119850965,9,석룡산,,1.099,,19.2,13.7,토사,False,,
5102,osm,way/1119850966,9,석룡산,,1.959,,34.3,24.5,토사,False,,
5103,osm,way/1120253842,9,석룡산,,1.724,,30.2,21.5,토사,False,,
5104,osm,way/1120253843,9,석룡산,,2.543,,44.5,31.8,토사,False,,
5105,osm,way/1120253844,9,석룡산,,0.745,,13.0,9.3,토사,False,,
5106,osm,way/1120253847,9,석룡산,,0.441,,7.7,5.5,토사,False,,
5107,osm,way/1120253847,9,석룡산,,0.818,,14.3,10.2,토사,False,,
5108,osm,way/1120253847,9,석룡산,,0.108,,1.9,1.4,토사,False,,
5109,osm,way/1120253848,9,석룡산,,5.008,,87.6,62.6,,False,,
5110,osm,way/1121967113,9,석룡산,화악산로,0.134,,2.3,1.7,포장,False,,
5111,osm,way/1121967113,9,석룡산,화악산로,0.602,,10.5,7.5,포장,False,,
5112,osm,way/1121967114,9,석룡산,,4.374,,76.5,54.7,토사,False,,
5113,osm,way/1121967115,9,석룡산,,1.855,,32.5,23.2,토사,False,,
5114,osm,way/1121967116,9,석룡산,,2.769,,48.5,34.6,토사,False,,
5115,osm,way/1128360602,9,석룡산,,0.02,,0.4,0.3,,False,,
5116,osm,way/1128360602,9,석룡산,,0.19,,3.3,2.4,,False,,
5117,osm,way/1128360603,9,석룡산,,1.136,,19.9,14.2,토사,False,,
5118,osm,way/1146922136,9,석룡산,,3.198,,56.0,40.0,토사,False,,
5119,osm,way/1293299764,9,석룡산,,0.262,,4.6,3.3,포장,False,,
5120,osm,way/1296149032,9,석룡산,,0.447,,7.8,5.6,,False,,
5121,osm,way/1338497577,9,석룡산,,0.242,,4.2,3.0,,False,,
5122,osm,way/1338497580,9,석룡산,,1.191,,20.9,14.9,,False,,
5123,osm,way/1338497581,9,석룡산,,0.278,,4.9,3.5,,False,,
5124,osm,way/1338497581,9,석룡산,,0.341,,6.0,4.3,,False,,
5125,osm,way/1338497582,9,석룡산,,0.422,,7.4,5.3,,False,,
5126,osm,way/1338497582,9,석룡산,,0.056,,1.0,0.7,,False,,
5127,osm,way/1338497583,9,석룡산,,0.977,,17.1,12.2,,False,,
5128,osm,way/1338497585,9,석룡산,,0.161,,2.8,2.0,,False,,
5129,osm,way/1338497586,9,석룡산,,0.597,,10.5,7.5,,False,,
5130,osm,way/1429218263,9,석룡산,,0.438,,7.7,5.5,,False,,
5131,osm,way/1429218264,9,석룡산,,0.43,,7.5,5.4,토사,False,,
5132,osm,way/44072742,13,칼봉산,,0.78,,13.6,9.7,,False,,
5133,osm,way/44072742,13,칼봉산,,0.383,,6.7,4.8,,False,,
5134,osm,way/44072744,13,칼봉산,,0.147,,2.6,1.8,,False,,
5135,osm,way/44072744,13,칼봉산,,0.022,,0.4,0.3,,False,,
5136,osm,way/44072745,13,칼봉산,,0.626,,10.9,7.8,,False,,
5137,osm,way/44072745,13,칼봉산,,1.213,,21.2,15.2,,False,,
5138,osm,way/44072745,13,칼봉산,,0.23,,4.0,2.9,,False,,
5139,osm,way/44072746,13,칼봉산,,0.017,,0.3,0.2,,False,,
5140,osm,way/104366831,13,칼봉산,,0.4,,7.0,5.0,,False,,
5141,osm,way/104366831,13,칼봉산,,1.762,,30.8,22.0,,False,,
5142,osm,way/104366832,13,칼봉산,,0.66,,11.5,8.2,,False,,
5143,osm,way/104366832,13,칼봉산,,1.973,,34.5,24.7,,False,,
5144,osm,way/104366832,13,칼봉산,,1.494,,26.2,18.7,,False,,
5145,osm,way/104366838,13,칼봉산,,0.524,,9.2,6.5,토사,False,,
5146,osm,way/104366838,13,칼봉산,,0.184,,3.2,2.3,토사,False,,
5147,osm,way/104366838,13,칼봉산,,0.093,,1.6,1.2,토사,False,,
5148,osm,way/104366838,13,칼봉산,,0.009,,0.2,0.1,토사,False,,
5149,osm,way/104366839,13,칼봉산,,1.222,,21.4,15.3,,False,,
5150,osm,way/104366839,13,칼봉산,,1.418,,24.8,17.7,,False,,
5151,osm,way/104366839,13,칼봉산,,0.797,,13.9,10.0,,False,,
5152,osm,way/104366840,13,칼봉산,,3.086,,54.0,38.6,,False,,
5153,osm,way/104366842,13,칼봉산,,2.756,,48.2,34.5,,False,,
5154,osm,way/104366843,13,칼봉산,,0.006,,0.1,0.1,,False,,
5155,osm,way/104366843,13,칼봉산,,0.403,,7.0,5.0,,False,,
5156,osm,way/104366843,13,칼봉산,,1.03,,18.0,12.9,,False,,
5157,osm,way/104366843,13,칼봉산,,0.128,,2.2,1.6,,False,,
5158,osm,way/153035860,13,칼봉산,칼봉산1코스,0.273,,4.8,3.4,unpaved,False,,
5159,osm,way/153035861,13,칼봉산,칼봉산1코스,0.263,,4.6,3.3,unpaved,False,,
5160,osm,way/153035862,13,칼봉산,칼봉산2코스,0.097,,1.7,1.2,unpaved,False,,
5161,osm,way/153035862,13,칼봉산,칼봉산2코스,0.149,,2.6,1.9,unpaved,False,,
5162,osm,way/153035862,13,칼봉산,칼봉산2코스,0.873,,15.3,10.9,unpaved,False,,
5163,osm,way/153035863,13,칼봉산,,0.045,,0.8,0.6,,False,,
5164,osm,way/153035863,13,칼봉산,,0.061,,1.1,0.8,,False,,
5165,osm,way/153035863,13,칼봉산,,0.337,,5.9,4.2,,False,,
5166,osm,way/153035863,13,칼봉산,,0.326,,5.7,4.1,,False,,
5167,osm,way/153035863,13,칼봉산,,0.04,,0.7,0.5,,False,,
5168,osm,way/153035864,13,칼봉산,칼봉산1코스,0.083,,1.5,1.0,unpaved,False,,
5169,osm,way/153035864,13,칼봉산,칼봉산1코스,0.287,,5.0,3.6,unpaved,False,,
5170,osm,way/153035864,13,칼봉산,칼봉산1코스,0.361,,6.3,4.5,unpaved,False,,
5171,osm,way/153035865,13,칼봉산,,0.279,,4.9,3.5,unpaved,False,,
5172,osm,way/153035865,13,칼봉산,,0.437,,7.6,5.5,unpaved,False,,
5173,osm,way/153035865,13,칼봉산,,0.69,,12.1,8.6,unpaved,False,,
5174,osm,way/153035868,13,칼봉산,매봉산코스,0.437,,7.6,5.5,unpaved,False,,
5175,osm,way/153035869,13,칼봉산,매봉산코스,0.005,,0.1,0.1,unpaved,False,,
5176,osm,way/153035869,13,칼봉산,매봉산코스,0.847,,14.8,10.6,unpaved,False,,
5177,osm,way/153135891,13,칼봉산,칼봉산1코스,0.727,,12.7,9.1,토사,False,,
5178,osm,way/153135891,13,칼봉산,칼봉산1코스,0.38,,6.6,4.7,토사,False,,
5179,osm,way/583649262,13,칼봉산,,2.34,,40.9,29.2,,False,,
5180,osm,way/583649262,13,칼봉산,,2.865,,50.1,35.8,,False,,
5181,osm,way/583649262,13,칼봉산,,0.275,,4.8,3.4,,False,,
5182,osm,way/583649262,13,칼봉산,,1.419,,24.8,17.7,,False,,
5183,osm,way/583649262,13,칼봉산,,0.042,,0.7,0.5,,False,,
5184,osm,way/583649262,13,칼봉산,,1.755,,30.7,21.9,,False,,
5185,osm,way/583649262,13,칼봉산,,1.9,,33.2,23.7,,False,,
5186,osm,way/583649262,13,칼봉산,,0.33,,5.8,4.1,,False,,
5187,osm,way/583649262,13,칼봉산,,0.032,,0.6,0.4,,False,,
5188,osm,way/702888647,13,칼봉산,,0.241,,4.2,3.0,토사,False,,
5189,osm,way/702888647,13,칼봉산,,0.15,,2.6,1.9,토사,False,,
5190,osm,way/702888647,13,칼봉산,,0.249,,4.4,3.1,토사,False,,
5191,osm,way/702888647,13,칼봉산,,0.045,,0.8,0.6,토사,False,,
5192,osm,way/702888647,13,칼봉산,,4.307,,75.4,53.8,토사,False,,
5193,osm,way/702888649,13,칼봉산,용추로,0.836,,14.6,10.4,,False,,
5194,osm,way/702888649,13,칼봉산,용추로,0.368,,6.4,4.6,,False,,
5195,osm,way/817118685,13,칼봉산,,1.155,,20.2,14.4,,False,,
5196,osm,way/817118688,13,칼봉산,,0.009,,0.2,0.1,,False,,
5197,osm,way/817118689,13,칼봉산,,0.016,,0.3,0.2,,False,,
5198,osm,way/817118690,13,칼봉산,,5.102,,89.3,63.8,,False,,
5199,osm,way/817118690,13,칼봉산,,0.287,,5.0,3.6,,False,,
5200,osm,way/1032035633,13,칼봉산,,1.942,,34.0,24.3,,False,,
5201,osm,way/1032035633,13,칼봉산,,0.815,,14.3,10.2,,False,,
5202,osm,way/1032035633,13,칼봉산,,0.364,,6.4,4.5,,False,,
5203,osm,way/1094391600,13,칼봉산,,0.73,,12.8,9.1,,False,,
5204,osm,way/1094391600,13,칼봉산,,2.252,,39.4,28.1,,False,,
5205,osm,way/1094391600,13,칼봉산,,0.107,,1.9,1.3,,False,,
5206,osm,way/1094391600,13,칼봉산,,3.513,,61.5,43.9,,False,,
5207,osm,way/1094391600,13,칼봉산,,1.709,,29.9,21.4,,False,,
5208,osm,way/1106080399,13,칼봉산,,1.237,,21.7,15.5,,False,,
5209,osm,way/1106080401,13,칼봉산,,3.174,,55.5,39.7,토사,False,,
5210,osm,way/1106080401,13,칼봉산,,0.829,,14.5,10.4,토사,False,,
5211,osm,way/1106080401,13,칼봉산,,0.407,,7.1,5.1,토사,False,,
5212,osm,way/1106080401,13,칼봉산,,1.76,,30.8,22.0,토사,False,,
5213,osm,way/1106084163,13,칼봉산,,1.201,,21.0,15.0,,False,,
5214,osm,way/1106084164,13,칼봉산,,0.925,,16.2,11.6,,False,,
5215,osm,way/1106084165,13,칼봉산,,0.243,,4.3,3.0,,False,,
5216,osm,way/1106084165,13,칼봉산,,1.265,,22.1,15.8,,False,,
5217,osm,way/1106084165,13,칼봉산,,1.221,,21.4,15.3,,False,,
5218,osm,way/1106084166,13,칼봉산,,2.041,,35.7,25.5,,False,,
5219,osm,way/1106084166,13,칼봉산,,0.012,,0.2,0.1,,False,,
5220,osm,way/1106084167,13,칼봉산,,0.309,,5.4,3.9,,False,,
5221,osm,way/1106084167,13,칼봉산,,0.003,,0.1,0.0,,False,,
5222,osm,way/1106088007,13,칼봉산,용추로,0.299,,5.2,3.7,,False,,
5223,osm,way/1106088008,13,칼봉산,용추로,0.017,,0.3,0.2,,False,,
5224,osm,way/1106088009,13,칼봉산,용추로,0.107,,1.9,1.3,,False,,
5225,osm,way/1106088010,13,칼봉산,용추로,0.016,,0.3,0.2,,False,,
5226,osm,way/1106092961,13,칼봉산,,0.365,,6.4,4.6,토사,False,,
5227,osm,way/1106092961,13,칼봉산,,0.181,,3.2,2.3,토사,False,,
5228,osm,way/1106092961,13,칼봉산,,2.783,,48.7,34.8,토사,False,,
5229,osm,way/1106092961,13,칼봉산,,1.608,,28.1,20.1,토사,False,,
5230,osm,way/1119924513,13,칼봉산,,1.829,,32.0,22.9,토사,False,,
5231,osm,way/1119924514,13,칼봉산,,1.748,,30.6,21.8,토사,False,,
5232,osm,way/1119924515,13,칼봉산,,1.264,,22.1,15.8,토사,False,,
5233,osm,way/1119924515,13,칼봉산,,0.688,,12.0,8.6,토사,False,,
5234,osm,way/1119924515,13,칼봉산,,0.055,,1.0,0.7,토사,False,,
5235,osm,way/1119924519,13,칼봉산,,1.766,,30.9,22.1,토사,False,,
5236,osm,way/1119924519,13,칼봉산,,1.227,,21.5,15.3,토사,False,,
5237,osm,way/1119924519,13,칼봉산,,0.538,,9.4,6.7,토사,False,,
5238,osm,way/1119924520,13,칼봉산,,1.319,,23.1,16.5,토사,False,,
5239,osm,way/1119924521,13,칼봉산,,1.222,,21.4,15.3,토사,False,,
5240,osm,way/1119924521,13,칼봉산,,0.076,,1.3,1.0,토사,False,,
5241,osm,way/1119924521,13,칼봉산,,1.401,,24.5,17.5,토사,False,,
5242,osm,way/1119924522,13,칼봉산,,0.837,,14.7,10.5,토사,False,,
5243,osm,way/1119924522,13,칼봉산,,0.628,,11.0,7.9,토사,False,,
5244,osm,way/1119924525,13,칼봉산,,1.882,,32.9,23.5,토사,False,,
5245,osm,way/1119924527,13,칼봉산,,0.166,,2.9,2.1,토사,False,,
5246,osm,way/1119924527,13,칼봉산,,0.696,,12.2,8.7,토사,False,,
5247,osm,way/1119924528,13,칼봉산,,2.143,,37.5,26.8,토사,False,,
5248,osm,way/1119924529,13,칼봉산,,0.285,,5.0,3.6,토사,False,,
5249,osm,way/1119924529,13,칼봉산,,0.489,,8.6,6.1,토사,False,,
5250,osm,way/1119924530,13,칼봉산,,0.335,,5.9,4.2,토사,False,,
5251,osm,way/1119924530,13,칼봉산,,2.223,,38.9,27.8,토사,False,,
5252,osm,way/1119924531,13,칼봉산,,1.402,,24.5,17.5,토사,False,,
5253,osm,way/1119924531,13,칼봉산,,0.196,,3.4,2.4,토사,False,,
5254,osm,way/1119924531,13,칼봉산,,1.304,,22.8,16.3,토사,False,,
5255,osm,way/1119924532,13,칼봉산,,1.567,,27.4,19.6,토사,False,,
5256,osm,way/1119924533,13,칼봉산,,1.021,,17.9,12.8,토사,False,,
5257,osm,way/1119924534,13,칼봉산,,1.826,,32.0,22.8,,False,,
5258,osm,way/1119924536,13,칼봉산,,1.396,,24.4,17.5,토사,False,,
5259,osm,way/1119924537,13,칼봉산,,1.32,,23.1,16.5,토사,False,,
5260,osm,way/1119924538,13,칼봉산,,1.114,,19.5,13.9,토사,False,,
5261,osm,way/1119924539,13,칼봉산,,1.091,,19.1,13.6,토사,False,,
5262,osm,way/1119924540,13,칼봉산,,1.266,,22.2,15.8,토사,False,,
5263,osm,way/1121967117,13,칼봉산,,0.733,,12.8,9.2,토사,False,,
5264,osm,way/1121967117,13,칼봉산,,0.674,,11.8,8.4,토사,False,,
5265,osm,way/1121967118,13,칼봉산,,1.896,,33.2,23.7,토사,False,,
5266,osm,way/1121967122,13,칼봉산,,1.094,,19.2,13.7,토사,False,,
5267,osm,way/1121967122,13,칼봉산,,0.82,,14.3,10.2,토사,False,,
5268,osm,way/1121967123,13,칼봉산,,2.361,,41.3,29.5,토사,False,,
5269,osm,way/1122085500,13,칼봉산,,0.311,,5.4,3.9,토사,False,,
5270,osm,way/1122085500,13,칼봉산,,0.606,,10.6,7.6,토사,False,,
5271,osm,way/1122085501,13,칼봉산,,0.551,,9.6,6.9,토사,False,,
5272,osm,way/1124890281,13,칼봉산,,0.212,,3.7,2.7,,False,,
5273,osm,way/1124890281,13,칼봉산,,0.013,,0.2,0.2,,False,,
5274,osm,way/1124890281,13,칼봉산,,0.091,,1.6,1.1,,False,,
5275,osm,way/1124890281,13,칼봉산,,0.969,,17.0,12.1,,False,,
5276,osm,way/1124890281,13,칼봉산,,0.067,,1.2,0.8,,False,,
5277,osm,way/1124890281,13,칼봉산,,0.464,,8.1,5.8,,False,,
5278,osm,way/1124890281,13,칼봉산,,0.077,,1.3,1.0,,False,,
5279,osm,way/1124890281,13,칼봉산,,0.041,,0.7,0.5,,False,,
5280,osm,way/1124890281,13,칼봉산,,0.176,,3.1,2.2,,False,,
5281,osm,way/1168429534,13,칼봉산,,2.638,,46.2,33.0,,False,,
5282,osm,way/1203006846,13,칼봉산,,0.164,,2.9,2.1,포장,False,,
5283,osm,way/1203006862,13,칼봉산,,0.014,,0.2,0.2,,False,,
5284,osm,way/1213206657,13,칼봉산,,0.243,,4.3,3.0,토사,False,,
5285,osm,way/1213206669,13,칼봉산,,0.426,,7.5,5.3,토사,False,,
5286,osm,way/1213206670,13,칼봉산,,0.808,,14.1,10.1,토사,False,,
5287,osm,way/1214445326,13,칼봉산,,1.332,,23.3,16.7,토사,False,,
5288,osm,way/1214447765,13,칼봉산,,0.025,,0.4,0.3,,False,,
5289,osm,way/1294883743,13,칼봉산,,0.135,,2.4,1.7,포장,False,,
5290,osm,way/1294883744,13,칼봉산,,1.925,,33.7,24.1,,False,,
5291,osm,way/1294883745,13,칼봉산,,0.049,,0.9,0.6,토사,False,,
5292,osm,way/1294883745,13,칼봉산,,0.195,,3.4,2.4,토사,False,,
5293,osm,way/1294883746,13,칼봉산,,1.303,,22.8,16.3,,False,,
5294,osm,way/1294883747,13,칼봉산,,0.049,,0.9,0.6,,False,,
5295,osm,way/1412145031,13,칼봉산,용추로,0.353,,6.2,4.4,,False,,
5296,osm,way/1412145032,13,칼봉산,용추로,0.023,,0.4,0.3,,False,,
5297,osm,way/1412145033,13,칼봉산,,0.009,,0.2,0.1,포장,False,,
5298,osm,way/1412145034,13,칼봉산,,0.061,,1.1,0.8,포장,False,,
5299,osm,way/1412145037,13,칼봉산,,0.033,,0.6,0.4,토사,False,,
5300,osm,way/1412145037,13,칼봉산,,0.12,,2.1,1.5,토사,False,,
5301,osm,way/1412145037,13,칼봉산,,0.101,,1.8,1.3,토사,False,,
5302,osm,way/1412145087,13,칼봉산,,3.378,,59.1,42.2,,False,,
5303,osm,way/1412145088,13,칼봉산,,0.081,,1.4,1.0,,False,,
5304,osm,way/1412145092,13,칼봉산,,0.058,,1.0,0.7,,False,,
5305,osm,way/1412145095,13,칼봉산,,0.265,,4.6,3.3,,False,,
5306,osm,way/1412145097,13,칼봉산,,0.078,,1.4,1.0,,False,,
5307,osm,way/1412999003,13,칼봉산,,0.066,,1.1,0.8,,False,,
5308,osm,way/1412999004,13,칼봉산,,0.215,,3.8,2.7,,False,,
5309,osm,way/1412999005,13,칼봉산,,0.352,,6.2,4.4,,False,,
5310,osm,way/1412999006,13,칼봉산,,0.029,,0.5,0.4,,False,,
5311,osm,way/1464506568,13,칼봉산,,0.091,,1.6,1.1,,False,,
5312,osm,way/1464506569,13,칼봉산,,0.714,,12.5,8.9,,False,,
5313,osm,way/1464506570,13,칼봉산,,0.036,,0.6,0.5,토사,False,,
5314,osm,way/1464506571,13,칼봉산,,0.971,,17.0,12.1,토사,False,,
5315,osm,way/1464506571,13,칼봉산,,1.117,,19.5,14.0,토사,False,,
5316,osm,way/1464506571,13,칼봉산,,0.146,,2.6,1.8,토사,False,,
5317,osm,way/1464506572,13,칼봉산,,0.19,,3.3,2.4,,False,,
5318,osm,way/547936155,16,앵봉산 (서울/경기),,0.156,,2.7,1.9,토사,False,,
5319,osm,way/547936155,16,앵봉산 (서울/경기),,0.235,,4.1,2.9,토사,False,,
5320,osm,way/547936155,16,앵봉산 (서울/경기),,0.362,,6.3,4.5,토사,False,,
5321,osm,way/547936155,16,앵봉산 (서울/경기),,0.183,,3.2,2.3,토사,False,,
5322,osm,way/547936155,16,앵봉산 (서울/경기),,0.07,,1.2,0.9,토사,False,,
5323,osm,way/547936155,16,앵봉산 (서울/경기),,0.184,,3.2,2.3,토사,False,,
5324,osm,way/547936155,16,앵봉산 (서울/경기),,0.056,,1.0,0.7,토사,False,,
5325,osm,way/547936155,16,앵봉산 (서울/경기),,0.041,,0.7,0.5,토사,False,,
5326,osm,way/547936155,16,앵봉산 (서울/경기),,0.095,,1.7,1.2,토사,False,,
5327,osm,way/547936155,16,앵봉산 (서울/경기),,0.365,,6.4,4.6,토사,False,,
5328,osm,way/547936155,16,앵봉산 (서울/경기),,0.21,,3.7,2.6,토사,False,,
5329,osm,way/547936155,16,앵봉산 (서울/경기),,0.023,,0.4,0.3,토사,False,,
5330,osm,way/547936155,16,앵봉산 (서울/경기),,0.326,,5.7,4.1,토사,False,,
5331,osm,way/547936155,16,앵봉산 (서울/경기),,0.097,,1.7,1.2,토사,False,,
5332,osm,way/547936155,16,앵봉산 (서울/경기),,0.127,,2.2,1.6,토사,False,,
5333,osm,way/547936155,16,앵봉산 (서울/경기),,0.03,,0.5,0.4,토사,False,,
5334,osm,way/547936155,16,앵봉산 (서울/경기),,0.201,,3.5,2.5,토사,False,,
5335,osm,way/547936155,16,앵봉산 (서울/경기),,0.04,,0.7,0.5,토사,False,,
5336,osm,way/547936155,16,앵봉산 (서울/경기),,0.185,,3.2,2.3,토사,False,,
5337,osm,way/547936155,16,앵봉산 (서울/경기),,0.155,,2.7,1.9,토사,False,,
5338,osm,way/1211573465,16,앵봉산 (서울/경기),,0.092,,1.6,1.2,토사,False,,
5339,osm,way/1211573465,16,앵봉산 (서울/경기),,0.119,,2.1,1.5,토사,False,,
5340,osm,way/1211573465,16,앵봉산 (서울/경기),,0.073,,1.3,0.9,토사,False,,
5341,osm,way/1211573465,16,앵봉산 (서울/경기),,0.017,,0.3,0.2,토사,False,,
5342,osm,way/1211573465,16,앵봉산 (서울/경기),,0.031,,0.5,0.4,토사,False,,
5343,osm,way/1211573466,16,앵봉산 (서울/경기),,0.16,,2.8,2.0,,False,,
5344,osm,way/1211573466,16,앵봉산 (서울/경기),,0.135,,2.4,1.7,,False,,
5345,osm,way/1211573466,16,앵봉산 (서울/경기),,0.035,,0.6,0.4,,False,,
5346,osm,way/1211573466,16,앵봉산 (서울/경기),,0.063,,1.1,0.8,,False,,
5347,osm,way/1211573466,16,앵봉산 (서울/경기),,0.09,,1.6,1.1,,False,,
5348,osm,way/1211573467,16,앵봉산 (서울/경기),,0.3,,5.2,3.7,,False,,
5349,osm,way/1211573467,16,앵봉산 (서울/경기),,0.05,,0.9,0.6,,False,,
5350,osm,way/1253847995,16,앵봉산 (서울/경기),,0.173,,3.0,2.2,,False,,
5351,osm,way/1253847996,16,앵봉산 (서울/경기),,0.102,,1.8,1.3,,False,,
5352,osm,way/1253847997,16,앵봉산 (서울/경기),,0.284,,5.0,3.5,,False,,
5353,osm,way/1253847998,16,앵봉산 (서울/경기),,0.071,,1.2,0.9,,False,,
5354,osm,way/1253847999,16,앵봉산 (서울/경기),,0.102,,1.8,1.3,,False,,
5355,osm,way/1253848000,16,앵봉산 (서울/경기),,0.057,,1.0,0.7,,False,,
5356,osm,way/1253848001,16,앵봉산 (서울/경기),,0.177,,3.1,2.2,,False,,
5357,osm,way/1253848002,16,앵봉산 (서울/경기),,0.327,,5.7,4.1,,False,,
5358,osm,way/1253848003,16,앵봉산 (서울/경기),,0.018,,0.3,0.2,,False,,
5359,osm,way/1253848004,16,앵봉산 (서울/경기),,0.044,,0.8,0.5,,False,,
5360,osm,way/1253848005,16,앵봉산 (서울/경기),,0.038,,0.7,0.5,,False,,
5361,osm,way/1253848006,16,앵봉산 (서울/경기),,0.083,,1.5,1.0,,False,,
5362,osm,way/1253848007,16,앵봉산 (서울/경기),,0.137,,2.4,1.7,,False,,
5363,osm,way/1253848008,16,앵봉산 (서울/경기),,0.151,,2.6,1.9,,False,,
5364,osm,way/1253848009,16,앵봉산 (서울/경기),,0.035,,0.6,0.4,,False,,
5365,osm,way/1253848010,16,앵봉산 (서울/경기),,0.036,,0.6,0.5,,False,,
5366,osm,way/1253848011,16,앵봉산 (서울/경기),,0.053,,0.9,0.7,,False,,
5367,osm,way/1253848011,16,앵봉산 (서울/경기),,0.058,,1.0,0.7,,False,,
5368,osm,way/1253848012,16,앵봉산 (서울/경기),,0.185,,3.2,2.3,,False,,
5369,osm,way/1253848013,16,앵봉산 (서울/경기),,0.125,,2.2,1.6,,False,,
5370,osm,way/1253848014,16,앵봉산 (서울/경기),,0.133,,2.3,1.7,,False,,
5371,osm,way/1253848015,16,앵봉산 (서울/경기),,0.051,,0.9,0.6,,False,,
5372,osm,way/1253848016,16,앵봉산 (서울/경기),,0.203,,3.6,2.5,,False,,
5373,osm,way/1253848017,16,앵봉산 (서울/경기),,0.062,,1.1,0.8,,False,,
5374,osm,way/1253848018,16,앵봉산 (서울/경기),,0.054,,0.9,0.7,,False,,
5375,osm,way/1253848019,16,앵봉산 (서울/경기),,0.195,,3.4,2.4,,False,,
5376,osm,way/1253848020,16,앵봉산 (서울/경기),,0.131,,2.3,1.6,,False,,
5377,osm,way/1253848020,16,앵봉산 (서울/경기),,0.008,,0.1,0.1,,False,,
5378,osm,way/1253848021,16,앵봉산 (서울/경기),,0.115,,2.0,1.4,,False,,
5379,osm,way/1253848022,16,앵봉산 (서울/경기),,0.082,,1.4,1.0,,False,,
5380,osm,way/1253848023,16,앵봉산 (서울/경기),,0.201,,3.5,2.5,,False,,
5381,osm,way/1253848024,16,앵봉산 (서울/경기),,0.038,,0.7,0.5,,False,,
5382,osm,way/1253848025,16,앵봉산 (서울/경기),,0.106,,1.9,1.3,,False,,
5383,osm,way/1253848025,16,앵봉산 (서울/경기),,0.006,,0.1,0.1,,False,,
5384,osm,way/1253848026,16,앵봉산 (서울/경기),,0.181,,3.2,2.3,,False,,
5385,osm,way/1253848027,16,앵봉산 (서울/경기),,0.029,,0.5,0.4,,False,,
5386,osm,way/1253848028,16,앵봉산 (서울/경기),,0.242,,4.2,3.0,,False,,
5387,osm,way/1253848029,16,앵봉산 (서울/경기),,0.058,,1.0,0.7,,False,,
5388,osm,way/1253848030,16,앵봉산 (서울/경기),,0.307,,5.4,3.8,,False,,
5389,osm,way/1253848031,16,앵봉산 (서울/경기),,0.085,,1.5,1.1,,False,,
5390,osm,way/1253848032,16,앵봉산 (서울/경기),,0.096,,1.7,1.2,,False,,
5391,osm,way/1253848033,16,앵봉산 (서울/경기),,0.322,,5.6,4.0,,False,,
5392,osm,way/1253848034,16,앵봉산 (서울/경기),,0.047,,0.8,0.6,,False,,
5393,osm,way/1253848035,16,앵봉산 (서울/경기),,0.056,,1.0,0.7,,False,,
5394,osm,way/1253848036,16,앵봉산 (서울/경기),,0.02,,0.4,0.3,,False,,
5395,osm,way/1253848037,16,앵봉산 (서울/경기),,0.02,,0.3,0.2,,False,,
5396,osm,way/1253848038,16,앵봉산 (서울/경기),,0.04,,0.7,0.5,,False,,
5397,osm,way/1253848039,16,앵봉산 (서울/경기),,0.066,,1.2,0.8,,False,,
5398,osm,way/1253851606,16,앵봉산 (서울/경기),,0.03,,0.5,0.4,토사,False,,
5399,osm,way/1253851607,16,앵봉산 (서울/경기),,0.121,,2.1,1.5,토사,False,,
5400,osm,way/1253851608,16,앵봉산 (서울/경기),,0.169,,3.0,2.1,토사,False,,
5401,osm,way/1253851609,16,앵봉산 (서울/경기),,0.077,,1.3,1.0,토사,False,,
5402,osm,way/1253851610,16,앵봉산 (서울/경기),,0.09,,1.6,1.1,토사,False,,
5403,osm,way/1253851611,16,앵봉산 (서울/경기),,0.078,,1.4,1.0,토사,False,,
5404,osm,way/1253851612,16,앵봉산 (서울/경기),,0.081,,1.4,1.0,토사,False,,
5405,osm,way/1253851613,16,앵봉산 (서울/경기),,0.039,,0.7,0.5,,False,,
5406,osm,way/1253851614,16,앵봉산 (서울/경기),,0.18,,3.2,2.3,토사,False,,
5407,osm,way/1253851615,16,앵봉산 (서울/경기),,0.031,,0.5,0.4,,False,,
5408,osm,way/1253851615,16,앵봉산 (서울/경기),,0.128,,2.2,1.6,,False,,
5409,osm,way/1253851616,16,앵봉산 (서울/경기),,0.126,,2.2,1.6,,False,,
5410,osm,way/1253851617,16,앵봉산 (서울/경기),,0.024,,0.4,0.3,,False,,
5411,osm,way/1253851618,16,앵봉산 (서울/경기),,0.3,,5.2,3.7,,False,,
5412,osm,way/1253851618,16,앵봉산 (서울/경기),,0.066,,1.2,0.8,,False,,
5413,osm,way/1253851619,16,앵봉산 (서울/경기),,0.003,,0.1,0.0,,False,,
5414,osm,way/1253851619,16,앵봉산 (서울/경기),,0.098,,1.7,1.2,,False,,
5415,osm,way/1253851620,16,앵봉산 (서울/경기),,0.106,,1.9,1.3,,False,,
5416,osm,way/1253851621,16,앵봉산 (서울/경기),,0.058,,1.0,0.7,,False,,
5417,osm,way/1253851622,16,앵봉산 (서울/경기),,0.111,,1.9,1.4,,False,,
5418,osm,way/1253851623,16,앵봉산 (서울/경기),,0.029,,0.5,0.4,,False,,
5419,osm,way/1253851624,16,앵봉산 (서울/경기),,0.018,,0.3,0.2,,False,,
5420,osm,way/1253851625,16,앵봉산 (서울/경기),,0.094,,1.6,1.2,,False,,
5421,osm,way/1253851626,16,앵봉산 (서울/경기),,0.058,,1.0,0.7,,False,,
5422,osm,way/1253851627,16,앵봉산 (서울/경기),,0.058,,1.0,0.7,,False,,
5423,osm,way/1253851628,16,앵봉산 (서울/경기),,0.032,,0.6,0.4,,False,,
5424,osm,way/1253851629,16,앵봉산 (서울/경기),,0.054,,0.9,0.7,,False,,
5425,osm,way/1253851630,16,앵봉산 (서울/경기),,0.134,,2.3,1.7,,False,,
5426,osm,way/1253851631,16,앵봉산 (서울/경기),,0.195,,3.4,2.4,,False,,
5427,osm,way/1253851632,16,앵봉산 (서울/경기),,0.09,,1.6,1.1,,False,,
5428,osm,way/1253851633,16,앵봉산 (서울/경기),,0.058,,1.0,0.7,,False,,
5429,osm,way/1253851634,16,앵봉산 (서울/경기),,0.065,,1.1,0.8,,False,,
5430,osm,way/1373215493,16,앵봉산 (서울/경기),,0.076,,1.3,1.0,,False,,
5431,osm,way/1373215494,16,앵봉산 (서울/경기),,0.048,,0.8,0.6,,False,,
5432,osm,way/1373215494,16,앵봉산 (서울/경기),,0.022,,0.4,0.3,,False,,
5433,osm,way/1373215495,16,앵봉산 (서울/경기),,0.314,,5.5,3.9,,False,,
5434,osm,way/1373215496,16,앵봉산 (서울/경기),,0.118,,2.1,1.5,,False,,
5435,osm,way/1373215497,16,앵봉산 (서울/경기),,0.089,,1.6,1.1,,False,,
5436,osm,way/1373215497,16,앵봉산 (서울/경기),,0.241,,4.2,3.0,,False,,
5437,osm,way/1373215498,16,앵봉산 (서울/경기),,0.502,,8.8,6.3,,False,,
5438,osm,way/290275230,25,청량산 (서울/경기),,0.039,,0.7,0.5,,False,,
5439,osm,way/290275230,25,청량산 (서울/경기),,0.018,,0.3,0.2,,False,,
5440,osm,way/290275230,25,청량산 (서울/경기),,0.062,,1.1,0.8,,False,,
5441,osm,way/290275230,25,청량산 (서울/경기),,0.025,,0.4,0.3,,False,,
5442,osm,way/290275230,25,청량산 (서울/경기),,0.484,,8.5,6.1,,False,,
5443,osm,way/290275230,25,청량산 (서울/경기),,0.067,,1.2,0.8,,False,,
5444,osm,way/290275230,25,청량산 (서울/경기),,0.202,,3.5,2.5,,False,,
5445,osm,way/290275230,25,청량산 (서울/경기),,4.361,,76.3,54.5,,False,,
5446,osm,way/458178353,25,청량산 (서울/경기),,0.035,,0.6,0.4,,False,,
5447,osm,way/458178353,25,청량산 (서울/경기),,0.603,,10.6,7.5,,False,,
5448,osm,way/468685674,25,청량산 (서울/경기),,0.086,,1.5,1.1,,False,,
5449,osm,way/468685675,25,청량산 (서울/경기),,0.028,,0.5,0.4,,False,,
5450,osm,way/468685675,25,청량산 (서울/경기),,0.024,,0.4,0.3,,False,,
5451,osm,way/468685676,25,청량산 (서울/경기),,0.104,,1.8,1.3,,False,,
5452,osm,way/468685677,25,청량산 (서울/경기),,0.108,,1.9,1.4,,False,,
5453,osm,way/468685678,25,청량산 (서울/경기),,0.021,,0.4,0.3,,False,,
5454,osm,way/468685678,25,청량산 (서울/경기),,0.119,,2.1,1.5,,False,,
5455,osm,way/468685678,25,청량산 (서울/경기),,0.534,,9.3,6.7,,False,,
5456,osm,way/482750992,25,청량산 (서울/경기),위례둘레길,0.215,,3.8,2.7,,False,,
5457,osm,way/482750992,25,청량산 (서울/경기),위례둘레길,0.173,,3.0,2.2,,False,,
5458,osm,way/482750992,25,청량산 (서울/경기),위례둘레길,0.223,,3.9,2.8,,False,,
5459,osm,way/482750992,25,청량산 (서울/경기),위례둘레길,0.049,,0.8,0.6,,False,,
5460,osm,way/482750992,25,청량산 (서울/경기),위례둘레길,0.237,,4.1,3.0,,False,,
5461,osm,way/482750992,25,청량산 (서울/경기),위례둘레길,0.739,,12.9,9.2,,False,,
5462,osm,way/482750992,25,청량산 (서울/경기),위례둘레길,0.363,,6.4,4.5,,False,,
5463,osm,way/482750992,25,청량산 (서울/경기),위례둘레길,5.388,,94.3,67.4,,False,,
5464,osm,way/482755188,25,청량산 (서울/경기),,0.372,,6.5,4.6,,False,,
5465,osm,way/572743518,25,청량산 (서울/경기),,0.195,,3.4,2.4,,False,,
5466,osm,way/572743521,25,청량산 (서울/경기),,0.248,,4.3,3.1,,False,,
5467,osm,way/572743521,25,청량산 (서울/경기),,0.518,,9.1,6.5,,False,,
5468,osm,way/572743522,25,청량산 (서울/경기),,0.005,,0.1,0.1,,False,,
5469,osm,way/572743522,25,청량산 (서울/경기),,0.083,,1.5,1.0,,False,,
5470,osm,way/572743522,25,청량산 (서울/경기),,0.001,,0.0,0.0,,False,,
5471,osm,way/572743522,25,청량산 (서울/경기),,0.14,,2.4,1.7,,False,,
5472,osm,way/572743523,25,청량산 (서울/경기),,2.582,,45.2,32.3,,False,,
5473,osm,way/648625117,25,청량산 (서울/경기),남한산성순환코스,0.583,,10.2,7.3,포장,False,,
5474,osm,way/648625117,25,청량산 (서울/경기),남한산성순환코스,0.073,,1.3,0.9,포장,False,,
5475,osm,way/648625117,25,청량산 (서울/경기),남한산성순환코스,0.374,,6.6,4.7,포장,False,,
5476,osm,way/648625117,25,청량산 (서울/경기),남한산성순환코스,0.039,,0.7,0.5,포장,False,,
5477,osm,way/648625117,25,청량산 (서울/경기),남한산성순환코스,0.35,,6.1,4.4,포장,False,,
5478,osm,way/648625117,25,청량산 (서울/경기),남한산성순환코스,0.044,,0.8,0.5,포장,False,,
5479,osm,way/648625117,25,청량산 (서울/경기),남한산성순환코스,0.06,,1.0,0.7,포장,False,,
5480,osm,way/648625117,25,청량산 (서울/경기),남한산성순환코스,0.036,,0.6,0.5,포장,False,,
5481,osm,way/648625117,25,청량산 (서울/경기),남한산성순환코스,0.091,,1.6,1.1,포장,False,,
5482,osm,way/648625117,25,청량산 (서울/경기),남한산성순환코스,0.435,,7.6,5.4,포장,False,,
5483,osm,way/648625117,25,청량산 (서울/경기),남한산성순환코스,0.242,,4.2,3.0,포장,False,,
5484,osm,way/648625117,25,청량산 (서울/경기),남한산성순환코스,0.398,,7.0,5.0,포장,False,,
5485,osm,way/648625117,25,청량산 (서울/경기),남한산성순환코스,0.293,,5.1,3.7,포장,False,,
5486,osm,way/648625117,25,청량산 (서울/경기),남한산성순환코스,0.032,,0.6,0.4,포장,False,,
5487,osm,way/648625117,25,청량산 (서울/경기),남한산성순환코스,0.052,,0.9,0.7,포장,False,,
5488,osm,way/652498964,25,청량산 (서울/경기),,0.646,,11.3,8.1,,False,,
5489,osm,way/652498964,25,청량산 (서울/경기),,0.382,,6.7,4.8,,False,,
5490,osm,way/652498964,25,청량산 (서울/경기),,0.205,,3.6,2.6,,False,,
5491,osm,way/652498964,25,청량산 (서울/경기),,0.677,,11.8,8.5,,False,,
5492,osm,way/652498970,25,청량산 (서울/경기),,2.643,,46.2,33.0,,False,,
5493,osm,way/652498970,25,청량산 (서울/경기),,0.435,,7.6,5.4,,False,,
5494,osm,way/652498970,25,청량산 (서울/경기),,0.839,,14.7,10.5,,False,,
5495,osm,way/652498973,25,청량산 (서울/경기),,0.061,,1.1,0.8,,False,,
5496,osm,way/652498974,25,청량산 (서울/경기),,0.127,,2.2,1.6,,False,,
5497,osm,way/652498974,25,청량산 (서울/경기),,0.323,,5.7,4.0,,False,,
5498,osm,way/652498975,25,청량산 (서울/경기),,0.043,,0.8,0.5,,False,,
5499,osm,way/652498975,25,청량산 (서울/경기),,0.077,,1.3,1.0,,False,,
5500,osm,way/652498976,25,청량산 (서울/경기),,0.141,,2.5,1.8,,False,,
5501,osm,way/652498976,25,청량산 (서울/경기),,0.05,,0.9,0.6,,False,,
5502,osm,way/652498977,25,청량산 (서울/경기),,0.177,,3.1,2.2,,False,,
5503,osm,way/652498977,25,청량산 (서울/경기),,0.76,,13.3,9.5,,False,,
5504,osm,way/652498978,25,청량산 (서울/경기),,0.059,,1.0,0.7,,False,,
5505,osm,way/652498978,25,청량산 (서울/경기),,0.994,,17.4,12.4,,False,,
5506,osm,way/652498978,25,청량산 (서울/경기),,0.096,,1.7,1.2,,False,,
5507,osm,way/652498979,25,청량산 (서울/경기),,0.427,,7.5,5.3,,False,,
5508,osm,way/652498982,25,청량산 (서울/경기),,0.191,,3.3,2.4,,False,,
5509,osm,way/652498982,25,청량산 (서울/경기),,0.154,,2.7,1.9,,False,,
5510,osm,way/652498983,25,청량산 (서울/경기),,0.021,,0.4,0.3,,False,,
5511,osm,way/652498983,25,청량산 (서울/경기),,0.305,,5.3,3.8,,False,,
5512,osm,way/652498983,25,청량산 (서울/경기),,0.073,,1.3,0.9,,False,,
5513,osm,way/652498983,25,청량산 (서울/경기),,0.227,,4.0,2.8,,False,,
5514,osm,way/652498983,25,청량산 (서울/경기),,0.151,,2.7,1.9,,False,,
5515,osm,way/652498983,25,청량산 (서울/경기),,0.222,,3.9,2.8,,False,,
5516,osm,way/652498983,25,청량산 (서울/경기),,0.238,,4.2,3.0,,False,,
5517,osm,way/745308576,25,청량산 (서울/경기),,0.013,,0.2,0.2,,False,,
5518,osm,way/745308577,25,청량산 (서울/경기),,0.023,,0.4,0.3,,False,,
5519,osm,way/745308577,25,청량산 (서울/경기),,0.088,,1.5,1.1,,False,,
5520,osm,way/745308577,25,청량산 (서울/경기),,0.105,,1.8,1.3,,False,,
5521,osm,way/745308577,25,청량산 (서울/경기),,0.019,,0.3,0.2,,False,,
5522,osm,way/745308578,25,청량산 (서울/경기),,0.167,,2.9,2.1,,False,,
5523,osm,way/745308578,25,청량산 (서울/경기),,0.262,,4.6,3.3,,False,,
5524,osm,way/745308578,25,청량산 (서울/경기),,0.058,,1.0,0.7,,False,,
5525,osm,way/745308578,25,청량산 (서울/경기),,0.251,,4.4,3.1,,False,,
5526,osm,way/745308579,25,청량산 (서울/경기),남한산성로,0.02,,0.4,0.3,,False,,
5527,osm,way/745308579,25,청량산 (서울/경기),남한산성로,0.015,,0.3,0.2,,False,,
5528,osm,way/745308579,25,청량산 (서울/경기),남한산성로,0.032,,0.6,0.4,,False,,
5529,osm,way/745308579,25,청량산 (서울/경기),남한산성로,0.051,,0.9,0.6,,False,,
5530,osm,way/745308579,25,청량산 (서울/경기),남한산성로,0.044,,0.8,0.5,,False,,
5531,osm,way/745308580,25,청량산 (서울/경기),,0.105,,1.8,1.3,unpaved,False,,
5532,osm,way/745308581,25,청량산 (서울/경기),,0.025,,0.4,0.3,,False,,
5533,osm,way/745308582,25,청량산 (서울/경기),,0.015,,0.3,0.2,unpaved,False,,
5534,osm,way/745308583,25,청량산 (서울/경기),,0.525,,9.2,6.6,unpaved,False,,
5535,osm,way/745308583,25,청량산 (서울/경기),,0.09,,1.6,1.1,unpaved,False,,
5536,osm,way/745308583,25,청량산 (서울/경기),,0.266,,4.7,3.3,unpaved,False,,
5537,osm,way/745308583,25,청량산 (서울/경기),,0.234,,4.1,2.9,unpaved,False,,
5538,osm,way/745308583,25,청량산 (서울/경기),,0.001,,0.0,0.0,unpaved,False,,
5539,osm,way/745308583,25,청량산 (서울/경기),,0.305,,5.3,3.8,unpaved,False,,
5540,osm,way/745308583,25,청량산 (서울/경기),,0.114,,2.0,1.4,unpaved,False,,
5541,osm,way/745308583,25,청량산 (서울/경기),,0.055,,1.0,0.7,unpaved,False,,
5542,osm,way/745308583,25,청량산 (서울/경기),,0.073,,1.3,0.9,unpaved,False,,
5543,osm,way/745308584,25,청량산 (서울/경기),,0.109,,1.9,1.4,unpaved,False,,
5544,osm,way/745308584,25,청량산 (서울/경기),,0.018,,0.3,0.2,unpaved,False,,
5545,osm,way/745308584,25,청량산 (서울/경기),,0.581,,10.2,7.3,unpaved,False,,
5546,osm,way/745308584,25,청량산 (서울/경기),,0.391,,6.8,4.9,unpaved,False,,
5547,osm,way/745308584,25,청량산 (서울/경기),,0.252,,4.4,3.1,unpaved,False,,
5548,osm,way/745308584,25,청량산 (서울/경기),,0.335,,5.9,4.2,unpaved,False,,
5549,osm,way/745308584,25,청량산 (서울/경기),,0.157,,2.7,2.0,unpaved,False,,
5550,osm,way/745308586,25,청량산 (서울/경기),,0.054,,0.9,0.7,,False,,
5551,osm,way/745308587,25,청량산 (서울/경기),,0.076,,1.3,0.9,,False,,
5552,osm,way/745308588,25,청량산 (서울/경기),,0.588,,10.3,7.4,,False,,
5553,osm,way/745308588,25,청량산 (서울/경기),,0.106,,1.9,1.3,,False,,
5554,osm,way/745308588,25,청량산 (서울/경기),,0.14,,2.5,1.8,,False,,
5555,osm,way/872191479,25,청량산 (서울/경기),남한산성로,0.01,,0.2,0.1,,False,,
5556,osm,way/872191481,25,청량산 (서울/경기),,0.073,,1.3,0.9,,False,,
5557,osm,way/872191481,25,청량산 (서울/경기),,0.149,,2.6,1.9,,False,,
5558,osm,way/872191482,25,청량산 (서울/경기),남한산성로,0.008,,0.1,0.1,,False,,
5559,osm,way/872191482,25,청량산 (서울/경기),남한산성로,0.137,,2.4,1.7,,False,,
5560,osm,way/872191483,25,청량산 (서울/경기),,0.04,,0.7,0.5,,False,,
5561,osm,way/872191483,25,청량산 (서울/경기),,0.012,,0.2,0.2,,False,,
5562,osm,way/872191487,25,청량산 (서울/경기),,0.048,,0.8,0.6,,False,,
5563,osm,way/872191487,25,청량산 (서울/경기),,0.769,,13.5,9.6,,False,,
5564,osm,way/872191487,25,청량산 (서울/경기),,0.009,,0.2,0.1,,False,,
5565,osm,way/872191487,25,청량산 (서울/경기),,0.293,,5.1,3.7,,False,,
5566,osm,way/872191487,25,청량산 (서울/경기),,0.329,,5.8,4.1,,False,,
5567,osm,way/872191487,25,청량산 (서울/경기),,0.03,,0.5,0.4,,False,,
5568,osm,way/872191487,25,청량산 (서울/경기),,0.614,,10.7,7.7,,False,,
5569,osm,way/872191487,25,청량산 (서울/경기),,0.053,,0.9,0.7,,False,,
5570,osm,way/872191488,25,청량산 (서울/경기),,0.134,,2.3,1.7,,False,,
5571,osm,way/872191489,25,청량산 (서울/경기),,0.612,,10.7,7.7,,False,,
5572,osm,way/872191495,25,청량산 (서울/경기),,0.28,,4.9,3.5,,False,,
5573,osm,way/872191495,25,청량산 (서울/경기),,0.064,,1.1,0.8,,False,,
5574,osm,way/872191496,25,청량산 (서울/경기),,0.015,,0.3,0.2,,False,,
5575,osm,way/872191497,25,청량산 (서울/경기),,0.145,,2.5,1.8,,False,,
5576,osm,way/872191497,25,청량산 (서울/경기),,0.489,,8.6,6.1,,False,,
5577,osm,way/872191497,25,청량산 (서울/경기),,1.276,,22.3,15.9,,False,,
5578,osm,way/872191498,25,청량산 (서울/경기),,0.008,,0.1,0.1,,False,,
5579,osm,way/872191499,25,청량산 (서울/경기),,0.009,,0.2,0.1,,False,,
5580,osm,way/872191503,25,청량산 (서울/경기),,0.014,,0.2,0.2,,False,,
5581,osm,way/872191503,25,청량산 (서울/경기),,0.106,,1.9,1.3,,False,,
5582,osm,way/872191525,25,청량산 (서울/경기),,0.006,,0.1,0.1,,False,,
5583,osm,way/872191526,25,청량산 (서울/경기),,0.008,,0.1,0.1,,False,,
5584,osm,way/872191527,25,청량산 (서울/경기),,0.145,,2.5,1.8,unpaved,False,,
5585,osm,way/872191527,25,청량산 (서울/경기),,0.013,,0.2,0.2,unpaved,False,,
5586,osm,way/872191527,25,청량산 (서울/경기),,0.462,,8.1,5.8,unpaved,False,,
5587,osm,way/872191527,25,청량산 (서울/경기),,0.327,,5.7,4.1,unpaved,False,,
5588,osm,way/872191528,25,청량산 (서울/경기),,0.019,,0.3,0.2,unpaved,False,,
5589,osm,way/909814249,25,청량산 (서울/경기),,0.021,,0.4,0.3,토사,False,,
5590,osm,way/909814249,25,청량산 (서울/경기),,0.167,,2.9,2.1,토사,False,,
5591,osm,way/909814249,25,청량산 (서울/경기),,0.419,,7.3,5.2,토사,False,,
5592,osm,way/909814249,25,청량산 (서울/경기),,0.169,,3.0,2.1,토사,False,,
5593,osm,way/909814249,25,청량산 (서울/경기),,0.006,,0.1,0.1,토사,False,,
5594,osm,way/909814444,25,청량산 (서울/경기),,0.515,,9.0,6.4,토사,False,,
5595,osm,way/910720139,25,청량산 (서울/경기),,1.017,,17.8,12.7,,False,,
5596,osm,way/910720139,25,청량산 (서울/경기),,0.036,,0.6,0.4,,False,,
5597,osm,way/910720139,25,청량산 (서울/경기),,0.065,,1.1,0.8,,False,,
5598,osm,way/910720139,25,청량산 (서울/경기),,0.042,,0.7,0.5,,False,,
5599,osm,way/910720139,25,청량산 (서울/경기),,0.426,,7.5,5.3,,False,,
5600,osm,way/910720139,25,청량산 (서울/경기),,0.05,,0.9,0.6,,False,,
5601,osm,way/1063167821,25,청량산 (서울/경기),,1.384,,24.2,17.3,,False,,
5602,osm,way/1098209170,25,청량산 (서울/경기),,0.089,,1.6,1.1,,False,,
5603,osm,way/1098209171,25,청량산 (서울/경기),,0.099,,1.7,1.2,,False,,
5604,osm,way/1098212274,25,청량산 (서울/경기),,0.47,,8.2,5.9,,False,,
5605,osm,way/1106487610,25,청량산 (서울/경기),,0.135,,2.4,1.7,토사,False,,
5606,osm,way/1106487610,25,청량산 (서울/경기),,0.007,,0.1,0.1,토사,False,,
5607,osm,way/1106487610,25,청량산 (서울/경기),,1.057,,18.5,13.2,토사,False,,
5608,osm,way/1106487611,25,청량산 (서울/경기),,0.332,,5.8,4.2,토사,False,,
5609,osm,way/1131932001,25,청량산 (서울/경기),,0.599,,10.5,7.5,토사,False,,
5610,osm,way/1131932001,25,청량산 (서울/경기),,0.52,,9.1,6.5,토사,False,,
5611,osm,way/1131932002,25,청량산 (서울/경기),,0.104,,1.8,1.3,토사,False,,
5612,osm,way/1131932002,25,청량산 (서울/경기),,0.299,,5.2,3.7,토사,False,,
5613,osm,way/1131932003,25,청량산 (서울/경기),,0.436,,7.6,5.4,토사,False,,
5614,osm,way/1131932004,25,청량산 (서울/경기),,0.121,,2.1,1.5,토사,False,,
5615,osm,way/1131932037,25,청량산 (서울/경기),,0.325,,5.7,4.1,토사,False,,
5616,osm,way/1131932038,25,청량산 (서울/경기),,0.372,,6.5,4.6,토사,False,,
5617,osm,way/1131932040,25,청량산 (서울/경기),,1.401,,24.5,17.5,토사,False,,
5618,osm,way/1131932045,25,청량산 (서울/경기),,0.317,,5.5,4.0,토사,False,,
5619,osm,way/1131932046,25,청량산 (서울/경기),,0.329,,5.8,4.1,토사,False,,
5620,osm,way/1131932047,25,청량산 (서울/경기),,0.056,,1.0,0.7,토사,False,,
5621,osm,way/1131932048,25,청량산 (서울/경기),,0.106,,1.9,1.3,토사,False,,
5622,osm,way/1131932048,25,청량산 (서울/경기),,0.1,,1.8,1.3,토사,False,,
5623,osm,way/1131932049,25,청량산 (서울/경기),,0.069,,1.2,0.9,토사,False,,
5624,osm,way/1131932049,25,청량산 (서울/경기),,0.083,,1.5,1.0,토사,False,,
5625,osm,way/1152815332,25,청량산 (서울/경기),,0.377,,6.6,4.7,토사,False,,
5626,osm,way/1152815333,25,청량산 (서울/경기),,0.358,,6.3,4.5,토사,False,,
5627,osm,way/1152815334,25,청량산 (서울/경기),,0.324,,5.7,4.0,토사,False,,
5628,osm,way/1152815335,25,청량산 (서울/경기),,0.187,,3.3,2.3,토사,False,,
5629,osm,way/1152815335,25,청량산 (서울/경기),,0.346,,6.1,4.3,토사,False,,
5630,osm,way/1152815336,25,청량산 (서울/경기),,0.247,,4.3,3.1,토사,False,,
5631,osm,way/1152815337,25,청량산 (서울/경기),,0.21,,3.7,2.6,토사,False,,
5632,osm,way/1152815338,25,청량산 (서울/경기),,0.143,,2.5,1.8,토사,False,,
5633,osm,way/1152815597,25,청량산 (서울/경기),,0.975,,17.1,12.2,토사,False,,
5634,osm,way/1165290991,25,청량산 (서울/경기),,0.172,,3.0,2.2,unpaved,False,,
5635,osm,way/1165290991,25,청량산 (서울/경기),,0.045,,0.8,0.6,unpaved,False,,
5636,osm,way/1165290991,25,청량산 (서울/경기),,0.074,,1.3,0.9,unpaved,False,,
5637,osm,way/1240345141,25,청량산 (서울/경기),,0.127,,2.2,1.6,unpaved,False,,
5638,osm,way/1240345141,25,청량산 (서울/경기),,0.022,,0.4,0.3,unpaved,False,,
5639,osm,way/1240345141,25,청량산 (서울/경기),,0.216,,3.8,2.7,unpaved,False,,
5640,osm,way/1240345142,25,청량산 (서울/경기),,0.386,,6.8,4.8,,False,,
5641,osm,way/1240345144,25,청량산 (서울/경기),,1.0,,17.5,12.5,,False,,
5642,osm,way/1240345144,25,청량산 (서울/경기),,1.18,,20.7,14.8,,False,,
5643,osm,way/1240351783,25,청량산 (서울/경기),,0.031,,0.5,0.4,,False,,
5644,osm,way/1240351783,25,청량산 (서울/경기),,0.145,,2.5,1.8,,False,,
5645,osm,way/1240351783,25,청량산 (서울/경기),,0.399,,7.0,5.0,,False,,
5646,osm,way/1268257105,25,청량산 (서울/경기),,0.318,,5.6,4.0,,False,,
5647,osm,way/1268257106,25,청량산 (서울/경기),,0.834,,14.6,10.4,,False,,
5648,osm,way/1268257106,25,청량산 (서울/경기),,0.113,,2.0,1.4,,False,,
5649,osm,way/1268257107,25,청량산 (서울/경기),,0.093,,1.6,1.2,,False,,
5650,osm,way/1268257114,25,청량산 (서울/경기),,1.129,,19.8,14.1,,False,,
5651,osm,way/1268257116,25,청량산 (서울/경기),,0.256,,4.5,3.2,,False,,
5652,osm,way/1268257117,25,청량산 (서울/경기),,0.077,,1.3,1.0,,False,,
5653,osm,way/1268257117,25,청량산 (서울/경기),,0.4,,7.0,5.0,,False,,
5654,osm,way/1268257117,25,청량산 (서울/경기),,0.251,,4.4,3.1,,False,,
5655,osm,way/1268257118,25,청량산 (서울/경기),,0.195,,3.4,2.4,,False,,
5656,osm,way/1268257119,25,청량산 (서울/경기),,0.785,,13.7,9.8,,False,,
5657,osm,way/1268257119,25,청량산 (서울/경기),,0.784,,13.7,9.8,,False,,
5658,osm,way/1268257119,25,청량산 (서울/경기),,0.527,,9.2,6.6,,False,,
5659,osm,way/1268257120,25,청량산 (서울/경기),,0.244,,4.3,3.0,,False,,
5660,osm,way/1268257120,25,청량산 (서울/경기),,0.007,,0.1,0.1,,False,,
5661,osm,way/1268257120,25,청량산 (서울/경기),,0.583,,10.2,7.3,,False,,
5662,osm,way/1268257121,25,청량산 (서울/경기),,1.151,,20.1,14.4,,False,,
5663,osm,way/1285475284,25,청량산 (서울/경기),,0.046,,0.8,0.6,,False,,
5664,osm,way/1285475286,25,청량산 (서울/경기),,0.108,,1.9,1.4,,False,,
5665,osm,way/1285475288,25,청량산 (서울/경기),,0.15,,2.6,1.9,,False,,
5666,osm,way/1285475289,25,청량산 (서울/경기),,0.343,,6.0,4.3,,False,,
5667,osm,way/1285475290,25,청량산 (서울/경기),,0.075,,1.3,0.9,,False,,
5668,osm,way/1285475291,25,청량산 (서울/경기),,0.751,,13.1,9.4,,False,,
5669,osm,way/1293797847,25,청량산 (서울/경기),,0.017,,0.3,0.2,,False,,
5670,osm,way/1293797848,25,청량산 (서울/경기),,0.014,,0.3,0.2,,False,,
5671,osm,way/1293797849,25,청량산 (서울/경기),,0.06,,1.1,0.8,,False,,
5672,osm,way/1293797850,25,청량산 (서울/경기),,0.08,,1.4,1.0,,False,,
5673,osm,way/1293797851,25,청량산 (서울/경기),,0.073,,1.3,0.9,,False,,
5674,osm,way/1293797852,25,청량산 (서울/경기),,0.137,,2.4,1.7,,False,,
5675,osm,way/1293797853,25,청량산 (서울/경기),,0.01,,0.2,0.1,,False,,
5676,osm,way/1293797854,25,청량산 (서울/경기),,0.018,,0.3,0.2,,False,,
5677,osm,way/1293797855,25,청량산 (서울/경기),,0.227,,4.0,2.8,,False,,
5678,osm,way/1293797856,25,청량산 (서울/경기),,0.014,,0.2,0.2,,False,,
5679,osm,way/1293797857,25,청량산 (서울/경기),,0.038,,0.7,0.5,,False,,
5680,osm,way/1293797858,25,청량산 (서울/경기),,0.084,,1.5,1.0,,False,,
5681,osm,way/1293797859,25,청량산 (서울/경기),,0.162,,2.8,2.0,,False,,
5682,osm,way/1293797859,25,청량산 (서울/경기),,0.074,,1.3,0.9,,False,,
5683,osm,way/1293797859,25,청량산 (서울/경기),,0.025,,0.4,0.3,,False,,
5684,osm,way/1293797859,25,청량산 (서울/경기),,0.161,,2.8,2.0,,False,,
5685,osm,way/1293797859,25,청량산 (서울/경기),,0.076,,1.3,0.9,,False,,
5686,osm,way/1293797860,25,청량산 (서울/경기),,0.084,,1.5,1.1,,False,,
5687,osm,way/1293797861,25,청량산 (서울/경기),,0.049,,0.9,0.6,,False,,
5688,osm,way/1293797862,25,청량산 (서울/경기),,0.04,,0.7,0.5,,False,,
5689,osm,way/1293797863,25,청량산 (서울/경기),,0.029,,0.5,0.4,,False,,
5690,osm,way/1293797863,25,청량산 (서울/경기),,0.014,,0.2,0.2,,False,,
5691,osm,way/1293797864,25,청량산 (서울/경기),,0.61,,10.7,7.6,,False,,
5692,osm,way/1293797866,25,청량산 (서울/경기),,0.009,,0.1,0.1,,False,,
5693,osm,way/1432001372,25,청량산 (서울/경기),남한산성로,0.006,,0.1,0.1,,False,,
5694,osm,way/1432001372,25,청량산 (서울/경기),남한산성로,0.005,,0.1,0.1,,False,,
5695,osm,way/1432001374,25,청량산 (서울/경기),,0.815,,14.3,10.2,,False,,
5696,osm,way/1441567689,25,청량산 (서울/경기),,0.056,,1.0,0.7,,False,,
5697,osm,way/1441567689,25,청량산 (서울/경기),,0.094,,1.6,1.2,,False,,
5698,osm,way/1447068234,25,청량산 (서울/경기),,0.056,,1.0,0.7,,False,,
5699,osm,way/1447068234,25,청량산 (서울/경기),,0.038,,0.7,0.5,,False,,
5700,osm,way/1447068234,25,청량산 (서울/경기),,0.03,,0.5,0.4,,False,,
5701,osm,way/1447068234,25,청량산 (서울/경기),,0.165,,2.9,2.1,,False,,
5702,osm,way/1447068234,25,청량산 (서울/경기),,0.035,,0.6,0.4,,False,,
5703,osm,way/1447068235,25,청량산 (서울/경기),,0.053,,0.9,0.7,,False,,
5704,osm,way/1447068236,25,청량산 (서울/경기),,0.075,,1.3,0.9,,False,,
5705,osm,way/1447068236,25,청량산 (서울/경기),,0.005,,0.1,0.1,,False,,
5706,osm,way/1447068237,25,청량산 (서울/경기),,0.084,,1.5,1.1,,False,,
5707,osm,way/1447068238,25,청량산 (서울/경기),,0.075,,1.3,0.9,,False,,
5708,osm,way/1447068239,25,청량산 (서울/경기),,0.029,,0.5,0.4,,False,,
5709,osm,way/1447068241,25,청량산 (서울/경기),,0.046,,0.8,0.6,,False,,
5710,osm,way/1447068241,25,청량산 (서울/경기),,0.017,,0.3,0.2,,False,,
5711,osm,way/1447068242,25,청량산 (서울/경기),,0.041,,0.7,0.5,,False,,
5712,osm,way/1447068242,25,청량산 (서울/경기),,0.038,,0.7,0.5,,False,,
5713,osm,way/1447068249,25,청량산 (서울/경기),,0.005,,0.1,0.1,,False,,
5714,osm,way/1447068249,25,청량산 (서울/경기),,0.012,,0.2,0.2,,False,,
5715,osm,way/1447068250,25,청량산 (서울/경기),,0.005,,0.1,0.1,,False,,
5716,osm,way/1447068251,25,청량산 (서울/경기),,0.002,,0.0,0.0,,False,,
5717,osm,way/1447068254,25,청량산 (서울/경기),,0.037,,0.7,0.5,,False,,
5718,osm,way/1447068260,25,청량산 (서울/경기),,0.06,,1.0,0.7,,False,,
5719,osm,way/1449550621,25,청량산 (서울/경기),,0.162,,2.8,2.0,,False,,
5720,osm,way/1449550622,25,청량산 (서울/경기),,0.84,,14.7,10.5,,False,,
5721,osm,way/1449550622,25,청량산 (서울/경기),,0.038,,0.7,0.5,,False,,
5722,osm,way/1501266239,25,청량산 (서울/경기),,0.108,,1.9,1.4,,False,,
5723,osm,way/1501266240,25,청량산 (서울/경기),,0.11,,1.9,1.4,,False,,
5724,osm,way/1501266240,25,청량산 (서울/경기),,0.076,,1.3,0.9,,False,,
5725,osm,way/1548721946,25,청량산 (서울/경기),,0.696,,12.2,8.7,,False,,
5726,osm,way/953045225,27,해협산,,0.626,,11.0,7.8,토사,False,,
5727,osm,way/953045225,27,해협산,,1.433,,25.1,17.9,토사,False,,
5728,osm,way/953045226,27,해협산,,0.966,,16.9,12.1,토사,False,,
5729,osm,way/953045227,27,해협산,,0.632,,11.1,7.9,토사,False,,
5730,osm,way/953045227,27,해협산,,0.231,,4.0,2.9,토사,False,,
5731,osm,way/953045230,27,해협산,,0.006,,0.1,0.1,토사,False,,
5732,osm,way/953045230,27,해협산,,0.996,,17.4,12.5,토사,False,,
5733,osm,way/953045230,27,해협산,,2.424,,42.4,30.3,토사,False,,
5734,osm,way/953045230,27,해협산,,0.748,,13.1,9.3,토사,False,,
5735,osm,way/953045230,27,해협산,,0.082,,1.4,1.0,토사,False,,
5736,osm,way/953045230,27,해협산,,0.46,,8.1,5.8,토사,False,,
5737,osm,way/953045230,27,해협산,,0.235,,4.1,2.9,토사,False,,
5738,osm,way/1050669440,27,해협산,,0.031,,0.5,0.4,토사,False,,
5739,osm,way/1050669440,27,해협산,,0.063,,1.1,0.8,토사,False,,
5740,osm,way/1050669441,27,해협산,,2.086,,36.5,26.1,토사,False,,
5741,osm,way/1050669442,27,해협산,,0.017,,0.3,0.2,토사,False,,
5742,osm,way/1050669442,27,해협산,,0.032,,0.6,0.4,토사,False,,
5743,osm,way/1050669442,27,해협산,,0.447,,7.8,5.6,토사,False,,
5744,osm,way/1050672808,27,해협산,,0.128,,2.2,1.6,토사,False,,
5745,osm,way/1050672808,27,해협산,,0.989,,17.3,12.4,토사,False,,
5746,osm,way/1104831446,27,해협산,,1.623,,28.4,20.3,토사,False,,
5747,osm,way/1104831447,27,해협산,,0.431,,7.5,5.4,토사,False,,
5748,osm,way/1104831447,27,해협산,,0.899,,15.7,11.2,토사,False,,
5749,osm,way/1104831448,27,해협산,,1.067,,18.7,13.3,토사,False,,
5750,osm,way/1106562795,27,해협산,,0.222,,3.9,2.8,토사,False,,
5751,osm,way/1106562795,27,해협산,,0.069,,1.2,0.9,토사,False,,
5752,osm,way/1106562795,27,해협산,,2.689,,47.0,33.6,토사,False,,
5753,osm,way/1133447318,27,해협산,,0.271,,4.7,3.4,토사,False,,
5754,osm,way/1133447319,27,해협산,,0.048,,0.8,0.6,토사,False,,
5755,osm,way/1133447320,27,해협산,,0.867,,15.2,10.8,토사,False,,
5756,osm,way/1133447321,27,해협산,,2.409,,42.1,30.1,토사,False,,
5757,osm,way/1133447322,27,해협산,,0.73,,12.8,9.1,토사,False,,
5758,osm,way/1133447322,27,해협산,,0.466,,8.1,5.8,토사,False,,
5759,osm,way/1133447322,27,해협산,,0.285,,5.0,3.6,토사,False,,
5760,osm,way/1133447322,27,해협산,,0.158,,2.8,2.0,토사,False,,
5761,osm,way/1133447322,27,해협산,,0.423,,7.4,5.3,토사,False,,
5762,osm,way/1240346923,27,해협산,,0.018,,0.3,0.2,,False,,
5763,osm,way/1240346923,27,해협산,,0.363,,6.4,4.5,,False,,
5764,osm,way/1240346924,27,해협산,,0.073,,1.3,0.9,,False,,
5765,osm,way/1240346924,27,해협산,,0.081,,1.4,1.0,,False,,
5766,osm,way/1240346930,27,해협산,,0.382,,6.7,4.8,,False,,
5767,osm,way/1240346931,27,해협산,,0.23,,4.0,2.9,,False,,
5768,osm,way/1240346932,27,해협산,,0.125,,2.2,1.6,,False,,
5769,osm,way/1240346932,27,해협산,,0.175,,3.1,2.2,,False,,
5770,osm,way/1240346933,27,해협산,,0.158,,2.8,2.0,,False,,
5771,osm,way/1240346937,27,해협산,,1.658,,29.0,20.7,,False,,
5772,osm,way/1240347416,27,해협산,,0.408,,7.1,5.1,,False,,
5773,osm,way/1240347418,27,해협산,,1.308,,22.9,16.3,토사,False,,
5774,osm,way/1240347419,27,해협산,,0.051,,0.9,0.6,토사,False,,
5775,osm,way/1240347420,27,해협산,,0.464,,8.1,5.8,,False,,
5776,osm,way/800011295,28,문수산 (김포),,1.384,,24.2,17.3,,False,,
5777,osm,way/800011295,28,문수산 (김포),,1.173,,20.5,14.7,,False,,
5778,osm,way/800011296,28,문수산 (김포),,0.413,,7.2,5.2,,False,,
5779,osm,way/800011296,28,문수산 (김포),,0.303,,5.3,3.8,,False,,
5780,osm,way/800011296,28,문수산 (김포),,0.118,,2.1,1.5,,False,,
5781,osm,way/800011297,28,문수산 (김포),,0.016,,0.3,0.2,,False,,
5782,osm,way/800011298,28,문수산 (김포),,1.433,,25.1,17.9,,False,,
5783,osm,way/800013266,28,문수산 (김포),한남정맥,0.422,,7.4,5.3,,False,,
5784,osm,way/800013266,28,문수산 (김포),한남정맥,3.336,,58.4,41.7,,False,,
5785,osm,way/800013267,28,문수산 (김포),한남정맥,0.062,,1.1,0.8,,False,,
5786,osm,way/800013267,28,문수산 (김포),한남정맥,0.318,,5.6,4.0,,False,,
5787,osm,way/800013267,28,문수산 (김포),한남정맥,0.081,,1.4,1.0,,False,,
5788,osm,way/800019694,28,문수산 (김포),,0.155,,2.7,1.9,,False,,
5789,osm,way/800019694,28,문수산 (김포),,0.473,,8.3,5.9,,False,,
5790,osm,way/800019694,28,문수산 (김포),,0.384,,6.7,4.8,,False,,
5791,osm,way/800019695,28,문수산 (김포),,0.2,,3.5,2.5,,False,,
5792,osm,way/800019695,28,문수산 (김포),,0.297,,5.2,3.7,,False,,
5793,osm,way/800031978,28,문수산 (김포),한남정맥,4.454,,77.9,55.7,,False,,
5794,osm,way/800031978,28,문수산 (김포),한남정맥,1.564,,27.4,19.6,,False,,
5795,osm,way/800031978,28,문수산 (김포),한남정맥,0.375,,6.6,4.7,,False,,
5796,osm,way/800031978,28,문수산 (김포),한남정맥,0.844,,14.8,10.6,,False,,
5797,osm,way/800031978,28,문수산 (김포),한남정맥,2.15,,37.6,26.9,,False,,
5798,osm,way/800031978,28,문수산 (김포),한남정맥,1.051,,18.4,13.1,,False,,
5799,osm,way/800031978,28,문수산 (김포),한남정맥,0.005,,0.1,0.1,,False,,
5800,osm,way/1312720434,28,문수산 (김포),,0.086,,1.5,1.1,,False,,
5801,osm,way/1312720435,28,문수산 (김포),,0.153,,2.7,1.9,,False,,
5802,osm,way/1312720435,28,문수산 (김포),,0.197,,3.4,2.5,,False,,
5803,osm,way/1318025038,28,문수산 (김포),,0.045,,0.8,0.6,,False,,
5804,osm,way/1318025039,28,문수산 (김포),,0.227,,4.0,2.8,,False,,
5805,osm,way/1318025040,28,문수산 (김포),,1.63,,28.5,20.4,,False,,
5806,osm,way/1368604278,28,문수산 (김포),,0.146,,2.5,1.8,,False,,
5807,osm,way/1133977846,29,승마산,,0.559,,9.8,7.0,unpaved,False,,
5808,osm,way/1133977846,29,승마산,,0.235,,4.1,2.9,unpaved,False,,
5809,osm,way/1133977846,29,승마산,,0.072,,1.3,0.9,unpaved,False,,
5810,osm,way/1133977846,29,승마산,,0.052,,0.9,0.7,unpaved,False,,
5811,osm,way/1133977846,29,승마산,,0.126,,2.2,1.6,unpaved,False,,
5812,osm,way/1133977847,29,승마산,,0.035,,0.6,0.4,unpaved,False,,
5813,osm,way/1133977847,29,승마산,,0.104,,1.8,1.3,unpaved,False,,
5814,osm,way/1133977847,29,승마산,,0.23,,4.0,2.9,unpaved,False,,
5815,osm,way/1133977847,29,승마산,,0.879,,15.4,11.0,unpaved,False,,
5816,osm,way/1413441693,29,승마산,,1.212,,21.2,15.2,,False,,
5817,osm,way/1413441694,29,승마산,,0.156,,2.7,2.0,,False,,
5818,osm,way/1413441694,29,승마산,,0.064,,1.1,0.8,,False,,
5819,osm,way/1413441695,29,승마산,,0.065,,1.1,0.8,,False,,
5820,osm,way/1413441696,29,승마산,,0.1,,1.7,1.2,,False,,
5821,osm,way/1465129084,30,애기봉,,0.13,,2.3,1.6,,False,,
5822,osm,way/1465129085,30,애기봉,,0.01,,0.2,0.1,,False,,
5823,osm,way/1465129086,30,애기봉,,0.015,,0.3,0.2,,False,,
5824,osm,way/1465129087,30,애기봉,,0.139,,2.4,1.7,,False,,
5825,osm,way/1465129088,30,애기봉,,0.239,,4.2,3.0,,False,,
5826,osm,way/1465129088,30,애기봉,,0.002,,0.0,0.0,,False,,
5827,osm,way/1465129089,30,애기봉,,0.112,,2.0,1.4,,False,,
5828,osm,way/1465129089,30,애기봉,,0.003,,0.0,0.0,,False,,
5829,osm,way/1465129090,30,애기봉,,0.005,,0.1,0.1,,False,,
5830,osm,way/1465129091,30,애기봉,,0.02,,0.3,0.2,,False,,
5831,osm,way/1465129091,30,애기봉,,0.045,,0.8,0.6,,False,,
5832,osm,way/1465129091,30,애기봉,,0.003,,0.1,0.0,,False,,
5833,osm,way/1465129091,30,애기봉,,0.075,,1.3,0.9,,False,,
5834,osm,way/1465129091,30,애기봉,,0.011,,0.2,0.1,,False,,
5835,osm,way/1465129092,30,애기봉,,0.08,,1.4,1.0,,False,,
5836,osm,way/471341296,32,금대산,,0.063,,1.1,0.8,,False,,
5837,osm,way/471807635,32,금대산,,0.041,,0.7,0.5,,False,,
5838,osm,way/471807635,32,금대산,,0.449,,7.9,5.6,,False,,
5839,osm,way/471807635,32,금대산,,0.722,,12.6,9.0,,False,,
5840,osm,way/473600593,32,금대산,,0.066,,1.2,0.8,,False,,
5841,osm,way/639882086,32,금대산,,0.076,,1.3,0.9,,False,,
5842,osm,way/639882087,32,금대산,,0.121,,2.1,1.5,,False,,
5843,osm,way/639882087,32,금대산,,0.003,,0.1,0.0,,False,,
5844,osm,way/639882087,32,금대산,,0.474,,8.3,5.9,,False,,
5845,osm,way/639882088,32,금대산,,0.179,,3.1,2.2,,False,,
5846,osm,way/639882088,32,금대산,,0.024,,0.4,0.3,,False,,
5847,osm,way/639882088,32,금대산,,0.295,,5.2,3.7,,False,,
5848,osm,way/639882088,32,금대산,,0.008,,0.1,0.1,,False,,
5849,osm,way/639882088,32,금대산,,0.409,,7.2,5.1,,False,,
5850,osm,way/639882089,32,금대산,,0.025,,0.4,0.3,,False,,
5851,osm,way/639882090,32,금대산,,0.082,,1.4,1.0,,False,,
5852,osm,way/639882093,32,금대산,,0.028,,0.5,0.3,,False,,
5853,osm,way/639882093,32,금대산,,0.051,,0.9,0.6,,False,,
5854,osm,way/639882093,32,금대산,,0.046,,0.8,0.6,,False,,
5855,osm,way/639882094,32,금대산,,0.038,,0.7,0.5,,False,,
5856,osm,way/639882096,32,금대산,,0.066,,1.2,0.8,,False,,
5857,osm,way/639884307,32,금대산,,0.113,,2.0,1.4,,False,,
5858,osm,way/1125306052,32,금대산,,0.267,,4.7,3.3,토사,False,,
5859,osm,way/1125306053,32,금대산,,0.452,,7.9,5.7,토사,False,,
5860,osm,way/1125306054,32,금대산,,0.283,,5.0,3.5,토사,False,,
5861,osm,way/1125306054,32,금대산,,0.114,,2.0,1.4,토사,False,,
5862,osm,way/53843940,35,예빈산,,0.582,,10.2,7.3,,False,,
5863,osm,way/53843948,35,예빈산,,0.145,,2.5,1.8,,False,,
5864,osm,way/53843948,35,예빈산,,0.153,,2.7,1.9,,False,,
5865,osm,way/53843948,35,예빈산,,0.484,,8.5,6.0,,False,,
5866,osm,way/53843948,35,예빈산,,0.147,,2.6,1.8,,False,,
5867,osm,way/53843948,35,예빈산,,1.143,,20.0,14.3,,False,,
5868,osm,way/53843948,35,예빈산,,0.314,,5.5,3.9,,False,,
5869,osm,way/53843948,35,예빈산,,0.49,,8.6,6.1,,False,,
5870,osm,way/71711689,35,예빈산,,0.056,,1.0,0.7,,False,,
5871,osm,way/71711727,35,예빈산,,0.006,,0.1,0.1,,False,,
5872,osm,way/71711727,35,예빈산,,0.16,,2.8,2.0,,False,,
5873,osm,way/71711727,35,예빈산,,0.138,,2.4,1.7,,False,,
5874,osm,way/71711727,35,예빈산,,0.338,,5.9,4.2,,False,,
5875,osm,way/71711727,35,예빈산,,0.358,,6.3,4.5,,False,,
5876,osm,way/71711763,35,예빈산,,0.012,,0.2,0.2,,False,,
5877,osm,way/71711763,35,예빈산,,0.048,,0.8,0.6,,False,,
5878,osm,way/71711763,35,예빈산,,0.566,,9.9,7.1,,False,,
5879,osm,way/71711763,35,예빈산,,0.195,,3.4,2.4,,False,,
5880,osm,way/71711763,35,예빈산,,0.572,,10.0,7.2,,False,,
5881,osm,way/71711763,35,예빈산,,0.195,,3.4,2.4,,False,,
5882,osm,way/71711763,35,예빈산,,0.159,,2.8,2.0,,False,,
5883,osm,way/71711763,35,예빈산,,0.688,,12.0,8.6,,False,,
5884,osm,way/71711763,35,예빈산,,0.318,,5.6,4.0,,False,,
5885,osm,way/71711763,35,예빈산,,0.356,,6.2,4.4,,False,,
5886,osm,way/71711763,35,예빈산,,0.429,,7.5,5.4,,False,,
5887,osm,way/71711763,35,예빈산,,0.31,,5.4,3.9,,False,,
5888,osm,way/71711763,35,예빈산,,0.094,,1.6,1.2,,False,,
5889,osm,way/71711763,35,예빈산,,0.125,,2.2,1.6,,False,,
5890,osm,way/133033970,35,예빈산,,1.429,,25.0,17.9,,False,,
5891,osm,way/133033970,35,예빈산,,1.122,,19.6,14.0,,False,,
5892,osm,way/133033970,35,예빈산,,0.356,,6.2,4.5,,False,,
5893,osm,way/133033970,35,예빈산,,1.241,,21.7,15.5,,False,,
5894,osm,way/133033970,35,예빈산,,0.035,,0.6,0.4,,False,,
5895,osm,way/133033970,35,예빈산,,0.281,,4.9,3.5,,False,,
5896,osm,way/133033970,35,예빈산,,0.409,,7.2,5.1,,False,,
5897,osm,way/133033970,35,예빈산,,0.076,,1.3,0.9,,False,,
5898,osm,way/133033970,35,예빈산,,0.596,,10.4,7.5,,False,,
5899,osm,way/133033970,35,예빈산,,0.666,,11.7,8.3,,False,,
5900,osm,way/574421120,35,예빈산,천마지맥,0.016,,0.3,0.2,,False,,
5901,osm,way/574421120,35,예빈산,천마지맥,3.206,,56.1,40.1,,False,,
5902,osm,way/574421120,35,예빈산,천마지맥,0.059,,1.0,0.7,,False,,
5903,osm,way/651202993,35,예빈산,,0.087,,1.5,1.1,,False,,
5904,osm,way/651202993,35,예빈산,,0.664,,11.6,8.3,,False,,
5905,osm,way/651202995,35,예빈산,,0.177,,3.1,2.2,,False,,
5906,osm,way/651202995,35,예빈산,,0.697,,12.2,8.7,,False,,
5907,osm,way/651202996,35,예빈산,,0.47,,8.2,5.9,,False,,
5908,osm,way/651202996,35,예빈산,,0.271,,4.8,3.4,,False,,
5909,osm,way/651203002,35,예빈산,,1.054,,18.4,13.2,,False,,
5910,osm,way/651203002,35,예빈산,,0.788,,13.8,9.8,,False,,
5911,osm,way/651203004,35,예빈산,,0.016,,0.3,0.2,,False,,
5912,osm,way/651203004,35,예빈산,,1.566,,27.4,19.6,,False,,
5913,osm,way/651203005,35,예빈산,,0.598,,10.5,7.5,,False,,
5914,osm,way/651203005,35,예빈산,,0.496,,8.7,6.2,,False,,
5915,osm,way/651203005,35,예빈산,,0.841,,14.7,10.5,,False,,
5916,osm,way/651203005,35,예빈산,,0.058,,1.0,0.7,,False,,
5917,osm,way/651203006,35,예빈산,,0.07,,1.2,0.9,,False,,
5918,osm,way/651203006,35,예빈산,,0.378,,6.6,4.7,,False,,
5919,osm,way/651203007,35,예빈산,,1.203,,21.1,15.0,,False,,
5920,osm,way/651203007,35,예빈산,,0.081,,1.4,1.0,,False,,
5921,osm,way/651203008,35,예빈산,,0.444,,7.8,5.6,,False,,
5922,osm,way/651203009,35,예빈산,,0.175,,3.1,2.2,,False,,
5923,osm,way/651203009,35,예빈산,,0.382,,6.7,4.8,,False,,
5924,osm,way/651203009,35,예빈산,,0.476,,8.3,6.0,,False,,
5925,osm,way/651203009,35,예빈산,,0.264,,4.6,3.3,,False,,
5926,osm,way/651203009,35,예빈산,,0.491,,8.6,6.1,,False,,
5927,osm,way/651203009,35,예빈산,,0.227,,4.0,2.8,,False,,
5928,osm,way/651203009,35,예빈산,,1.173,,20.5,14.7,,False,,
5929,osm,way/651203009,35,예빈산,,0.594,,10.4,7.4,,False,,
5930,osm,way/651203009,35,예빈산,,0.26,,4.5,3.2,,False,,
5931,osm,way/651203010,35,예빈산,,0.176,,3.1,2.2,,False,,
5932,osm,way/651203011,35,예빈산,,0.29,,5.1,3.6,,False,,
5933,osm,way/651203011,35,예빈산,,0.259,,4.5,3.2,,False,,
5934,osm,way/651203011,35,예빈산,,0.688,,12.0,8.6,,False,,
5935,osm,way/651203011,35,예빈산,,0.194,,3.4,2.4,,False,,
5936,osm,way/651203011,35,예빈산,,0.529,,9.3,6.6,,False,,
5937,osm,way/651203015,35,예빈산,,0.026,,0.5,0.3,,False,,
5938,osm,way/799335393,35,예빈산,,0.048,,0.8,0.6,토사,False,,
5939,osm,way/799335393,35,예빈산,,0.333,,5.8,4.2,토사,False,,
5940,osm,way/799335393,35,예빈산,,0.353,,6.2,4.4,토사,False,,
5941,osm,way/799335393,35,예빈산,,0.538,,9.4,6.7,토사,False,,
5942,osm,way/799335393,35,예빈산,,0.283,,5.0,3.5,토사,False,,
5943,osm,way/799335393,35,예빈산,,1.115,,19.5,13.9,토사,False,,
5944,osm,way/799335393,35,예빈산,,0.602,,10.5,7.5,토사,False,,
5945,osm,way/799335393,35,예빈산,,0.913,,16.0,11.4,토사,False,,
5946,osm,way/799335393,35,예빈산,,0.001,,0.0,0.0,토사,False,,
5947,osm,way/799335393,35,예빈산,,0.002,,0.0,0.0,토사,False,,
5948,osm,way/799335393,35,예빈산,,0.338,,5.9,4.2,토사,False,,
5949,osm,way/799335393,35,예빈산,,0.184,,3.2,2.3,토사,False,,
5950,osm,way/799895340,35,예빈산,,0.662,,11.6,8.3,,False,,
5951,osm,way/799895340,35,예빈산,,0.33,,5.8,4.1,,False,,
5952,osm,way/799895340,35,예빈산,,0.033,,0.6,0.4,,False,,
5953,osm,way/799895341,35,예빈산,,0.715,,12.5,8.9,,False,,
5954,osm,way/799895341,35,예빈산,,0.002,,0.0,0.0,,False,,
5955,osm,way/799895342,35,예빈산,,0.001,,0.0,0.0,,False,,
5956,osm,way/799895342,35,예빈산,,0.312,,5.5,3.9,,False,,
5957,osm,way/799895343,35,예빈산,,0.002,,0.0,0.0,토사,False,,
5958,osm,way/799895343,35,예빈산,,0.898,,15.7,11.2,토사,False,,
5959,osm,way/799895343,35,예빈산,,0.004,,0.1,0.0,토사,False,,
5960,osm,way/799895343,35,예빈산,,1.09,,19.1,13.6,토사,False,,
5961,osm,way/799895343,35,예빈산,,0.604,,10.6,7.6,토사,False,,
5962,osm,way/799895343,35,예빈산,,0.378,,6.6,4.7,토사,False,,
5963,osm,way/799895343,35,예빈산,,3.021,,52.9,37.8,토사,False,,
5964,osm,way/799985075,35,예빈산,,0.17,,3.0,2.1,,False,,
5965,osm,way/799985076,35,예빈산,,0.049,,0.8,0.6,,False,,
5966,osm,way/799985076,35,예빈산,,1.065,,18.6,13.3,,False,,
5967,osm,way/965657640,35,예빈산,,0.815,,14.3,10.2,,False,,
5968,osm,way/965657641,35,예빈산,,1.003,,17.5,12.5,,False,,
5969,osm,way/965657641,35,예빈산,,0.116,,2.0,1.4,,False,,
5970,osm,way/965657641,35,예빈산,,0.159,,2.8,2.0,,False,,
5971,osm,way/965657642,35,예빈산,,0.045,,0.8,0.6,,False,,
5972,osm,way/965657642,35,예빈산,,0.069,,1.2,0.9,,False,,
5973,osm,way/1105185026,35,예빈산,,0.453,,7.9,5.7,토사,False,,
5974,osm,way/1106487612,35,예빈산,,0.009,,0.1,0.1,토사,False,,
5975,osm,way/1106487612,35,예빈산,,0.052,,0.9,0.6,토사,False,,
5976,osm,way/1106487612,35,예빈산,,0.267,,4.7,3.3,토사,False,,
5977,osm,way/1106487612,35,예빈산,,0.271,,4.7,3.4,토사,False,,
5978,osm,way/1106487614,35,예빈산,,1.329,,23.3,16.6,토사,False,,
5979,osm,way/1106552758,35,예빈산,,2.757,,48.3,34.5,토사,False,,
5980,osm,way/1125306044,35,예빈산,,0.699,,12.2,8.7,토사,False,,
5981,osm,way/1125306045,35,예빈산,,0.998,,17.5,12.5,토사,False,,
5982,osm,way/1125306045,35,예빈산,,0.351,,6.1,4.4,토사,False,,
5983,osm,way/1125306046,35,예빈산,,0.421,,7.4,5.3,,False,,
5984,osm,way/1125306047,35,예빈산,,0.534,,9.3,6.7,,False,,
5985,osm,way/1125306048,35,예빈산,,0.411,,7.2,5.1,토사,False,,
5986,osm,way/1125306048,35,예빈산,,1.111,,19.4,13.9,토사,False,,
5987,osm,way/1125306049,35,예빈산,,0.961,,16.8,12.0,토사,False,,
5988,osm,way/1125306055,35,예빈산,,1.035,,18.1,12.9,토사,False,,
5989,osm,way/1125306056,35,예빈산,,0.371,,6.5,4.6,토사,False,,
5990,osm,way/1125306057,35,예빈산,,0.995,,17.4,12.4,토사,False,,
5991,osm,way/1125306058,35,예빈산,,1.165,,20.4,14.6,토사,False,,
5992,osm,way/1125306059,35,예빈산,,0.063,,1.1,0.8,토사,False,,
5993,osm,way/1125306060,35,예빈산,,0.268,,4.7,3.3,토사,False,,
5994,osm,way/1125306061,35,예빈산,,0.196,,3.4,2.5,토사,False,,
5995,osm,way/1125306061,35,예빈산,,0.179,,3.1,2.2,토사,False,,
5996,osm,way/1125306061,35,예빈산,,0.084,,1.5,1.0,토사,False,,
5997,osm,way/1125306062,35,예빈산,,4.19,,73.3,52.4,토사,False,,
5998,osm,way/1125306063,35,예빈산,,0.412,,7.2,5.1,토사,False,,
5999,osm,way/1125306064,35,예빈산,,0.914,,16.0,11.4,토사,False,,
6000,osm,way/1125306065,35,예빈산,,0.417,,7.3,5.2,토사,False,,
6001,osm,way/1125306071,35,예빈산,,0.353,,6.2,4.4,,False,,
6002,osm,way/1125306071,35,예빈산,,0.237,,4.1,3.0,,False,,
6003,osm,way/1125306072,35,예빈산,,0.194,,3.4,2.4,토사,False,,
6004,osm,way/1125306072,35,예빈산,,1.808,,31.6,22.6,토사,False,,
6005,osm,way/1125306075,35,예빈산,,1.144,,20.0,14.3,토사,False,,
6006,osm,way/1125306077,35,예빈산,,0.319,,5.6,4.0,토사,False,,
6007,osm,way/1125306079,35,예빈산,,0.258,,4.5,3.2,토사,False,,
6008,osm,way/1125306080,35,예빈산,,0.086,,1.5,1.1,토사,False,,
6009,osm,way/1125306080,35,예빈산,,0.31,,5.4,3.9,토사,False,,
6010,osm,way/1125306080,35,예빈산,,0.092,,1.6,1.2,토사,False,,
6011,osm,way/1125306081,35,예빈산,,0.256,,4.5,3.2,토사,False,,
6012,osm,way/1125306082,35,예빈산,,0.261,,4.6,3.3,토사,False,,
6013,osm,way/1125306082,35,예빈산,,0.364,,6.4,4.6,토사,False,,
6014,osm,way/1125306083,35,예빈산,,0.291,,5.1,3.6,토사,False,,
6015,osm,way/1125306084,35,예빈산,,0.927,,16.2,11.6,토사,False,,
6016,osm,way/1125306088,35,예빈산,,0.225,,3.9,2.8,토사,False,,
6017,osm,way/1125306088,35,예빈산,,0.016,,0.3,0.2,토사,False,,
6018,osm,way/1125306088,35,예빈산,,0.947,,16.6,11.8,토사,False,,
6019,osm,way/1125306089,35,예빈산,,1.875,,32.8,23.4,토사,False,,
6020,osm,way/1150881168,35,예빈산,,0.669,,11.7,8.4,토사,False,,
6021,osm,way/1150881169,35,예빈산,,0.576,,10.1,7.2,토사,False,,
6022,osm,way/1150881170,35,예빈산,,0.063,,1.1,0.8,토사,False,,
6023,osm,way/1150881171,35,예빈산,,0.049,,0.9,0.6,토사,False,,
6024,osm,way/1150881172,35,예빈산,,0.609,,10.7,7.6,토사,False,,
6025,osm,way/1150881173,35,예빈산,,0.199,,3.5,2.5,토사,False,,
6026,osm,way/1150881174,35,예빈산,,0.165,,2.9,2.1,토사,False,,
6027,osm,way/1150881175,35,예빈산,,0.291,,5.1,3.6,토사,False,,
6028,osm,way/1150881177,35,예빈산,,0.362,,6.3,4.5,토사,False,,
6029,osm,way/1150881178,35,예빈산,,0.754,,13.2,9.4,토사,False,,
6030,osm,way/1150881179,35,예빈산,,0.492,,8.6,6.2,토사,False,,
6031,osm,way/1150881180,35,예빈산,,0.003,,0.1,0.0,토사,False,,
6032,osm,way/1150881181,35,예빈산,,1.196,,20.9,14.9,토사,False,,
6033,osm,way/1150881182,35,예빈산,,0.028,,0.5,0.4,토사,False,,
6034,osm,way/1150881183,35,예빈산,,0.304,,5.3,3.8,토사,False,,
6035,osm,way/1150881183,35,예빈산,,0.175,,3.1,2.2,토사,False,,
6036,osm,way/1150881184,35,예빈산,,0.615,,10.8,7.7,토사,False,,
6037,osm,way/1150881185,35,예빈산,,0.004,,0.1,0.0,토사,False,,
6038,osm,way/1150881185,35,예빈산,,0.761,,13.3,9.5,토사,False,,
6039,osm,way/1150881186,35,예빈산,,0.312,,5.5,3.9,토사,False,,
6040,osm,way/1150881187,35,예빈산,,0.335,,5.9,4.2,토사,False,,
6041,osm,way/1150881188,35,예빈산,,0.151,,2.6,1.9,토사,False,,
6042,osm,way/1150881189,35,예빈산,,0.059,,1.0,0.7,토사,False,,
6043,osm,way/1150881190,35,예빈산,,0.312,,5.5,3.9,토사,False,,
6044,osm,way/1150881191,35,예빈산,,0.998,,17.5,12.5,토사,False,,
6045,osm,way/1150881192,35,예빈산,,0.047,,0.8,0.6,토사,False,,
6046,osm,way/1150881193,35,예빈산,,0.021,,0.4,0.3,토사,False,,
6047,osm,way/1150881194,35,예빈산,,0.108,,1.9,1.4,토사,False,,
6048,osm,way/1150881195,35,예빈산,,0.125,,2.2,1.6,토사,False,,
6049,osm,way/1150881196,35,예빈산,,0.003,,0.0,0.0,토사,False,,
6050,osm,way/1150881197,35,예빈산,,0.143,,2.5,1.8,토사,False,,
6051,osm,way/1150881198,35,예빈산,,0.572,,10.0,7.1,토사,False,,
6052,osm,way/1150883078,35,예빈산,,0.112,,2.0,1.4,토사,False,,
6053,osm,way/1150883079,35,예빈산,,0.1,,1.7,1.2,,False,,
6054,osm,way/1150883079,35,예빈산,,0.048,,0.8,0.6,,False,,
6055,osm,way/1150883080,35,예빈산,,0.149,,2.6,1.9,,False,,
6056,osm,way/1150883080,35,예빈산,,0.022,,0.4,0.3,,False,,
6057,osm,way/1150883080,35,예빈산,,0.215,,3.8,2.7,,False,,
6058,osm,way/1150883080,35,예빈산,,0.331,,5.8,4.1,,False,,
6059,osm,way/1150883080,35,예빈산,,0.515,,9.0,6.4,,False,,
6060,osm,way/1150883081,35,예빈산,,0.279,,4.9,3.5,토사,False,,
6061,osm,way/1150883983,35,예빈산,,1.425,,24.9,17.8,토사,False,,
6062,osm,way/1150884489,35,예빈산,,0.021,,0.4,0.3,,False,,
6063,osm,way/1150884489,35,예빈산,,0.88,,15.4,11.0,,False,,
6064,osm,way/1150884490,35,예빈산,,0.301,,5.3,3.8,토사,False,,
6065,osm,way/1208925857,35,예빈산,,0.098,,1.7,1.2,토사,False,,
6066,osm,way/1356617614,35,예빈산,,0.247,,4.3,3.1,,False,,
6067,osm,way/1356617615,35,예빈산,,0.329,,5.8,4.1,,False,,
6068,osm,way/1413542956,35,예빈산,,0.011,,0.2,0.1,,False,,
6069,osm,way/1413542957,35,예빈산,,0.009,,0.2,0.1,,False,,
6070,osm,way/1413542958,35,예빈산,,0.011,,0.2,0.1,,False,,
6071,osm,way/1413542959,35,예빈산,,0.009,,0.2,0.1,,False,,
6072,osm,way/1413542960,35,예빈산,,0.009,,0.2,0.1,,False,,
6073,osm,way/1413542961,35,예빈산,,0.002,,0.0,0.0,,False,,
6074,osm,way/53843940,37,적갑산,,0.582,,10.2,7.3,,False,,
6075,osm,way/53843948,37,적갑산,,0.145,,2.5,1.8,,False,,
6076,osm,way/53843948,37,적갑산,,0.153,,2.7,1.9,,False,,
6077,osm,way/53843948,37,적갑산,,0.484,,8.5,6.0,,False,,
6078,osm,way/53843948,37,적갑산,,0.147,,2.6,1.8,,False,,
6079,osm,way/53843948,37,적갑산,,1.143,,20.0,14.3,,False,,
6080,osm,way/53843948,37,적갑산,,0.314,,5.5,3.9,,False,,
6081,osm,way/53843948,37,적갑산,,0.49,,8.6,6.1,,False,,
6082,osm,way/71711689,37,적갑산,,0.056,,1.0,0.7,,False,,
6083,osm,way/71711727,37,적갑산,,0.006,,0.1,0.1,,False,,
6084,osm,way/71711727,37,적갑산,,0.16,,2.8,2.0,,False,,
6085,osm,way/71711727,37,적갑산,,0.138,,2.4,1.7,,False,,
6086,osm,way/71711727,37,적갑산,,0.338,,5.9,4.2,,False,,
6087,osm,way/71711727,37,적갑산,,0.358,,6.3,4.5,,False,,
6088,osm,way/71711763,37,적갑산,,0.012,,0.2,0.2,,False,,
6089,osm,way/71711763,37,적갑산,,0.048,,0.8,0.6,,False,,
6090,osm,way/71711763,37,적갑산,,0.566,,9.9,7.1,,False,,
6091,osm,way/71711763,37,적갑산,,0.195,,3.4,2.4,,False,,
6092,osm,way/71711763,37,적갑산,,0.572,,10.0,7.2,,False,,
6093,osm,way/71711763,37,적갑산,,0.195,,3.4,2.4,,False,,
6094,osm,way/71711763,37,적갑산,,0.159,,2.8,2.0,,False,,
6095,osm,way/71711763,37,적갑산,,0.688,,12.0,8.6,,False,,
6096,osm,way/71711763,37,적갑산,,0.318,,5.6,4.0,,False,,
6097,osm,way/71711763,37,적갑산,,0.356,,6.2,4.4,,False,,
6098,osm,way/71711763,37,적갑산,,0.429,,7.5,5.4,,False,,
6099,osm,way/71711763,37,적갑산,,0.31,,5.4,3.9,,False,,
6100,osm,way/71711763,37,적갑산,,0.094,,1.6,1.2,,False,,
6101,osm,way/71711763,37,적갑산,,0.125,,2.2,1.6,,False,,
6102,osm,way/133033970,37,적갑산,,1.429,,25.0,17.9,,False,,
6103,osm,way/133033970,37,적갑산,,1.122,,19.6,14.0,,False,,
6104,osm,way/133033970,37,적갑산,,0.356,,6.2,4.5,,False,,
6105,osm,way/133033970,37,적갑산,,1.241,,21.7,15.5,,False,,
6106,osm,way/133033970,37,적갑산,,0.035,,0.6,0.4,,False,,
6107,osm,way/133033970,37,적갑산,,0.281,,4.9,3.5,,False,,
6108,osm,way/133033970,37,적갑산,,0.409,,7.2,5.1,,False,,
6109,osm,way/133033970,37,적갑산,,0.076,,1.3,0.9,,False,,
6110,osm,way/133033970,37,적갑산,,0.596,,10.4,7.5,,False,,
6111,osm,way/133033970,37,적갑산,,0.666,,11.7,8.3,,False,,
6112,osm,way/574421120,37,적갑산,천마지맥,3.281,,57.4,41.0,,False,,
6113,osm,way/651202993,37,적갑산,,0.087,,1.5,1.1,,False,,
6114,osm,way/651202993,37,적갑산,,0.664,,11.6,8.3,,False,,
6115,osm,way/651202995,37,적갑산,,0.177,,3.1,2.2,,False,,
6116,osm,way/651202995,37,적갑산,,0.697,,12.2,8.7,,False,,
6117,osm,way/651202996,37,적갑산,,0.47,,8.2,5.9,,False,,
6118,osm,way/651202996,37,적갑산,,0.271,,4.8,3.4,,False,,
6119,osm,way/651203002,37,적갑산,,1.054,,18.4,13.2,,False,,
6120,osm,way/651203002,37,적갑산,,0.788,,13.8,9.8,,False,,
6121,osm,way/651203004,37,적갑산,,0.016,,0.3,0.2,,False,,
6122,osm,way/651203004,37,적갑산,,1.566,,27.4,19.6,,False,,
6123,osm,way/651203005,37,적갑산,,0.598,,10.5,7.5,,False,,
6124,osm,way/651203005,37,적갑산,,0.496,,8.7,6.2,,False,,
6125,osm,way/651203005,37,적갑산,,0.841,,14.7,10.5,,False,,
6126,osm,way/651203005,37,적갑산,,0.058,,1.0,0.7,,False,,
6127,osm,way/651203006,37,적갑산,,0.07,,1.2,0.9,,False,,
6128,osm,way/651203006,37,적갑산,,0.378,,6.6,4.7,,False,,
6129,osm,way/651203007,37,적갑산,,1.203,,21.1,15.0,,False,,
6130,osm,way/651203007,37,적갑산,,0.081,,1.4,1.0,,False,,
6131,osm,way/651203008,37,적갑산,,0.444,,7.8,5.6,,False,,
6132,osm,way/651203009,37,적갑산,,0.175,,3.1,2.2,,False,,
6133,osm,way/651203009,37,적갑산,,0.382,,6.7,4.8,,False,,
6134,osm,way/651203009,37,적갑산,,0.476,,8.3,6.0,,False,,
6135,osm,way/651203009,37,적갑산,,0.264,,4.6,3.3,,False,,
6136,osm,way/651203009,37,적갑산,,0.491,,8.6,6.1,,False,,
6137,osm,way/651203009,37,적갑산,,0.227,,4.0,2.8,,False,,
6138,osm,way/651203009,37,적갑산,,1.173,,20.5,14.7,,False,,
6139,osm,way/651203009,37,적갑산,,0.594,,10.4,7.4,,False,,
6140,osm,way/651203009,37,적갑산,,0.26,,4.5,3.2,,False,,
6141,osm,way/651203010,37,적갑산,,0.176,,3.1,2.2,,False,,
6142,osm,way/651203011,37,적갑산,,0.29,,5.1,3.6,,False,,
6143,osm,way/651203011,37,적갑산,,0.259,,4.5,3.2,,False,,
6144,osm,way/651203011,37,적갑산,,0.688,,12.0,8.6,,False,,
6145,osm,way/651203011,37,적갑산,,0.194,,3.4,2.4,,False,,
6146,osm,way/651203011,37,적갑산,,0.529,,9.3,6.6,,False,,
6147,osm,way/651203015,37,적갑산,,0.026,,0.5,0.3,,False,,
6148,osm,way/799335393,37,적갑산,,0.048,,0.8,0.6,토사,False,,
6149,osm,way/799335393,37,적갑산,,0.333,,5.8,4.2,토사,False,,
6150,osm,way/799335393,37,적갑산,,0.353,,6.2,4.4,토사,False,,
6151,osm,way/799335393,37,적갑산,,0.538,,9.4,6.7,토사,False,,
6152,osm,way/799335393,37,적갑산,,0.283,,5.0,3.5,토사,False,,
6153,osm,way/799335393,37,적갑산,,1.115,,19.5,13.9,토사,False,,
6154,osm,way/799335393,37,적갑산,,0.602,,10.5,7.5,토사,False,,
6155,osm,way/799335393,37,적갑산,,0.913,,16.0,11.4,토사,False,,
6156,osm,way/799335393,37,적갑산,,0.001,,0.0,0.0,토사,False,,
6157,osm,way/799335393,37,적갑산,,0.002,,0.0,0.0,토사,False,,
6158,osm,way/799335393,37,적갑산,,0.338,,5.9,4.2,토사,False,,
6159,osm,way/799335393,37,적갑산,,0.184,,3.2,2.3,토사,False,,
6160,osm,way/799895340,37,적갑산,,0.662,,11.6,8.3,,False,,
6161,osm,way/799895340,37,적갑산,,0.33,,5.8,4.1,,False,,
6162,osm,way/799895340,37,적갑산,,0.033,,0.6,0.4,,False,,
6163,osm,way/799895341,37,적갑산,,0.715,,12.5,8.9,,False,,
6164,osm,way/799895341,37,적갑산,,0.002,,0.0,0.0,,False,,
6165,osm,way/799895342,37,적갑산,,0.001,,0.0,0.0,,False,,
6166,osm,way/799895342,37,적갑산,,0.312,,5.5,3.9,,False,,
6167,osm,way/799895343,37,적갑산,,0.002,,0.0,0.0,토사,False,,
6168,osm,way/799895343,37,적갑산,,0.898,,15.7,11.2,토사,False,,
6169,osm,way/799895343,37,적갑산,,0.004,,0.1,0.0,토사,False,,
6170,osm,way/799895343,37,적갑산,,0.746,,13.1,9.3,토사,False,,
6171,osm,way/799895343,37,적갑산,,0.343,,6.0,4.3,토사,False,,
6172,osm,way/799895343,37,적갑산,,0.546,,9.5,6.8,토사,False,,
6173,osm,way/799895343,37,적갑산,,0.059,,1.0,0.7,토사,False,,
6174,osm,way/799895343,37,적갑산,,0.378,,6.6,4.7,토사,False,,
6175,osm,way/799895343,37,적갑산,,1.532,,26.8,19.1,토사,False,,
6176,osm,way/799895343,37,적갑산,,0.726,,12.7,9.1,토사,False,,
6177,osm,way/799895343,37,적갑산,,0.763,,13.4,9.5,토사,False,,
6178,osm,way/799985075,37,적갑산,,0.17,,3.0,2.1,,False,,
6179,osm,way/799985076,37,적갑산,,0.049,,0.8,0.6,,False,,
6180,osm,way/799985076,37,적갑산,,1.065,,18.6,13.3,,False,,
6181,osm,way/965657640,37,적갑산,,0.815,,14.3,10.2,,False,,
6182,osm,way/965657641,37,적갑산,,1.003,,17.5,12.5,,False,,
6183,osm,way/965657641,37,적갑산,,0.116,,2.0,1.4,,False,,
6184,osm,way/965657641,37,적갑산,,0.159,,2.8,2.0,,False,,
6185,osm,way/965657642,37,적갑산,,0.045,,0.8,0.6,,False,,
6186,osm,way/965657642,37,적갑산,,0.069,,1.2,0.9,,False,,
6187,osm,way/1105185026,37,적갑산,,0.453,,7.9,5.7,토사,False,,
6188,osm,way/1106487612,37,적갑산,,0.009,,0.1,0.1,토사,False,,
6189,osm,way/1106487612,37,적갑산,,0.052,,0.9,0.6,토사,False,,
6190,osm,way/1106487612,37,적갑산,,0.267,,4.7,3.3,토사,False,,
6191,osm,way/1106487612,37,적갑산,,0.271,,4.7,3.4,토사,False,,
6192,osm,way/1106487614,37,적갑산,,1.329,,23.3,16.6,토사,False,,
6193,osm,way/1106552755,37,적갑산,천마지맥,1.181,,20.7,14.8,,False,,
6194,osm,way/1106552755,37,적갑산,천마지맥,0.143,,2.5,1.8,,False,,
6195,osm,way/1106552755,37,적갑산,천마지맥,0.431,,7.5,5.4,,False,,
6196,osm,way/1106552755,37,적갑산,천마지맥,0.334,,5.9,4.2,,False,,
6197,osm,way/1106552758,37,적갑산,,1.253,,21.9,15.7,토사,False,,
6198,osm,way/1106552758,37,적갑산,,0.029,,0.5,0.4,토사,False,,
6199,osm,way/1106552758,37,적갑산,,0.57,,10.0,7.1,토사,False,,
6200,osm,way/1106552758,37,적갑산,,0.064,,1.1,0.8,토사,False,,
6201,osm,way/1106552758,37,적갑산,,0.528,,9.2,6.6,토사,False,,
6202,osm,way/1106552758,37,적갑산,,0.313,,5.5,3.9,토사,False,,
6203,osm,way/1125306039,37,적갑산,,0.088,,1.5,1.1,토사,False,,
6204,osm,way/1125306040,37,적갑산,,0.13,,2.3,1.6,토사,False,,
6205,osm,way/1125306042,37,적갑산,,0.743,,13.0,9.3,,False,,
6206,osm,way/1125306043,37,적갑산,,0.706,,12.4,8.8,토사,False,,
6207,osm,way/1125306044,37,적갑산,,0.699,,12.2,8.7,토사,False,,
6208,osm,way/1125306045,37,적갑산,,0.998,,17.5,12.5,토사,False,,
6209,osm,way/1125306045,37,적갑산,,0.351,,6.1,4.4,토사,False,,
6210,osm,way/1125306046,37,적갑산,,0.421,,7.4,5.3,,False,,
6211,osm,way/1125306047,37,적갑산,,0.534,,9.3,6.7,,False,,
6212,osm,way/1125306048,37,적갑산,,0.411,,7.2,5.1,토사,False,,
6213,osm,way/1125306048,37,적갑산,,1.111,,19.4,13.9,토사,False,,
6214,osm,way/1125306049,37,적갑산,,0.961,,16.8,12.0,토사,False,,
6215,osm,way/1125306050,37,적갑산,,0.055,,1.0,0.7,토사,False,,
6216,osm,way/1125306051,37,적갑산,,0.598,,10.5,7.5,토사,False,,
6217,osm,way/1125306055,37,적갑산,,1.035,,18.1,12.9,토사,False,,
6218,osm,way/1125306056,37,적갑산,,0.371,,6.5,4.6,토사,False,,
6219,osm,way/1125306057,37,적갑산,,0.995,,17.4,12.4,토사,False,,
6220,osm,way/1125306058,37,적갑산,,1.165,,20.4,14.6,토사,False,,
6221,osm,way/1125306059,37,적갑산,,0.063,,1.1,0.8,토사,False,,
6222,osm,way/1125306060,37,적갑산,,0.268,,4.7,3.3,토사,False,,
6223,osm,way/1125306061,37,적갑산,,0.196,,3.4,2.5,토사,False,,
6224,osm,way/1125306061,37,적갑산,,0.179,,3.1,2.2,토사,False,,
6225,osm,way/1125306061,37,적갑산,,0.084,,1.5,1.0,토사,False,,
6226,osm,way/1125306062,37,적갑산,,4.19,,73.3,52.4,토사,False,,
6227,osm,way/1125306063,37,적갑산,,0.412,,7.2,5.1,토사,False,,
6228,osm,way/1125306064,37,적갑산,,0.914,,16.0,11.4,토사,False,,
6229,osm,way/1125306065,37,적갑산,,0.417,,7.3,5.2,토사,False,,
6230,osm,way/1125306067,37,적갑산,,0.499,,8.7,6.2,토사,False,,
6231,osm,way/1125306067,37,적갑산,,0.34,,5.9,4.2,토사,False,,
6232,osm,way/1125306068,37,적갑산,,1.322,,23.1,16.5,토사,False,,
6233,osm,way/1125306069,37,적갑산,,0.676,,11.8,8.4,토사,False,,
6234,osm,way/1125306070,37,적갑산,,0.13,,2.3,1.6,토사,False,,
6235,osm,way/1125306070,37,적갑산,,0.077,,1.4,1.0,토사,False,,
6236,osm,way/1125306070,37,적갑산,,0.439,,7.7,5.5,토사,False,,
6237,osm,way/1125306071,37,적갑산,,0.353,,6.2,4.4,,False,,
6238,osm,way/1125306071,37,적갑산,,0.237,,4.1,3.0,,False,,
6239,osm,way/1125306072,37,적갑산,,0.194,,3.4,2.4,토사,False,,
6240,osm,way/1125306072,37,적갑산,,1.808,,31.6,22.6,토사,False,,
6241,osm,way/1125306075,37,적갑산,,1.144,,20.0,14.3,토사,False,,
6242,osm,way/1125306077,37,적갑산,,0.319,,5.6,4.0,토사,False,,
6243,osm,way/1125306079,37,적갑산,,0.258,,4.5,3.2,토사,False,,
6244,osm,way/1125306080,37,적갑산,,0.086,,1.5,1.1,토사,False,,
6245,osm,way/1125306080,37,적갑산,,0.31,,5.4,3.9,토사,False,,
6246,osm,way/1125306080,37,적갑산,,0.092,,1.6,1.2,토사,False,,
6247,osm,way/1125306081,37,적갑산,,0.256,,4.5,3.2,토사,False,,
6248,osm,way/1125306082,37,적갑산,,0.261,,4.6,3.3,토사,False,,
6249,osm,way/1125306082,37,적갑산,,0.364,,6.4,4.6,토사,False,,
6250,osm,way/1125306083,37,적갑산,,0.291,,5.1,3.6,토사,False,,
6251,osm,way/1125306084,37,적갑산,,0.927,,16.2,11.6,토사,False,,
6252,osm,way/1125306088,37,적갑산,,0.225,,3.9,2.8,토사,False,,
6253,osm,way/1125306088,37,적갑산,,0.016,,0.3,0.2,토사,False,,
6254,osm,way/1125306088,37,적갑산,,0.947,,16.6,11.8,토사,False,,
6255,osm,way/1125306089,37,적갑산,,1.875,,32.8,23.4,토사,False,,
6256,osm,way/1150881168,37,적갑산,,0.669,,11.7,8.4,토사,False,,
6257,osm,way/1150881169,37,적갑산,,0.576,,10.1,7.2,토사,False,,
6258,osm,way/1150881170,37,적갑산,,0.063,,1.1,0.8,토사,False,,
6259,osm,way/1150881171,37,적갑산,,0.049,,0.9,0.6,토사,False,,
6260,osm,way/1150881172,37,적갑산,,0.609,,10.7,7.6,토사,False,,
6261,osm,way/1150881173,37,적갑산,,0.199,,3.5,2.5,토사,False,,
6262,osm,way/1150881174,37,적갑산,,0.165,,2.9,2.1,토사,False,,
6263,osm,way/1150881175,37,적갑산,,0.291,,5.1,3.6,토사,False,,
6264,osm,way/1150881177,37,적갑산,,0.362,,6.3,4.5,토사,False,,
6265,osm,way/1150881178,37,적갑산,,0.754,,13.2,9.4,토사,False,,
6266,osm,way/1150881179,37,적갑산,,0.492,,8.6,6.2,토사,False,,
6267,osm,way/1150881180,37,적갑산,,0.003,,0.1,0.0,토사,False,,
6268,osm,way/1150881181,37,적갑산,,1.196,,20.9,14.9,토사,False,,
6269,osm,way/1150881182,37,적갑산,,0.028,,0.5,0.4,토사,False,,
6270,osm,way/1150881183,37,적갑산,,0.304,,5.3,3.8,토사,False,,
6271,osm,way/1150881183,37,적갑산,,0.175,,3.1,2.2,토사,False,,
6272,osm,way/1150881184,37,적갑산,,0.615,,10.8,7.7,토사,False,,
6273,osm,way/1150881185,37,적갑산,,0.004,,0.1,0.0,토사,False,,
6274,osm,way/1150881185,37,적갑산,,0.761,,13.3,9.5,토사,False,,
6275,osm,way/1150881186,37,적갑산,,0.312,,5.5,3.9,토사,False,,
6276,osm,way/1150881187,37,적갑산,,0.335,,5.9,4.2,토사,False,,
6277,osm,way/1150881188,37,적갑산,,0.151,,2.6,1.9,토사,False,,
6278,osm,way/1150881189,37,적갑산,,0.059,,1.0,0.7,토사,False,,
6279,osm,way/1150881190,37,적갑산,,0.312,,5.5,3.9,토사,False,,
6280,osm,way/1150881191,37,적갑산,,0.998,,17.5,12.5,토사,False,,
6281,osm,way/1150881192,37,적갑산,,0.047,,0.8,0.6,토사,False,,
6282,osm,way/1150881193,37,적갑산,,0.021,,0.4,0.3,토사,False,,
6283,osm,way/1150881194,37,적갑산,,0.108,,1.9,1.4,토사,False,,
6284,osm,way/1150881195,37,적갑산,,0.125,,2.2,1.6,토사,False,,
6285,osm,way/1150881196,37,적갑산,,0.003,,0.0,0.0,토사,False,,
6286,osm,way/1150881197,37,적갑산,,0.143,,2.5,1.8,토사,False,,
6287,osm,way/1150881198,37,적갑산,,0.572,,10.0,7.1,토사,False,,
6288,osm,way/1150883078,37,적갑산,,0.112,,2.0,1.4,토사,False,,
6289,osm,way/1150883079,37,적갑산,,0.1,,1.7,1.2,,False,,
6290,osm,way/1150883079,37,적갑산,,0.048,,0.8,0.6,,False,,
6291,osm,way/1150883080,37,적갑산,,0.149,,2.6,1.9,,False,,
6292,osm,way/1150883080,37,적갑산,,0.022,,0.4,0.3,,False,,
6293,osm,way/1150883080,37,적갑산,,0.215,,3.8,2.7,,False,,
6294,osm,way/1150883080,37,적갑산,,0.331,,5.8,4.1,,False,,
6295,osm,way/1150883080,37,적갑산,,0.515,,9.0,6.4,,False,,
6296,osm,way/1150883081,37,적갑산,,0.279,,4.9,3.5,토사,False,,
6297,osm,way/1150883983,37,적갑산,,1.425,,24.9,17.8,토사,False,,
6298,osm,way/1150884489,37,적갑산,,0.021,,0.4,0.3,,False,,
6299,osm,way/1150884489,37,적갑산,,0.88,,15.4,11.0,,False,,
6300,osm,way/1150884490,37,적갑산,,0.301,,5.3,3.8,토사,False,,
6301,osm,way/1356617614,37,적갑산,,0.247,,4.3,3.1,,False,,
6302,osm,way/1356617615,37,적갑산,,0.329,,5.8,4.1,,False,,
6303,osm,way/1413542956,37,적갑산,,0.011,,0.2,0.1,,False,,
6304,osm,way/1413542957,37,적갑산,,0.009,,0.2,0.1,,False,,
6305,osm,way/1413542958,37,적갑산,,0.011,,0.2,0.1,,False,,
6306,osm,way/1413542959,37,적갑산,,0.009,,0.2,0.1,,False,,
6307,osm,way/1413542960,37,적갑산,,0.009,,0.2,0.1,,False,,
6308,osm,way/1413542961,37,적갑산,,0.002,,0.0,0.0,,False,,
6309,osm,way/28042929,47,북한산,,0.25,,4.4,3.1,,False,,
6310,osm,way/37538477,47,북한산,,0.069,,1.2,0.9,,False,,
6311,osm,way/37749737,47,북한산,,0.181,,3.2,2.3,토사,False,,
6312,osm,way/38108667,47,북한산,,0.015,,0.3,0.2,,False,,
6313,osm,way/104368380,47,북한산,,0.276,,4.8,3.5,,False,,
6314,osm,way/168404450,47,북한산,,0.046,,0.8,0.6,,False,,
6315,osm,way/168404450,47,북한산,,0.637,,11.1,8.0,,False,,
6316,osm,way/175819047,47,북한산,,0.09,,1.6,1.1,,False,,
6317,osm,way/175819048,47,북한산,,0.099,,1.7,1.2,,False,,
6318,osm,way/177154395,47,북한산,,0.101,,1.8,1.3,,False,,
6319,osm,way/177154395,47,북한산,,0.002,,0.0,0.0,,False,,
6320,osm,way/178086852,47,북한산,,0.196,,3.4,2.4,,False,,
6321,osm,way/178086854,47,북한산,삼천사길,0.471,,8.2,5.9,,False,,
6322,osm,way/178248128,47,북한산,,0.057,,1.0,0.7,,False,,
6323,osm,way/178251864,47,북한산,,0.081,,1.4,1.0,,False,,
6324,osm,way/178251874,47,북한산,,0.113,,2.0,1.4,,False,,
6325,osm,way/178251874,47,북한산,,0.043,,0.7,0.5,,False,,
6326,osm,way/229841902,47,북한산,,0.2,,3.5,2.5,unpaved,False,,
6327,osm,way/237856667,47,북한산,,0.134,,2.3,1.7,포장,False,,
6328,osm,way/253461299,47,북한산,,0.026,,0.5,0.3,,False,,
6329,osm,way/253461299,47,북한산,,0.194,,3.4,2.4,,False,,
6330,osm,way/253461299,47,북한산,,0.245,,4.3,3.1,,False,,
6331,osm,way/310057471,47,북한산,서벽밴드,0.21,,3.7,2.6,,False,,
6332,osm,way/328892192,47,북한산,,0.015,,0.3,0.2,,False,,
6333,osm,way/328892193,47,북한산,,0.813,,14.2,10.2,,False,,
6334,osm,way/329240389,47,북한산,원효길,0.567,,9.9,7.1,,False,험로,
6335,osm,way/329240390,47,북한산,,0.125,,2.2,1.6,,False,,
6336,osm,way/329240390,47,북한산,,0.048,,0.8,0.6,,False,,
6337,osm,way/329589836,47,북한산,,0.04,,0.7,0.5,unpaved,False,험로,
6338,osm,way/329590475,47,북한산,,0.271,,4.7,3.4,unpaved,False,험로,
6339,osm,way/329590476,47,북한산,여우굴길,0.507,,8.9,6.3,,False,,
6340,osm,way/329590476,47,북한산,여우굴길,0.104,,1.8,1.3,,False,,
6341,osm,way/329590476,47,북한산,여우굴길,0.213,,3.7,2.7,,False,,
6342,osm,way/329590478,47,북한산,,0.313,,5.5,3.9,unpaved,False,험로,
6343,osm,way/329590478,47,북한산,,0.319,,5.6,4.0,unpaved,False,험로,
6344,osm,way/329591202,47,북한산,,0.133,,2.3,1.7,,False,,
6345,osm,way/329592209,47,북한산,,0.033,,0.6,0.4,,False,,
6346,osm,way/329592211,47,북한산,원효길,0.83,,14.5,10.4,,False,험로,
6347,osm,way/329592211,47,북한산,원효길,0.324,,5.7,4.1,,False,험로,
6348,osm,way/329614902,47,북한산,,0.131,,2.3,1.6,unpaved,False,험로,
6349,osm,way/374756903,47,북한산,,0.896,,15.7,11.2,,False,,
6350,osm,way/374756903,47,북한산,,0.642,,11.2,8.0,,False,,
6351,osm,way/374756905,47,북한산,,0.324,,5.7,4.1,,False,,
6352,osm,way/374756905,47,북한산,,0.05,,0.9,0.6,,False,,
6353,osm,way/374756905,47,북한산,,0.797,,14.0,10.0,,False,,
6354,osm,way/374756906,47,북한산,,0.565,,9.9,7.1,,False,,
6355,osm,way/374756906,47,북한산,,0.439,,7.7,5.5,,False,,
6356,osm,way/374756906,47,북한산,,0.422,,7.4,5.3,,False,,
6357,osm,way/374756906,47,북한산,,0.27,,4.7,3.4,,False,,
6358,osm,way/374756906,47,북한산,,0.34,,5.9,4.2,,False,,
6359,osm,way/374756909,47,북한산,,0.26,,4.5,3.2,,False,,
6360,osm,way/374756912,47,북한산,,0.439,,7.7,5.5,,False,,
6361,osm,way/374756912,47,북한산,,0.036,,0.6,0.4,,False,,
6362,osm,way/374756912,47,북한산,,0.162,,2.8,2.0,,False,,
6363,osm,way/374756912,47,북한산,,0.089,,1.6,1.1,,False,,
6364,osm,way/374756912,47,북한산,,0.139,,2.4,1.7,,False,,
6365,osm,way/374756912,47,북한산,,0.161,,2.8,2.0,,False,,
6366,osm,way/374756912,47,북한산,,0.286,,5.0,3.6,,False,,
6367,osm,way/374756912,47,북한산,,0.064,,1.1,0.8,,False,,
6368,osm,way/374756912,47,북한산,,0.275,,4.8,3.4,,False,,
6369,osm,way/374756912,47,북한산,,0.077,,1.3,1.0,,False,,
6370,osm,way/374756912,47,북한산,,0.134,,2.4,1.7,,False,,
6371,osm,way/374756912,47,북한산,,0.043,,0.8,0.5,,False,,
6372,osm,way/374756913,47,북한산,1.4Km 00:47,1.382,,24.2,17.3,,False,,
6373,osm,way/374756913,47,북한산,1.4Km 00:47,0.028,,0.5,0.4,,False,,
6374,osm,way/374756915,47,북한산,,1.111,,19.4,13.9,토사,False,,
6375,osm,way/374756915,47,북한산,,0.047,,0.8,0.6,토사,False,,
6376,osm,way/374756915,47,북한산,,0.162,,2.8,2.0,토사,False,,
6377,osm,way/374756916,47,북한산,,0.012,,0.2,0.2,,False,,
6378,osm,way/374756916,47,북한산,,0.046,,0.8,0.6,,False,,
6379,osm,way/374756916,47,북한산,,0.186,,3.3,2.3,,False,,
6380,osm,way/374756916,47,북한산,,0.066,,1.2,0.8,,False,,
6381,osm,way/374756917,47,북한산,,0.212,,3.7,2.6,,False,,
6382,osm,way/374756919,47,북한산,,0.7,,12.2,8.7,,False,,
6383,osm,way/374756920,47,북한산,,0.184,,3.2,2.3,,False,,
6384,osm,way/374756920,47,북한산,,0.016,,0.3,0.2,,False,,
6385,osm,way/374756922,47,북한산,,0.264,,4.6,3.3,,False,,
6386,osm,way/374756926,47,북한산,진달래길,0.82,,14.3,10.2,,False,,
6387,osm,way/374756926,47,북한산,진달래길,0.47,,8.2,5.9,,False,,
6388,osm,way/374756926,47,북한산,진달래길,1.051,,18.4,13.1,,False,,
6389,osm,way/374756926,47,북한산,진달래길,0.274,,4.8,3.4,,False,,
6390,osm,way/374756926,47,북한산,진달래길,0.161,,2.8,2.0,,False,,
6391,osm,way/374756926,47,북한산,진달래길,0.043,,0.8,0.5,,False,,
6392,osm,way/374756927,47,북한산,,0.486,,8.5,6.1,,False,,
6393,osm,way/374756928,47,북한산,응봉능선,0.478,,8.4,6.0,,False,,
6394,osm,way/374756928,47,북한산,응봉능선,1.629,,28.5,20.4,,False,,
6395,osm,way/374756929,47,북한산,,0.247,,4.3,3.1,,False,,
6396,osm,way/374756929,47,북한산,,1.721,,30.1,21.5,,False,,
6397,osm,way/374756933,47,북한산,비봉능선,0.266,,4.6,3.3,,False,,
6398,osm,way/374756934,47,북한산,,0.268,,4.7,3.4,,False,,
6399,osm,way/374756935,47,북한산,,0.384,,6.7,4.8,,False,,
6400,osm,way/374756936,47,북한산,,0.163,,2.9,2.0,,False,,
6401,osm,way/374756938,47,북한산,,1.216,,21.3,15.2,,False,,
6402,osm,way/374756940,47,북한산,,0.229,,4.0,2.9,unpaved,False,험로,
6403,osm,way/374756941,47,북한산,,0.254,,4.4,3.2,,False,,
6404,osm,way/374756941,47,북한산,,0.011,,0.2,0.1,,False,,
6405,osm,way/374756943,47,북한산,,0.014,,0.2,0.2,,False,,
6406,osm,way/374756945,47,북한산,,0.013,,0.2,0.2,,False,,
6407,osm,way/374756946,47,북한산,,0.005,,0.1,0.1,,False,,
6408,osm,way/374756947,47,북한산,,0.035,,0.6,0.4,,False,,
6409,osm,way/374756948,47,북한산,,0.015,,0.3,0.2,,False,,
6410,osm,way/374756950,47,북한산,,0.396,,6.9,5.0,,False,,
6411,osm,way/374756952,47,북한산,비봉능선,0.066,,1.2,0.8,,False,,
6412,osm,way/374756952,47,북한산,비봉능선,0.036,,0.6,0.5,,False,,
6413,osm,way/374756952,47,북한산,비봉능선,0.224,,3.9,2.8,,False,,
6414,osm,way/374756954,47,북한산,,0.204,,3.6,2.6,unpaved,False,험로,
6415,osm,way/374756954,47,북한산,,0.048,,0.8,0.6,unpaved,False,험로,
6416,osm,way/374756957,47,북한산,,0.086,,1.5,1.1,,False,,
6417,osm,way/374756957,47,북한산,,0.314,,5.5,3.9,,False,,
6418,osm,way/374756959,47,북한산,,0.013,,0.2,0.2,,False,,
6419,osm,way/374756959,47,북한산,,0.103,,1.8,1.3,,False,,
6420,osm,way/374756959,47,북한산,,0.187,,3.3,2.3,,False,,
6421,osm,way/374756959,47,북한산,,0.042,,0.7,0.5,,False,,
6422,osm,way/374756963,47,북한산,,1.081,,18.9,13.5,,False,,
6423,osm,way/374756964,47,북한산,향로봉능선,0.126,,2.2,1.6,,False,,
6424,osm,way/374756964,47,북한산,향로봉능선,0.086,,1.5,1.1,,False,,
6425,osm,way/374756964,47,북한산,향로봉능선,0.06,,1.0,0.7,,False,,
6426,osm,way/374756970,47,북한산,,0.379,,6.6,4.7,,False,,
6427,osm,way/374756971,47,북한산,,0.169,,3.0,2.1,unpaved,False,험로,
6428,osm,way/374756971,47,북한산,,0.205,,3.6,2.6,unpaved,False,험로,
6429,osm,way/374756971,47,북한산,,0.164,,2.9,2.0,unpaved,False,험로,
6430,osm,way/374756972,47,북한산,,0.717,,12.5,9.0,,False,,
6431,osm,way/374756973,47,북한산,,0.591,,10.3,7.4,,False,,
6432,osm,way/374756975,47,북한산,,0.084,,1.5,1.0,,False,,
6433,osm,way/374756975,47,북한산,,0.371,,6.5,4.6,,False,,
6434,osm,way/374756984,47,북한산,,0.308,,5.4,3.9,,False,,
6435,osm,way/374756984,47,북한산,,0.017,,0.3,0.2,,False,,
6436,osm,way/374756984,47,북한산,,0.039,,0.7,0.5,,False,,
6437,osm,way/374756984,47,북한산,,0.006,,0.1,0.1,,False,,
6438,osm,way/374756984,47,북한산,,0.04,,0.7,0.5,,False,,
6439,osm,way/374756984,47,북한산,,0.024,,0.4,0.3,,False,,
6440,osm,way/374756985,47,북한산,,0.826,,14.4,10.3,,False,,
6441,osm,way/374756988,47,북한산,의상능선,0.165,,2.9,2.1,,False,,
6442,osm,way/374756991,47,북한산,,0.609,,10.7,7.6,unpaved,False,험로,
6443,osm,way/374756991,47,북한산,,0.018,,0.3,0.2,unpaved,False,험로,
6444,osm,way/374756991,47,북한산,,0.025,,0.4,0.3,unpaved,False,험로,
6445,osm,way/374756991,47,북한산,,0.008,,0.1,0.1,unpaved,False,험로,
6446,osm,way/374756994,47,북한산,,0.586,,10.2,7.3,,False,,
6447,osm,way/374756996,47,북한산,,0.101,,1.8,1.3,,False,,
6448,osm,way/374756996,47,북한산,,0.674,,11.8,8.4,,False,,
6449,osm,way/374756999,47,북한산,,1.085,,19.0,13.6,,False,,
6450,osm,way/374756999,47,북한산,,0.007,,0.1,0.1,,False,,
6451,osm,way/374756999,47,북한산,,0.012,,0.2,0.1,,False,,
6452,osm,way/374757001,47,북한산,,0.38,,6.6,4.7,,False,,
6453,osm,way/374757007,47,북한산,,0.041,,0.7,0.5,,False,,
6454,osm,way/374757007,47,북한산,,0.074,,1.3,0.9,,False,,
6455,osm,way/374757007,47,북한산,,0.109,,1.9,1.4,,False,,
6456,osm,way/374757007,47,북한산,,0.026,,0.5,0.3,,False,,
6457,osm,way/374757007,47,북한산,,0.058,,1.0,0.7,,False,,
6458,osm,way/374757007,47,북한산,,0.035,,0.6,0.4,,False,,
6459,osm,way/374757007,47,북한산,,0.036,,0.6,0.5,,False,,
6460,osm,way/374757007,47,북한산,,0.087,,1.5,1.1,,False,,
6461,osm,way/374757007,47,북한산,,0.089,,1.6,1.1,,False,,
6462,osm,way/374757010,47,북한산,,0.189,,3.3,2.4,,False,,
6463,osm,way/374757010,47,북한산,,0.04,,0.7,0.5,,False,,
6464,osm,way/374757014,47,북한산,,0.059,,1.0,0.7,,False,,
6465,osm,way/374757014,47,북한산,,0.066,,1.2,0.8,,False,,
6466,osm,way/374757014,47,북한산,,0.352,,6.2,4.4,,False,,
6467,osm,way/374757021,47,북한산,,1.091,,19.1,13.6,,False,,
6468,osm,way/374757022,47,북한산,,0.13,,2.3,1.6,,False,,
6469,osm,way/374757022,47,북한산,,0.26,,4.5,3.2,,False,,
6470,osm,way/374757022,47,북한산,,0.09,,1.6,1.1,,False,,
6471,osm,way/374757022,47,북한산,,0.174,,3.0,2.2,,False,,
6472,osm,way/374757023,47,북한산,,0.295,,5.2,3.7,,False,,
6473,osm,way/374757023,47,북한산,,0.1,,1.7,1.2,,False,,
6474,osm,way/374757023,47,북한산,,0.022,,0.4,0.3,,False,,
6475,osm,way/374757023,47,북한산,,0.022,,0.4,0.3,,False,,
6476,osm,way/374757024,47,북한산,,0.071,,1.2,0.9,,False,,
6477,osm,way/374757027,47,북한산,,0.082,,1.4,1.0,,False,,
6478,osm,way/374757028,47,북한산,칼바위능선,0.607,,10.6,7.6,,False,,
6479,osm,way/374757030,47,북한산,,0.091,,1.6,1.1,,False,,
6480,osm,way/374757030,47,북한산,,0.286,,5.0,3.6,,False,,
6481,osm,way/374757030,47,북한산,,0.724,,12.7,9.0,,False,,
6482,osm,way/374757031,47,북한산,,0.12,,2.1,1.5,,False,,
6483,osm,way/374757031,47,북한산,,0.028,,0.5,0.4,,False,,
6484,osm,way/374757031,47,북한산,,0.113,,2.0,1.4,,False,,
6485,osm,way/374757031,47,북한산,,0.027,,0.5,0.3,,False,,
6486,osm,way/374757031,47,북한산,,0.089,,1.6,1.1,,False,,
6487,osm,way/374757032,47,북한산,,0.344,,6.0,4.3,,False,,
6488,osm,way/374757033,47,북한산,가사당 길,0.31,,5.4,3.9,,False,,
6489,osm,way/374757033,47,북한산,가사당 길,0.102,,1.8,1.3,,False,,
6490,osm,way/374757037,47,북한산,,0.042,,0.7,0.5,,False,,
6491,osm,way/374757037,47,북한산,,1.572,,27.5,19.6,,False,,
6492,osm,way/374757037,47,북한산,,0.168,,2.9,2.1,,False,,
6493,osm,way/374757037,47,북한산,,0.066,,1.2,0.8,,False,,
6494,osm,way/374757040,47,북한산,,0.096,,1.7,1.2,,False,,
6495,osm,way/374757040,47,북한산,,0.297,,5.2,3.7,,False,,
6496,osm,way/374757040,47,북한산,,0.419,,7.3,5.2,,False,,
6497,osm,way/374757040,47,북한산,,0.324,,5.7,4.0,,False,,
6498,osm,way/374757046,47,북한산,,0.783,,13.7,9.8,,False,,
6499,osm,way/374757047,47,북한산,칼바위능선,0.163,,2.8,2.0,unpaved,False,험로,
6500,osm,way/374757047,47,북한산,칼바위능선,0.003,,0.0,0.0,unpaved,False,험로,
6501,osm,way/374757047,47,북한산,칼바위능선,0.454,,7.9,5.7,unpaved,False,험로,
6502,osm,way/374757047,47,북한산,칼바위능선,0.283,,5.0,3.5,unpaved,False,험로,
6503,osm,way/374757049,47,북한산,,0.636,,11.1,7.9,,False,,
6504,osm,way/374757049,47,북한산,,0.182,,3.2,2.3,,False,,
6505,osm,way/374757050,47,북한산,,0.087,,1.5,1.1,,False,,
6506,osm,way/374757052,47,북한산,,0.112,,2.0,1.4,unpaved,False,험로,
6507,osm,way/374757053,47,북한산,,0.2,,3.5,2.5,,False,,
6508,osm,way/374757054,47,북한산,,0.255,,4.5,3.2,unpaved,False,험로,
6509,osm,way/374757054,47,북한산,,0.231,,4.0,2.9,unpaved,False,험로,
6510,osm,way/374757054,47,북한산,,0.046,,0.8,0.6,unpaved,False,험로,
6511,osm,way/374757054,47,북한산,,0.88,,15.4,11.0,unpaved,False,험로,
6512,osm,way/374757055,47,북한산,칼바위능선,0.939,,16.4,11.7,unpaved,False,험로,
6513,osm,way/374757055,47,북한산,칼바위능선,0.014,,0.3,0.2,unpaved,False,험로,
6514,osm,way/374757059,47,북한산,,0.883,,15.4,11.0,,False,,
6515,osm,way/374757060,47,북한산,진관사계곡,1.08,,18.9,13.5,,False,,
6516,osm,way/374757065,47,북한산,,0.016,,0.3,0.2,,False,,
6517,osm,way/374757065,47,북한산,,0.643,,11.3,8.0,,False,,
6518,osm,way/374757065,47,북한산,,0.255,,4.5,3.2,,False,,
6519,osm,way/374757065,47,북한산,,0.255,,4.5,3.2,,False,,
6520,osm,way/374757065,47,북한산,,0.135,,2.4,1.7,,False,,
6521,osm,way/374757069,47,북한산,0.6Km 00:19,0.046,,0.8,0.6,,False,,
6522,osm,way/374757069,47,북한산,0.6Km 00:19,0.029,,0.5,0.4,,False,,
6523,osm,way/374757069,47,북한산,0.6Km 00:19,0.303,,5.3,3.8,,False,,
6524,osm,way/374757070,47,북한산,,0.2,,3.5,2.5,,False,,
6525,osm,way/374757071,47,북한산,,0.175,,3.1,2.2,,False,,
6526,osm,way/374757073,47,북한산,,0.41,,7.2,5.1,,False,,
6527,osm,way/374757073,47,북한산,,0.467,,8.2,5.8,,False,,
6528,osm,way/374757073,47,북한산,,0.489,,8.6,6.1,,False,,
6529,osm,way/374757074,47,북한산,,0.195,,3.4,2.4,,False,,
6530,osm,way/374757077,47,북한산,,0.123,,2.2,1.5,,False,,
6531,osm,way/374757078,47,북한산,계곡탐방로,0.041,,0.7,0.5,,False,,
6532,osm,way/374757079,47,북한산,계곡탐방로,0.09,,1.6,1.1,,False,,
6533,osm,way/374757079,47,북한산,계곡탐방로,0.361,,6.3,4.5,,False,,
6534,osm,way/374757079,47,북한산,계곡탐방로,0.059,,1.0,0.7,,False,,
6535,osm,way/374757079,47,북한산,계곡탐방로,0.654,,11.4,8.2,,False,,
6536,osm,way/374757079,47,북한산,계곡탐방로,0.057,,1.0,0.7,,False,,
6537,osm,way/374757080,47,북한산,구기계곡 길,0.018,,0.3,0.2,,False,,
6538,osm,way/374757080,47,북한산,구기계곡 길,1.384,,24.2,17.3,,False,,
6539,osm,way/374757081,47,북한산,노적봉길,1.977,,34.6,24.7,,False,,
6540,osm,way/374757082,47,북한산,대동문길,0.523,,9.1,6.5,,False,,
6541,osm,way/374757083,47,북한산,백운동계곡,0.049,,0.9,0.6,,False,,
6542,osm,way/374757083,47,북한산,백운동계곡,0.295,,5.2,3.7,,False,,
6543,osm,way/374757084,47,북한산,부왕동계곡,0.692,,12.1,8.6,,False,,
6544,osm,way/374757085,47,북한산,북장대지길,0.778,,13.6,9.7,,False,,
6545,osm,way/374757096,47,북한산,옥류동길,0.306,,5.4,3.8,,False,,
6546,osm,way/374757097,47,북한산,옥류동길,0.47,,8.2,5.9,,False,,
6547,osm,way/374757098,47,북한산,용암길,1.12,,19.6,14.0,,False,험로,
6548,osm,way/374757098,47,북한산,용암길,0.033,,0.6,0.4,,False,험로,
6549,osm,way/374757099,47,북한산,원효길,0.238,,4.2,3.0,,False,,
6550,osm,way/374757099,47,북한산,원효길,0.084,,1.5,1.0,,False,,
6551,osm,way/374757099,47,북한산,원효길,0.126,,2.2,1.6,,False,,
6552,osm,way/375055076,47,북한산,의상능선,0.082,,1.4,1.0,unpaved,False,험로,
6553,osm,way/375055076,47,북한산,의상능선,0.223,,3.9,2.8,unpaved,False,험로,
6554,osm,way/375055077,47,북한산,,0.366,,6.4,4.6,,False,,
6555,osm,way/375201889,47,북한산,,0.304,,5.3,3.8,,False,,
6556,osm,way/375201889,47,북한산,,1.425,,24.9,17.8,,False,,
6557,osm,way/375201890,47,북한산,,0.165,,2.9,2.1,토사,False,,
6558,osm,way/375201890,47,북한산,,1.178,,20.6,14.7,토사,False,,
6559,osm,way/377031238,47,북한산,,0.016,,0.3,0.2,,False,,
6560,osm,way/377031238,47,북한산,,0.541,,9.5,6.8,,False,,
6561,osm,way/377031238,47,북한산,,0.08,,1.4,1.0,,False,,
6562,osm,way/377031238,47,북한산,,0.419,,7.3,5.2,,False,,
6563,osm,way/377031238,47,북한산,,0.002,,0.0,0.0,,False,,
6564,osm,way/377031238,47,북한산,,0.051,,0.9,0.6,,False,,
6565,osm,way/377031240,47,북한산,,0.399,,7.0,5.0,,False,,
6566,osm,way/377032236,47,북한산,0.4Km 00:14,0.138,,2.4,1.7,,False,,
6567,osm,way/377032236,47,북한산,0.4Km 00:14,0.282,,4.9,3.5,,False,,
6568,osm,way/377032237,47,북한산,,0.437,,7.7,5.5,,False,,
6569,osm,way/377032237,47,북한산,,0.492,,8.6,6.1,,False,,
6570,osm,way/377032237,47,북한산,,0.175,,3.1,2.2,,False,,
6571,osm,way/377032237,47,북한산,,0.101,,1.8,1.3,,False,,
6572,osm,way/377032237,47,북한산,,0.032,,0.6,0.4,,False,,
6573,osm,way/377037967,47,북한산,0.8Km 00:27,0.038,,0.7,0.5,,False,,
6574,osm,way/377037967,47,북한산,0.8Km 00:27,0.07,,1.2,0.9,,False,,
6575,osm,way/377037967,47,북한산,0.8Km 00:27,0.537,,9.4,6.7,,False,,
6576,osm,way/377037967,47,북한산,0.8Km 00:27,0.277,,4.8,3.5,,False,,
6577,osm,way/377039736,47,북한산,1.1Km 00:37,1.104,,19.3,13.8,,False,,
6578,osm,way/377039743,47,북한산,무수골 매표소-원통사 2Km 1:007,0.309,,5.4,3.9,포장,False,,
6579,osm,way/377039743,47,북한산,무수골 매표소-원통사 2Km 1:007,0.036,,0.6,0.5,포장,False,,
6580,osm,way/377042994,47,북한산,0.9Km 00:29,0.761,,13.3,9.5,,False,,
6581,osm,way/377044786,47,북한산,1.4Km 00:49,0.59,,10.3,7.4,,False,,
6582,osm,way/377044786,47,북한산,1.4Km 00:49,0.632,,11.1,7.9,,False,,
6583,osm,way/377044786,47,북한산,1.4Km 00:49,0.008,,0.1,0.1,,False,,
6584,osm,way/377044787,47,북한산,1.7Km 00:54,0.519,,9.1,6.5,,False,,
6585,osm,way/377044787,47,북한산,1.7Km 00:54,0.548,,9.6,6.9,,False,,
6586,osm,way/377044787,47,북한산,1.7Km 00:54,0.057,,1.0,0.7,,False,,
6587,osm,way/377044788,47,북한산,,0.36,,6.3,4.5,,False,,
6588,osm,way/377044791,47,북한산,,0.459,,8.0,5.7,,False,,
6589,osm,way/377045399,47,북한산,0.3Km 00:10,0.275,,4.8,3.4,,False,,
6590,osm,way/380843983,47,북한산,솔샘로25길,0.057,,1.0,0.7,포장,False,,
6591,osm,way/380843995,47,북한산,,0.053,,0.9,0.7,,False,,
6592,osm,way/380843995,47,북한산,,0.061,,1.1,0.8,,False,,
6593,osm,way/417758833,47,북한산,,0.069,,1.2,0.9,,False,,
6594,osm,way/417758833,47,북한산,,0.037,,0.7,0.5,,False,,
6595,osm,way/417758833,47,북한산,,0.141,,2.5,1.8,,False,,
6596,osm,way/445159428,47,북한산,,0.798,,14.0,10.0,토사,False,,
6597,osm,way/445159429,47,북한산,,0.207,,3.6,2.6,,False,,
6598,osm,way/468201511,47,북한산,진달래길,0.014,,0.3,0.2,,False,,
6599,osm,way/468201512,47,북한산,진달래길,0.019,,0.3,0.2,,False,,
6600,osm,way/498620829,47,북한산,북한산로618번길,0.207,,3.6,2.6,토사,False,,
6601,osm,way/536373739,47,북한산,,0.222,,3.9,2.8,,False,,
6602,osm,way/536373741,47,북한산,,0.099,,1.7,1.2,목재,False,,
6603,osm,way/548673567,47,북한산,[북한산둘레길] 8구간 구름정원길,0.228,,4.0,2.9,토사,False,,
6604,osm,way/548706426,47,북한산,,0.842,,14.7,10.5,,False,,
6605,osm,way/548706426,47,북한산,,0.249,,4.4,3.1,,False,,
6606,osm,way/550657614,47,북한산,원효길,0.08,,1.4,1.0,,False,험로,
6607,osm,way/550659557,47,북한산,,0.103,,1.8,1.3,,False,,
6608,osm,way/550830055,47,북한산,[북한산둘레길] 12구간 - 충의길,0.027,,0.5,0.3,목재,False,,
6609,osm,way/550832054,47,북한산,,0.147,,2.6,1.8,,False,,
6610,osm,way/550833718,47,북한산,[북한산둘레길] 11구간 효자길,0.591,,10.3,7.4,토사,False,,
6611,osm,way/566960176,47,북한산,,0.306,,5.4,3.8,,False,,
6612,osm,way/572405098,47,북한산,,0.064,,1.1,0.8,,False,,
6613,osm,way/647959300,47,북한산,,0.529,,9.3,6.6,,False,,
6614,osm,way/647959300,47,북한산,,0.309,,5.4,3.9,,False,,
6615,osm,way/647959300,47,북한산,,0.292,,5.1,3.7,,False,,
6616,osm,way/647959300,47,북한산,,0.096,,1.7,1.2,,False,,
6617,osm,way/647959300,47,북한산,,0.916,,16.0,11.5,,False,,
6618,osm,way/647959300,47,북한산,,0.331,,5.8,4.1,,False,,
6619,osm,way/647965275,47,북한산,,0.124,,2.2,1.6,,False,,
6620,osm,way/647965276,47,북한산,,0.404,,7.1,5.1,,False,,
6621,osm,way/647965277,47,북한산,,0.276,,4.8,3.5,,False,,
6622,osm,way/647965277,47,북한산,,0.514,,9.0,6.4,,False,,
6623,osm,way/647965278,47,북한산,,0.273,,4.8,3.4,,False,,
6624,osm,way/647965281,47,북한산,,0.285,,5.0,3.6,,False,,
6625,osm,way/647965283,47,북한산,,0.099,,1.7,1.2,,False,,
6626,osm,way/647965283,47,북한산,,0.074,,1.3,0.9,,False,,
6627,osm,way/647965283,47,북한산,,0.157,,2.8,2.0,,False,,
6628,osm,way/647965283,47,북한산,,0.171,,3.0,2.1,,False,,
6629,osm,way/647965283,47,북한산,,0.627,,11.0,7.8,,False,,
6630,osm,way/647965285,47,북한산,,0.443,,7.7,5.5,,False,,
6631,osm,way/647965287,47,북한산,,0.586,,10.3,7.3,,False,,
6632,osm,way/647965287,47,북한산,,0.193,,3.4,2.4,,False,,
6633,osm,way/647965288,47,북한산,,0.142,,2.5,1.8,,False,,
6634,osm,way/647965288,47,북한산,,0.164,,2.9,2.0,,False,,
6635,osm,way/647965290,47,북한산,,0.021,,0.4,0.3,,False,,
6636,osm,way/647965290,47,북한산,,0.09,,1.6,1.1,,False,,
6637,osm,way/647965290,47,북한산,,0.111,,1.9,1.4,,False,,
6638,osm,way/647965291,47,북한산,,0.58,,10.2,7.3,,False,,
6639,osm,way/647965292,47,북한산,,0.372,,6.5,4.7,,False,,
6640,osm,way/647965293,47,북한산,,0.095,,1.7,1.2,,False,,
6641,osm,way/647965293,47,북한산,,0.417,,7.3,5.2,,False,,
6642,osm,way/647965294,47,북한산,,0.489,,8.6,6.1,,False,,
6643,osm,way/647965294,47,북한산,,0.286,,5.0,3.6,,False,,
6644,osm,way/647965294,47,북한산,,0.1,,1.7,1.2,,False,,
6645,osm,way/647965294,47,북한산,,0.437,,7.6,5.5,,False,,
6646,osm,way/647965294,47,북한산,,0.073,,1.3,0.9,,False,,
6647,osm,way/647965295,47,북한산,,0.547,,9.6,6.8,,False,,
6648,osm,way/647965298,47,북한산,,0.096,,1.7,1.2,,False,,
6649,osm,way/647965298,47,북한산,,0.103,,1.8,1.3,,False,,
6650,osm,way/647965298,47,북한산,,0.029,,0.5,0.4,,False,,
6651,osm,way/647965298,47,북한산,,0.147,,2.6,1.8,,False,,
6652,osm,way/647965298,47,북한산,,0.244,,4.3,3.1,,False,,
6653,osm,way/647965298,47,북한산,,0.684,,12.0,8.5,,False,,
6654,osm,way/647965299,47,북한산,,0.648,,11.3,8.1,토사,False,,
6655,osm,way/647965299,47,북한산,,0.444,,7.8,5.5,토사,False,,
6656,osm,way/647965300,47,북한산,,0.012,,0.2,0.2,,False,,
6657,osm,way/647965301,47,북한산,,0.289,,5.1,3.6,,False,,
6658,osm,way/647965302,47,북한산,,0.034,,0.6,0.4,,False,,
6659,osm,way/647965303,47,북한산,,0.016,,0.3,0.2,,False,,
6660,osm,way/647965303,47,북한산,,0.313,,5.5,3.9,,False,,
6661,osm,way/689046816,47,북한산,,0.032,,0.6,0.4,,False,,
6662,osm,way/689046816,47,북한산,,0.09,,1.6,1.1,,False,,
6663,osm,way/689454846,47,북한산,,0.057,,1.0,0.7,,False,,
6664,osm,way/780914096,47,북한산,,0.032,,0.6,0.4,,False,,
6665,osm,way/780914096,47,북한산,,0.032,,0.6,0.4,,False,,
6666,osm,way/780914096,47,북한산,,0.176,,3.1,2.2,,False,,
6667,osm,way/780914097,47,북한산,,0.219,,3.8,2.7,,False,,
6668,osm,way/780914098,47,북한산,비봉남능선,0.009,,0.2,0.1,,False,,
6669,osm,way/780914099,47,북한산,,0.073,,1.3,0.9,,False,,
6670,osm,way/780914100,47,북한산,,0.01,,0.2,0.1,,False,,
6671,osm,way/780914101,47,북한산,,0.628,,11.0,7.9,,False,,
6672,osm,way/780914101,47,북한산,,0.006,,0.1,0.1,,False,,
6673,osm,way/780914101,47,북한산,,0.397,,6.9,5.0,,False,,
6674,osm,way/780914102,47,북한산,,0.015,,0.3,0.2,,False,,
6675,osm,way/781438445,47,북한산,,0.146,,2.5,1.8,,False,,
6676,osm,way/781442143,47,북한산,,0.005,,0.1,0.1,,False,,
6677,osm,way/781442143,47,북한산,,0.476,,8.3,5.9,,False,,
6678,osm,way/781442144,47,북한산,,0.205,,3.6,2.6,,False,,
6679,osm,way/781442156,47,북한산,,2.965,,51.9,37.1,,False,,
6680,osm,way/781442157,47,북한산,,0.303,,5.3,3.8,,False,,
6681,osm,way/781442157,47,북한산,,0.148,,2.6,1.8,,False,,
6682,osm,way/781442157,47,북한산,,0.734,,12.9,9.2,,False,,
6683,osm,way/781442158,47,북한산,,0.114,,2.0,1.4,,False,,
6684,osm,way/781442158,47,북한산,,0.033,,0.6,0.4,,False,,
6685,osm,way/781442158,47,북한산,,0.643,,11.2,8.0,,False,,
6686,osm,way/781442159,47,북한산,,0.061,,1.1,0.8,,False,,
6687,osm,way/781442159,47,북한산,,0.02,,0.4,0.3,,False,,
6688,osm,way/781442159,47,북한산,,0.999,,17.5,12.5,,False,,
6689,osm,way/781442159,47,북한산,,1.004,,17.6,12.5,,False,,
6690,osm,way/781446064,47,북한산,,0.157,,2.8,2.0,,False,,
6691,osm,way/781446064,47,북한산,,0.007,,0.1,0.1,,False,,
6692,osm,way/781446065,47,북한산,,0.143,,2.5,1.8,토사,False,,
6693,osm,way/781446065,47,북한산,,0.225,,3.9,2.8,토사,False,,
6694,osm,way/781446065,47,북한산,,0.037,,0.7,0.5,토사,False,,
6695,osm,way/781446065,47,북한산,,0.083,,1.5,1.0,토사,False,,
6696,osm,way/781446065,47,북한산,,0.12,,2.1,1.5,토사,False,,
6697,osm,way/781446065,47,북한산,,0.182,,3.2,2.3,토사,False,,
6698,osm,way/781446065,47,북한산,,0.018,,0.3,0.2,토사,False,,
6699,osm,way/781446065,47,북한산,,0.047,,0.8,0.6,토사,False,,
6700,osm,way/781446065,47,북한산,,0.009,,0.2,0.1,토사,False,,
6701,osm,way/781446065,47,북한산,,0.185,,3.2,2.3,토사,False,,
6702,osm,way/781446065,47,북한산,,0.102,,1.8,1.3,토사,False,,
6703,osm,way/791984788,47,북한산,[북한산둘레길] 5구간 명상길,0.379,,6.6,4.7,토사,False,,
6704,osm,way/791984788,47,북한산,[북한산둘레길] 5구간 명상길,0.121,,2.1,1.5,토사,False,,
6705,osm,way/791984788,47,북한산,[북한산둘레길] 5구간 명상길,1.219,,21.3,15.2,토사,False,,
6706,osm,way/791984790,47,북한산,,0.385,,6.7,4.8,,False,,
6707,osm,way/791984790,47,북한산,,0.178,,3.1,2.2,,False,,
6708,osm,way/791984790,47,북한산,,0.172,,3.0,2.1,,False,,
6709,osm,way/791984790,47,북한산,,0.529,,9.3,6.6,,False,,
6710,osm,way/792319804,47,북한산,석굴암길,0.695,,12.2,8.7,토사,False,,
6711,osm,way/792319805,47,북한산,[북한산둘레길] 21구간 우이령길,1.018,,17.8,12.7,토사,False,,
6712,osm,way/809332519,47,북한산,무수골 매표소-원통사 2Km 1:007,1.29,,22.6,16.1,토사,False,,
6713,osm,way/809332519,47,북한산,무수골 매표소-원통사 2Km 1:007,0.153,,2.7,1.9,토사,False,,
6714,osm,way/822547109,47,북한산,,0.336,,5.9,4.2,토사,False,,
6715,osm,way/822547109,47,북한산,,0.322,,5.6,4.0,토사,False,,
6716,osm,way/824655025,47,북한산,솔샘로25길,0.098,,1.7,1.2,포장,False,,
6717,osm,way/824655025,47,북한산,솔샘로25길,0.132,,2.3,1.7,포장,False,,
6718,osm,way/824655027,47,북한산,[북한산둘레길] 3구간 흰구름길,0.322,,5.6,4.0,토사,False,,
6719,osm,way/827141155,47,북한산,[북한산둘레길] 3구간 흰구름길,0.066,,1.2,0.8,토사,False,,
6720,osm,way/827141155,47,북한산,[북한산둘레길] 3구간 흰구름길,0.188,,3.3,2.3,토사,False,,
6721,osm,way/827141156,47,북한산,[북한산둘레길] 3구간 흰구름길,0.186,,3.3,2.3,토사,False,,
6722,osm,way/827141156,47,북한산,[북한산둘레길] 3구간 흰구름길,0.024,,0.4,0.3,토사,False,,
6723,osm,way/827141156,47,북한산,[북한산둘레길] 3구간 흰구름길,0.148,,2.6,1.9,토사,False,,
6724,osm,way/827141156,47,북한산,[북한산둘레길] 3구간 흰구름길,0.319,,5.6,4.0,토사,False,,
6725,osm,way/827141156,47,북한산,[북한산둘레길] 3구간 흰구름길,0.071,,1.2,0.9,토사,False,,
6726,osm,way/827141156,47,북한산,[북한산둘레길] 3구간 흰구름길,0.13,,2.3,1.6,토사,False,,
6727,osm,way/827143556,47,북한산,[북한산둘레길] 3구간 흰구름길,0.669,,11.7,8.4,토사,False,,
6728,osm,way/829390614,47,북한산,[북한산둘레길] 3구간 흰구름길,0.209,,3.7,2.6,토사,False,,
6729,osm,way/829390619,47,북한산,[북한산둘레길] 3구간 흰구름길,0.742,,13.0,9.3,토사,False,,
6730,osm,way/829390619,47,북한산,[북한산둘레길] 3구간 흰구름길,0.035,,0.6,0.4,토사,False,,
6731,osm,way/829395376,47,북한산,[북한산둘레길] 2구간 순례길,0.18,,3.2,2.3,토사,False,,
6732,osm,way/829395376,47,북한산,[북한산둘레길] 2구간 순례길,0.593,,10.4,7.4,토사,False,,
6733,osm,way/829395376,47,북한산,[북한산둘레길] 2구간 순례길,0.045,,0.8,0.6,토사,False,,
6734,osm,way/829395376,47,북한산,[북한산둘레길] 2구간 순례길,0.019,,0.3,0.2,토사,False,,
6735,osm,way/829395376,47,북한산,[북한산둘레길] 2구간 순례길,0.022,,0.4,0.3,토사,False,,
6736,osm,way/829395376,47,북한산,[북한산둘레길] 2구간 순례길,0.021,,0.4,0.3,토사,False,,
6737,osm,way/829395376,47,북한산,[북한산둘레길] 2구간 순례길,0.017,,0.3,0.2,토사,False,,
6738,osm,way/829395376,47,북한산,[북한산둘레길] 2구간 순례길,0.006,,0.1,0.1,토사,False,,
6739,osm,way/829395376,47,북한산,[북한산둘레길] 2구간 순례길,0.003,,0.1,0.0,토사,False,,
6740,osm,way/829395376,47,북한산,[북한산둘레길] 2구간 순례길,0.003,,0.0,0.0,토사,False,,
6741,osm,way/829395378,47,북한산,[북한산둘레길] 2구간 순례길,0.068,,1.2,0.9,포장,False,,
6742,osm,way/829395378,47,북한산,[북한산둘레길] 2구간 순례길,0.005,,0.1,0.1,포장,False,,
6743,osm,way/829395380,47,북한산,[북한산둘레길] 2구간 순례길,0.08,,1.4,1.0,포장,False,,
6744,osm,way/829397529,47,북한산,[북한산둘레길] 2구간 순례길,0.323,,5.7,4.0,토사,False,,
6745,osm,way/829397529,47,북한산,[북한산둘레길] 2구간 순례길,0.831,,14.5,10.4,토사,False,,
6746,osm,way/829397530,47,북한산,[북한산둘레길] 1구간 소나무숲길,0.046,,0.8,0.6,포장,False,,
6747,osm,way/829397530,47,북한산,[북한산둘레길] 1구간 소나무숲길,0.045,,0.8,0.6,포장,False,,
6748,osm,way/829397530,47,북한산,[북한산둘레길] 1구간 소나무숲길,0.071,,1.2,0.9,포장,False,,
6749,osm,way/829397532,47,북한산,[북한산둘레길] 1구간 소나무숲길,0.245,,4.3,3.1,토사,False,,
6750,osm,way/829397535,47,북한산,[북한산둘레길] 1구간 소나무숲길,0.309,,5.4,3.9,포장,False,,
6751,osm,way/829399659,47,북한산,[북한산둘레길] 1구간 소나무숲길,1.214,,21.2,15.2,토사,False,,
6752,osm,way/839543267,47,북한산,,0.081,,1.4,1.0,,False,,
6753,osm,way/839543267,47,북한산,,0.079,,1.4,1.0,,False,,
6754,osm,way/839543854,47,북한산,,0.11,,1.9,1.4,,False,,
6755,osm,way/846363562,47,북한산,[북한산둘레길] 11구간 효자길,0.217,,3.8,2.7,토사,False,,
6756,osm,way/846363562,47,북한산,[북한산둘레길] 11구간 효자길,0.297,,5.2,3.7,토사,False,,
6757,osm,way/846363562,47,북한산,[북한산둘레길] 11구간 효자길,0.286,,5.0,3.6,토사,False,,
6758,osm,way/846363563,47,북한산,[북한산둘레길] 11구간 효자길,0.048,,0.8,0.6,포장,False,,
6759,osm,way/846363564,47,북한산,[북한산둘레길] 11구간 효자길,0.02,,0.4,0.3,토사,False,,
6760,osm,way/846363564,47,북한산,[북한산둘레길] 11구간 효자길,0.282,,4.9,3.5,토사,False,,
6761,osm,way/846363565,47,북한산,북한산로618번길,0.233,,4.1,2.9,토사,False,,
6762,osm,way/846363566,47,북한산,북한산로618번길,0.434,,7.6,5.4,토사,False,,
6763,osm,way/846363567,47,북한산,,0.835,,14.6,10.4,토사,False,,
6764,osm,way/846363568,47,북한산,[북한산둘레길] 12구간 - 충의길,0.302,,5.3,3.8,토사,False,,
6765,osm,way/846363568,47,북한산,[북한산둘레길] 12구간 - 충의길,0.149,,2.6,1.9,토사,False,,
6766,osm,way/846363568,47,북한산,[북한산둘레길] 12구간 - 충의길,0.19,,3.3,2.4,토사,False,,
6767,osm,way/846363568,47,북한산,[북한산둘레길] 12구간 - 충의길,1.3,,22.7,16.2,토사,False,,
6768,osm,way/846363568,47,북한산,[북한산둘레길] 12구간 - 충의길,0.198,,3.5,2.5,토사,False,,
6769,osm,way/846363569,47,북한산,,0.295,,5.2,3.7,토사,False,,
6770,osm,way/846363569,47,북한산,,0.248,,4.3,3.1,토사,False,,
6771,osm,way/846363569,47,북한산,,0.771,,13.5,9.6,토사,False,,
6772,osm,way/846363569,47,북한산,,0.333,,5.8,4.2,토사,False,,
6773,osm,way/846363570,47,북한산,,0.899,,15.7,11.2,토사,False,,
6774,osm,way/847557813,47,북한산,삼양로181길,0.172,,3.0,2.2,포장,False,,
6775,osm,way/847557814,47,북한산,,0.013,,0.2,0.2,토사,False,,
6776,osm,way/847557815,47,북한산,,0.02,,0.4,0.3,토사,False,,
6777,osm,way/847557816,47,북한산,,0.726,,12.7,9.1,,False,,
6778,osm,way/847557817,47,북한산,,0.009,,0.2,0.1,토사,False,,
6779,osm,way/847557818,47,북한산,석굴암길,1.254,,21.9,15.7,토사,False,,
6780,osm,way/848767969,47,북한산,,1.415,,24.8,17.7,토사,False,,
6781,osm,way/848767987,47,북한산,형제봉능선,0.121,,2.1,1.5,,False,,
6782,osm,way/848767987,47,북한산,형제봉능선,0.012,,0.2,0.1,,False,,
6783,osm,way/848767987,47,북한산,형제봉능선,0.067,,1.2,0.8,,False,,
6784,osm,way/848767987,47,북한산,형제봉능선,0.109,,1.9,1.4,,False,,
6785,osm,way/848767987,47,북한산,형제봉능선,0.007,,0.1,0.1,,False,,
6786,osm,way/848767987,47,북한산,형제봉능선,0.03,,0.5,0.4,,False,,
6787,osm,way/848767987,47,북한산,형제봉능선,0.084,,1.5,1.1,,False,,
6788,osm,way/848767987,47,북한산,형제봉능선,0.41,,7.2,5.1,,False,,
6789,osm,way/848767987,47,북한산,형제봉능선,0.24,,4.2,3.0,,False,,
6790,osm,way/848767987,47,북한산,형제봉능선,0.101,,1.8,1.3,,False,,
6791,osm,way/848767987,47,북한산,형제봉능선,0.157,,2.7,2.0,,False,,
6792,osm,way/848767987,47,북한산,형제봉능선,0.079,,1.4,1.0,,False,,
6793,osm,way/848767987,47,북한산,형제봉능선,0.031,,0.5,0.4,,False,,
6794,osm,way/848767987,47,북한산,형제봉능선,0.67,,11.7,8.4,,False,,
6795,osm,way/855299917,47,북한산,,0.444,,7.8,5.6,,False,,
6796,osm,way/855299917,47,북한산,,0.005,,0.1,0.1,,False,,
6797,osm,way/880356051,47,북한산,,1.123,,19.7,14.0,토사,False,,
6798,osm,way/880356053,47,북한산,북한산둘레길 19구간 방학동길,0.034,,0.6,0.4,목재,False,,
6799,osm,way/904997365,47,북한산,석굴암길,0.24,,4.2,3.0,토사,False,,
6800,osm,way/904997365,47,북한산,석굴암길,0.101,,1.8,1.3,토사,False,,
6801,osm,way/904997366,47,북한산,석굴암길,0.01,,0.2,0.1,토사,False,,
6802,osm,way/993652082,47,북한산,,0.088,,1.5,1.1,,False,,
6803,osm,way/993652082,47,북한산,,0.07,,1.2,0.9,,False,,
6804,osm,way/993652082,47,북한산,,0.078,,1.4,1.0,,False,,
6805,osm,way/1097862698,47,북한산,,0.65,,11.4,8.1,토사,False,,
6806,osm,way/1097862698,47,북한산,,0.401,,7.0,5.0,토사,False,,
6807,osm,way/1104856600,47,북한산,,1.627,,28.5,20.3,,False,,
6808,osm,way/1105839769,47,북한산,,0.069,,1.2,0.9,토사,False,,
6809,osm,way/1106562796,47,북한산,,0.489,,8.6,6.1,토사,False,,
6810,osm,way/1106562796,47,북한산,,0.116,,2.0,1.4,토사,False,,
6811,osm,way/1106562796,47,북한산,,0.816,,14.3,10.2,토사,False,,
6812,osm,way/1106562797,47,북한산,,0.675,,11.8,8.4,토사,False,,
6813,osm,way/1124073404,47,북한산,,0.209,,3.7,2.6,토사,False,,
6814,osm,way/1124073404,47,북한산,,0.379,,6.6,4.7,토사,False,,
6815,osm,way/1124073404,47,북한산,,0.046,,0.8,0.6,토사,False,,
6816,osm,way/1124073405,47,북한산,,0.088,,1.5,1.1,토사,False,,
6817,osm,way/1124073405,47,북한산,,0.113,,2.0,1.4,토사,False,,
6818,osm,way/1124073406,47,북한산,,0.751,,13.1,9.4,토사,False,,
6819,osm,way/1124073407,47,북한산,,0.249,,4.4,3.1,토사,False,,
6820,osm,way/1124073422,47,북한산,,0.163,,2.8,2.0,토사,False,,
6821,osm,way/1124073422,47,북한산,,0.093,,1.6,1.2,토사,False,,
6822,osm,way/1124073423,47,북한산,,0.386,,6.8,4.8,토사,False,,
6823,osm,way/1124073423,47,북한산,,0.051,,0.9,0.6,토사,False,,
6824,osm,way/1124073426,47,북한산,,0.41,,7.2,5.1,토사,False,,
6825,osm,way/1124073432,47,북한산,,0.945,,16.5,11.8,토사,False,,
6826,osm,way/1124073433,47,북한산,,1.259,,22.0,15.7,토사,False,,
6827,osm,way/1124073434,47,북한산,,0.844,,14.8,10.5,토사,False,,
6828,osm,way/1124073436,47,북한산,,0.57,,10.0,7.1,토사,False,,
6829,osm,way/1124073437,47,북한산,,0.575,,10.1,7.2,,False,,
6830,osm,way/1124073437,47,북한산,,0.054,,1.0,0.7,,False,,
6831,osm,way/1124073438,47,북한산,,0.188,,3.3,2.4,,False,,
6832,osm,way/1124073438,47,북한산,,0.441,,7.7,5.5,,False,,
6833,osm,way/1124073439,47,북한산,,0.439,,7.7,5.5,토사,False,,
6834,osm,way/1124073440,47,북한산,,0.849,,14.9,10.6,토사,False,,
6835,osm,way/1124073441,47,북한산,,0.538,,9.4,6.7,토사,False,,
6836,osm,way/1124073442,47,북한산,,0.267,,4.7,3.3,토사,False,,
6837,osm,way/1124073443,47,북한산,,0.872,,15.3,10.9,토사,False,,
6838,osm,way/1124073444,47,북한산,부왕동계곡,0.014,,0.2,0.2,,False,,
6839,osm,way/1124073445,47,북한산,,0.17,,3.0,2.1,토사,False,,
6840,osm,way/1124073446,47,북한산,,0.026,,0.4,0.3,토사,False,,
6841,osm,way/1124073446,47,북한산,,0.15,,2.6,1.9,토사,False,,
6842,osm,way/1124073447,47,북한산,,0.169,,3.0,2.1,토사,False,,
6843,osm,way/1124648168,47,북한산,,0.055,,1.0,0.7,토사,False,,
6844,osm,way/1125430910,47,북한산,,1.533,,26.8,19.2,토사,False,,
6845,osm,way/1125527059,47,북한산,,0.012,,0.2,0.2,,False,,
6846,osm,way/1125527060,47,북한산,,0.015,,0.3,0.2,,False,,
6847,osm,way/1125527061,47,북한산,,0.674,,11.8,8.4,토사,False,,
6848,osm,way/1125527067,47,북한산,,0.678,,11.9,8.5,토사,False,,
6849,osm,way/1125527068,47,북한산,,0.387,,6.8,4.8,토사,False,,
6850,osm,way/1125527068,47,북한산,,0.019,,0.3,0.2,토사,False,,
6851,osm,way/1125527069,47,북한산,,0.013,,0.2,0.2,토사,False,,
6852,osm,way/1125527069,47,북한산,,0.319,,5.6,4.0,토사,False,,
6853,osm,way/1125527069,47,북한산,,0.187,,3.3,2.3,토사,False,,
6854,osm,way/1125527070,47,북한산,,0.556,,9.7,6.9,토사,False,,
6855,osm,way/1125527071,47,북한산,,0.047,,0.8,0.6,토사,False,,
6856,osm,way/1125527071,47,북한산,,0.026,,0.5,0.3,토사,False,,
6857,osm,way/1125527078,47,북한산,,0.795,,13.9,9.9,토사,False,,
6858,osm,way/1125527079,47,북한산,,0.967,,16.9,12.1,토사,False,,
6859,osm,way/1125527080,47,북한산,,0.086,,1.5,1.1,,False,,
6860,osm,way/1125527081,47,북한산,,0.793,,13.9,9.9,unpaved,False,,
6861,osm,way/1125527081,47,북한산,,0.701,,12.3,8.8,unpaved,False,,
6862,osm,way/1125527082,47,북한산,,0.178,,3.1,2.2,토사,False,,
6863,osm,way/1137552036,47,북한산,,0.366,,6.4,4.6,,False,,
6864,osm,way/1137552037,47,북한산,,0.401,,7.0,5.0,,False,,
6865,osm,way/1137552037,47,북한산,,0.104,,1.8,1.3,,False,,
6866,osm,way/1137552037,47,북한산,,0.107,,1.9,1.3,,False,,
6867,osm,way/1137552037,47,북한산,,0.007,,0.1,0.1,,False,,
6868,osm,way/1137552047,47,북한산,,0.243,,4.3,3.0,,False,,
6869,osm,way/1137552048,47,북한산,,0.089,,1.6,1.1,,False,,
6870,osm,way/1137552048,47,북한산,,0.155,,2.7,1.9,,False,,
6871,osm,way/1137552051,47,북한산,,0.27,,4.7,3.4,,False,,
6872,osm,way/1137552058,47,북한산,,0.051,,0.9,0.6,,False,,
6873,osm,way/1159858384,47,북한산,,1.59,,27.8,19.9,토사,False,,
6874,osm,way/1159858390,47,북한산,,0.03,,0.5,0.4,토사,False,,
6875,osm,way/1159858390,47,북한산,,0.013,,0.2,0.2,토사,False,,
6876,osm,way/1162958555,47,북한산,,0.016,,0.3,0.2,토사,False,,
6877,osm,way/1162958556,47,북한산,,0.159,,2.8,2.0,토사,False,,
6878,osm,way/1175794557,47,북한산,,0.353,,6.2,4.4,토사,False,,
6879,osm,way/1175794561,47,북한산,,0.482,,8.4,6.0,토사,False,,
6880,osm,way/1175794565,47,북한산,,0.236,,4.1,3.0,,False,,
6881,osm,way/1175795485,47,북한산,,0.095,,1.7,1.2,토사,False,,
6882,osm,way/1175795485,47,북한산,,0.001,,0.0,0.0,토사,False,,
6883,osm,way/1175801237,47,북한산,,0.393,,6.9,4.9,토사,False,,
6884,osm,way/1175801240,47,북한산,,0.089,,1.6,1.1,토사,False,,
6885,osm,way/1175801242,47,북한산,형제봉능선,0.033,,0.6,0.4,,False,,
6886,osm,way/1175801243,47,북한산,형제봉능선,0.231,,4.0,2.9,,False,,
6887,osm,way/1175801243,47,북한산,형제봉능선,0.028,,0.5,0.3,,False,,
6888,osm,way/1175801244,47,북한산,형제봉능선,0.017,,0.3,0.2,,False,,
6889,osm,way/1175801245,47,북한산,형제봉능선,0.231,,4.0,2.9,,False,,
6890,osm,way/1175801245,47,북한산,형제봉능선,0.029,,0.5,0.4,,False,,
6891,osm,way/1175801245,47,북한산,형제봉능선,0.115,,2.0,1.4,,False,,
6892,osm,way/1175801246,47,북한산,,0.163,,2.8,2.0,토사,False,,
6893,osm,way/1175801247,47,북한산,,0.085,,1.5,1.1,토사,False,,
6894,osm,way/1177446572,47,북한산,[북한산둘레길] 3구간 흰구름길,0.058,,1.0,0.7,토사,False,,
6895,osm,way/1177446573,47,북한산,[북한산둘레길] 3구간 흰구름길,0.033,,0.6,0.4,목재,False,,
6896,osm,way/1177446574,47,북한산,[북한산둘레길] 3구간 흰구름길,0.099,,1.7,1.2,토사,False,,
6897,osm,way/1177446574,47,북한산,[북한산둘레길] 3구간 흰구름길,0.007,,0.1,0.1,토사,False,,
6898,osm,way/1177446574,47,북한산,[북한산둘레길] 3구간 흰구름길,0.02,,0.4,0.3,토사,False,,
6899,osm,way/1177446575,47,북한산,[북한산둘레길] 3구간 흰구름길,0.034,,0.6,0.4,cobblestone,False,,
6900,osm,way/1177446576,47,북한산,[북한산둘레길] 3구간 흰구름길,0.042,,0.7,0.5,토사,False,,
6901,osm,way/1177446577,47,북한산,[북한산둘레길] 3구간 흰구름길,0.015,,0.3,0.2,unhewn_cobblestone,False,,
6902,osm,way/1177446578,47,북한산,[북한산둘레길] 3구간 흰구름길,0.044,,0.8,0.5,목재,False,,
6903,osm,way/1177446579,47,북한산,[북한산둘레길] 3구간 흰구름길,0.015,,0.3,0.2,토사,False,,
6904,osm,way/1177446580,47,북한산,[북한산둘레길] 3구간 흰구름길,0.031,,0.5,0.4,토사,False,,
6905,osm,way/1177446581,47,북한산,[북한산둘레길] 3구간 흰구름길,0.022,,0.4,0.3,목재,False,,
6906,osm,way/1177446582,47,북한산,[북한산둘레길] 3구간 흰구름길,0.092,,1.6,1.1,토사,False,,
6907,osm,way/1177446583,47,북한산,[북한산둘레길] 3구간 흰구름길,0.009,,0.2,0.1,목재,False,,
6908,osm,way/1177624395,47,북한산,1.4Km 00:49,0.03,,0.5,0.4,,False,,
6909,osm,way/1177624396,47,북한산,1.4Km 00:49,0.006,,0.1,0.1,,False,,
6910,osm,way/1177624396,47,북한산,1.4Km 00:49,0.021,,0.4,0.3,,False,,
6911,osm,way/1177624396,47,북한산,1.4Km 00:49,0.194,,3.4,2.4,,False,,
6912,osm,way/1177624397,47,북한산,,0.037,,0.6,0.5,토사,False,,
6913,osm,way/1177624400,47,북한산,,0.218,,3.8,2.7,암석,False,,
6914,osm,way/1177624401,47,북한산,,0.006,,0.1,0.1,,False,,
6915,osm,way/1177624401,47,북한산,,0.268,,4.7,3.3,,False,,
6916,osm,way/1177624402,47,북한산,,0.214,,3.7,2.7,토사,False,,
6917,osm,way/1177624403,47,북한산,,0.084,,1.5,1.1,토사,False,,
6918,osm,way/1177624403,47,북한산,,0.029,,0.5,0.4,토사,False,,
6919,osm,way/1177624404,47,북한산,무수골 매표소-원통사 2Km 1:007,0.025,,0.4,0.3,토사,False,,
6920,osm,way/1177624404,47,북한산,무수골 매표소-원통사 2Km 1:007,0.04,,0.7,0.5,토사,False,,
6921,osm,way/1177624404,47,북한산,무수골 매표소-원통사 2Km 1:007,0.123,,2.2,1.5,토사,False,,
6922,osm,way/1177624404,47,북한산,무수골 매표소-원통사 2Km 1:007,0.017,,0.3,0.2,토사,False,,
6923,osm,way/1177624404,47,북한산,무수골 매표소-원통사 2Km 1:007,0.04,,0.7,0.5,토사,False,,
6924,osm,way/1177624405,47,북한산,,0.012,,0.2,0.1,토사,False,,
6925,osm,way/1177624405,47,북한산,,0.088,,1.5,1.1,토사,False,,
6926,osm,way/1177624405,47,북한산,,0.032,,0.6,0.4,토사,False,,
6927,osm,way/1177624406,47,북한산,,0.061,,1.1,0.8,토사,False,,
6928,osm,way/1177624406,47,북한산,,0.008,,0.1,0.1,토사,False,,
6929,osm,way/1177624407,47,북한산,,0.019,,0.3,0.2,,False,,
6930,osm,way/1177624408,47,북한산,,0.017,,0.3,0.2,,False,,
6931,osm,way/1177624409,47,북한산,,0.139,,2.4,1.7,토사,False,,
6932,osm,way/1177624412,47,북한산,,0.44,,7.7,5.5,토사,False,,
6933,osm,way/1177624412,47,북한산,,0.147,,2.6,1.8,토사,False,,
6934,osm,way/1179643575,47,북한산,,0.025,,0.4,0.3,토사,False,,
6935,osm,way/1179643577,47,북한산,,0.247,,4.3,3.1,토사,False,,
6936,osm,way/1179643579,47,북한산,,0.203,,3.6,2.5,토사,False,,
6937,osm,way/1179643582,47,북한산,,0.007,,0.1,0.1,metal,False,,
6938,osm,way/1179643583,47,북한산,[북한산둘레길] 8구간 구름정원길,0.018,,0.3,0.2,토사,False,,
6939,osm,way/1179643584,47,북한산,[북한산둘레길] 8구간 구름정원길,0.009,,0.1,0.1,metal,False,,
6940,osm,way/1179643585,47,북한산,[북한산둘레길] 8구간 구름정원길,0.043,,0.8,0.5,토사,False,,
6941,osm,way/1179643585,47,북한산,[북한산둘레길] 8구간 구름정원길,0.004,,0.1,0.0,토사,False,,
6942,osm,way/1179643586,47,북한산,[북한산둘레길] 8구간 구름정원길,0.011,,0.2,0.1,목재,False,,
6943,osm,way/1179643587,47,북한산,[북한산둘레길] 8구간 구름정원길,0.217,,3.8,2.7,토사,False,,
6944,osm,way/1179643588,47,북한산,[북한산둘레길] 8구간 구름정원길,0.041,,0.7,0.5,목재,False,,
6945,osm,way/1179643589,47,북한산,[북한산둘레길] 8구간 구름정원길,0.055,,1.0,0.7,토사,False,,
6946,osm,way/1179643590,47,북한산,[북한산둘레길] 8구간 구름정원길,0.049,,0.9,0.6,목재,False,,
6947,osm,way/1179643591,47,북한산,[북한산둘레길] 8구간 구름정원길,0.016,,0.3,0.2,토사,False,,
6948,osm,way/1179643592,47,북한산,[북한산둘레길] 8구간 구름정원길,0.078,,1.4,1.0,목재,False,,
6949,osm,way/1179643593,47,북한산,[북한산둘레길] 8구간 구름정원길,0.05,,0.9,0.6,토사,False,,
6950,osm,way/1179643594,47,북한산,[북한산둘레길] 8구간 구름정원길,0.013,,0.2,0.2,목재,False,,
6951,osm,way/1179643595,47,북한산,[북한산둘레길] 8구간 구름정원길,0.073,,1.3,0.9,토사,False,,
6952,osm,way/1179643597,47,북한산,[북한산둘레길] 8구간 구름정원길,0.015,,0.3,0.2,목재,False,,
6953,osm,way/1179643598,47,북한산,[북한산둘레길] 8구간 구름정원길,0.092,,1.6,1.1,목재,False,,
6954,osm,way/1179643599,47,북한산,[북한산둘레길] 8구간 구름정원길,0.012,,0.2,0.2,토사,False,,
6955,osm,way/1179643600,47,북한산,[북한산둘레길] 8구간 구름정원길,0.012,,0.2,0.2,목재,False,,
6956,osm,way/1179643601,47,북한산,[북한산둘레길] 8구간 구름정원길,0.234,,4.1,2.9,토사,False,,
6957,osm,way/1179643602,47,북한산,[북한산둘레길] 8구간 구름정원길,0.013,,0.2,0.2,목재,False,,
6958,osm,way/1179643603,47,북한산,[북한산둘레길] 8구간 구름정원길,0.183,,3.2,2.3,토사,False,,
6959,osm,way/1179643604,47,북한산,,0.041,,0.7,0.5,토사,False,,
6960,osm,way/1179643605,47,북한산,[북한산둘레길] 8구간 구름정원길,0.031,,0.5,0.4,토사,False,,
6961,osm,way/1179643605,47,북한산,[북한산둘레길] 8구간 구름정원길,0.042,,0.7,0.5,토사,False,,
6962,osm,way/1179643606,47,북한산,[북한산둘레길] 8구간 구름정원길,0.027,,0.5,0.3,토사,False,,
6963,osm,way/1179643607,47,북한산,[북한산둘레길] 8구간 구름정원길,0.123,,2.2,1.5,토사,False,,
6964,osm,way/1179643608,47,북한산,[북한산둘레길] 8구간 구름정원길,0.016,,0.3,0.2,목재,False,,
6965,osm,way/1179643609,47,북한산,[북한산둘레길] 8구간 구름정원길,0.026,,0.4,0.3,목재,False,,
6966,osm,way/1179643610,47,북한산,[북한산둘레길] 8구간 구름정원길,0.037,,0.7,0.5,목재,False,,
6967,osm,way/1179643611,47,북한산,[북한산둘레길] 8구간 구름정원길,0.013,,0.2,0.2,토사,False,,
6968,osm,way/1179643612,47,북한산,[북한산둘레길] 8구간 구름정원길,0.279,,4.9,3.5,토사,False,,
6969,osm,way/1179643612,47,북한산,[북한산둘레길] 8구간 구름정원길,0.297,,5.2,3.7,토사,False,,
6970,osm,way/1179643612,47,북한산,[북한산둘레길] 8구간 구름정원길,0.562,,9.8,7.0,토사,False,,
6971,osm,way/1179643621,47,북한산,,0.026,,0.5,0.3,,False,,
6972,osm,way/1179643622,47,북한산,,0.016,,0.3,0.2,,False,,
6973,osm,way/1179643623,47,북한산,,0.008,,0.1,0.1,,False,,
6974,osm,way/1179643624,47,북한산,삼천사길,0.027,,0.5,0.3,,False,,
6975,osm,way/1179643625,47,북한산,삼천사길,0.129,,2.3,1.6,,False,,
6976,osm,way/1179643626,47,북한산,,0.023,,0.4,0.3,,False,,
6977,osm,way/1179643627,47,북한산,,0.012,,0.2,0.2,,False,,
6978,osm,way/1179643628,47,북한산,,0.034,,0.6,0.4,목재,False,,
6979,osm,way/1179643629,47,북한산,,0.005,,0.1,0.1,,False,,
6980,osm,way/1179643630,47,북한산,,0.017,,0.3,0.2,목재,False,,
6981,osm,way/1179643631,47,북한산,,0.058,,1.0,0.7,,False,,
6982,osm,way/1179643632,47,북한산,,0.026,,0.5,0.3,포장,False,,
6983,osm,way/1179643633,47,북한산,,0.123,,2.2,1.5,,False,,
6984,osm,way/1179643634,47,북한산,,0.028,,0.5,0.3,암석,False,,
6985,osm,way/1179643635,47,북한산,,0.309,,5.4,3.9,,False,,
6986,osm,way/1179643636,47,북한산,,0.008,,0.1,0.1,,False,,
6987,osm,way/1179643637,47,북한산,,0.008,,0.1,0.1,,False,,
6988,osm,way/1179643638,47,북한산,,0.029,,0.5,0.4,,False,,
6989,osm,way/1179643639,47,북한산,,0.024,,0.4,0.3,목재,False,,
6990,osm,way/1179643640,47,북한산,,0.008,,0.1,0.1,,False,,
6991,osm,way/1179643641,47,북한산,,0.017,,0.3,0.2,,False,,
6992,osm,way/1179643642,47,북한산,,0.026,,0.5,0.3,목재,False,,
6993,osm,way/1179643643,47,북한산,,0.161,,2.8,2.0,,False,,
6994,osm,way/1179643644,47,북한산,,0.026,,0.4,0.3,암석,False,,
6995,osm,way/1179643645,47,북한산,,0.004,,0.1,0.0,,False,,
6996,osm,way/1179643646,47,북한산,,0.004,,0.1,0.0,암석,False,,
6997,osm,way/1179643647,47,북한산,,0.084,,1.5,1.0,,False,,
6998,osm,way/1179643648,47,북한산,,0.029,,0.5,0.4,토사,False,,
6999,osm,way/1179643649,47,북한산,의상능선,0.015,,0.3,0.2,metal,False,,
7000,osm,way/1179643650,47,북한산,의상능선,0.04,,0.7,0.5,,False,,
7001,osm,way/1179643651,47,북한산,의상능선,0.018,,0.3,0.2,metal,False,,
7002,osm,way/1179643652,47,북한산,의상능선,0.038,,0.7,0.5,,False,,
7003,osm,way/1179643653,47,북한산,의상능선,0.01,,0.2,0.1,목재,False,,
7004,osm,way/1179643654,47,북한산,의상능선,0.111,,1.9,1.4,,False,,
7005,osm,way/1179643655,47,북한산,의상능선,0.002,,0.0,0.0,,False,,
7006,osm,way/1179643656,47,북한산,의상능선,0.013,,0.2,0.2,,False,,
7007,osm,way/1179643657,47,북한산,의상능선,0.043,,0.8,0.5,unpaved,False,험로,
7008,osm,way/1179643658,47,북한산,의상능선,0.015,,0.3,0.2,unpaved,False,험로,
7009,osm,way/1179643658,47,북한산,의상능선,0.049,,0.9,0.6,unpaved,False,험로,
7010,osm,way/1179643659,47,북한산,의상능선,0.021,,0.4,0.3,암석,False,험로,
7011,osm,way/1179643660,47,북한산,의상능선,0.09,,1.6,1.1,unpaved,False,험로,
7012,osm,way/1179643660,47,북한산,의상능선,0.021,,0.4,0.3,unpaved,False,험로,
7013,osm,way/1179643661,47,북한산,가사당 길,0.015,,0.3,0.2,,False,,
7014,osm,way/1179643662,47,북한산,가사당 길,0.026,,0.5,0.3,목재,False,,
7015,osm,way/1179643663,47,북한산,가사당 길,0.008,,0.1,0.1,,False,,
7016,osm,way/1179643664,47,북한산,,0.099,,1.7,1.2,토사,False,,
7017,osm,way/1179643664,47,북한산,,0.032,,0.6,0.4,토사,False,,
7018,osm,way/1179643665,47,북한산,,0.015,,0.3,0.2,토사,False,,
7019,osm,way/1179643666,47,북한산,,0.022,,0.4,0.3,토사,False,,
7020,osm,way/1179643666,47,북한산,,0.029,,0.5,0.4,토사,False,,
7021,osm,way/1179643667,47,북한산,,0.005,,0.1,0.1,,False,,
7022,osm,way/1179643668,47,북한산,,0.011,,0.2,0.1,metal,False,,
7023,osm,way/1179643669,47,북한산,,0.102,,1.8,1.3,,False,,
7024,osm,way/1179643670,47,북한산,,0.005,,0.1,0.1,metal,False,,
7025,osm,way/1179643671,47,북한산,,0.024,,0.4,0.3,암석,False,,
7026,osm,way/1179643672,47,북한산,,0.049,,0.9,0.6,,False,,
7027,osm,way/1179643673,47,북한산,,0.01,,0.2,0.1,,False,,
7028,osm,way/1179643674,47,북한산,,0.018,,0.3,0.2,,False,,
7029,osm,way/1179643675,47,북한산,,0.024,,0.4,0.3,목재,False,,
7030,osm,way/1179643676,47,북한산,,0.07,,1.2,0.9,,False,,
7031,osm,way/1179643676,47,북한산,,0.042,,0.7,0.5,,False,,
7032,osm,way/1179643677,47,북한산,,0.018,,0.3,0.2,,False,,
7033,osm,way/1179643678,47,북한산,,0.053,,0.9,0.7,,False,,
7034,osm,way/1179643679,47,북한산,,0.031,,0.5,0.4,,False,,
7035,osm,way/1179643680,47,북한산,,0.067,,1.2,0.8,,False,,
7036,osm,way/1179643680,47,북한산,,0.167,,2.9,2.1,,False,,
7037,osm,way/1179643681,47,북한산,,0.057,,1.0,0.7,,False,,
7038,osm,way/1179643682,47,북한산,,0.016,,0.3,0.2,,False,,
7039,osm,way/1179643683,47,북한산,,0.012,,0.2,0.2,목재,False,,
7040,osm,way/1179656314,47,북한산,,0.114,,2.0,1.4,토사,False,,
7041,osm,way/1179656315,47,북한산,,0.079,,1.4,1.0,토사,False,,
7042,osm,way/1179656315,47,북한산,,0.035,,0.6,0.4,토사,False,,
7043,osm,way/1179656316,47,북한산,,0.063,,1.1,0.8,토사,False,,
7044,osm,way/1179656317,47,북한산,,0.043,,0.7,0.5,토사,False,,
7045,osm,way/1179656318,47,북한산,,0.055,,1.0,0.7,토사,False,,
7046,osm,way/1179656319,47,북한산,,0.109,,1.9,1.4,토사,False,,
7047,osm,way/1179656320,47,북한산,,0.093,,1.6,1.2,토사,False,,
7048,osm,way/1179656325,47,북한산,,0.195,,3.4,2.4,,False,,
7049,osm,way/1179656326,47,북한산,,0.219,,3.8,2.7,토사,False,,
7050,osm,way/1179656326,47,북한산,,0.206,,3.6,2.6,토사,False,,
7051,osm,way/1179656327,47,북한산,,0.006,,0.1,0.1,,False,,
7052,osm,way/1179656340,47,북한산,,0.124,,2.2,1.6,,False,,
7053,osm,way/1179656341,47,북한산,,0.396,,6.9,5.0,토사,False,,
7054,osm,way/1179656344,47,북한산,,0.047,,0.8,0.6,암석,False,,
7055,osm,way/1179656345,47,북한산,,0.067,,1.2,0.8,,False,,
7056,osm,way/1179656345,47,북한산,,0.005,,0.1,0.1,,False,,
7057,osm,way/1179656346,47,북한산,,0.071,,1.2,0.9,암석,False,,
7058,osm,way/1179656347,47,북한산,,0.068,,1.2,0.8,토사,False,,
7059,osm,way/1179657046,47,북한산,,0.049,,0.9,0.6,토사,False,,
7060,osm,way/1179657271,47,북한산,,0.04,,0.7,0.5,토사,False,,
7061,osm,way/1185897114,47,북한산,,0.032,,0.6,0.4,토사,False,,
7062,osm,way/1196334802,47,북한산,[북한산둘레길] 21구간 우이령길,0.302,,5.3,3.8,토사,False,,
7063,osm,way/1196334802,47,북한산,[북한산둘레길] 21구간 우이령길,0.226,,3.9,2.8,토사,False,,
7064,osm,way/1196334802,47,북한산,[북한산둘레길] 21구간 우이령길,0.138,,2.4,1.7,토사,False,,
7065,osm,way/1226895744,47,북한산,,0.008,,0.1,0.1,,False,,
7066,osm,way/1226895754,47,북한산,,0.034,,0.6,0.4,,False,,
7067,osm,way/1226895755,47,북한산,,0.065,,1.1,0.8,,False,,
7068,osm,way/1226895756,47,북한산,,0.054,,1.0,0.7,,False,,
7069,osm,way/1226895757,47,북한산,,0.004,,0.1,0.1,,False,,
7070,osm,way/1227050705,47,북한산,,0.012,,0.2,0.1,,False,,
7071,osm,way/1227050705,47,북한산,,0.013,,0.2,0.2,,False,,
7072,osm,way/1227050706,47,북한산,,0.018,,0.3,0.2,,False,,
7073,osm,way/1227476615,47,북한산,,0.033,,0.6,0.4,,False,,
7074,osm,way/1227478074,47,북한산,,0.13,,2.3,1.6,,False,,
7075,osm,way/1227482893,47,북한산,,0.183,,3.2,2.3,,False,,
7076,osm,way/1227486488,47,북한산,,0.088,,1.5,1.1,,False,,
7077,osm,way/1227486489,47,북한산,,0.037,,0.7,0.5,,False,,
7078,osm,way/1227489699,47,북한산,,0.048,,0.8,0.6,,False,,
7079,osm,way/1227507083,47,북한산,,0.015,,0.3,0.2,,False,,
7080,osm,way/1228555061,47,북한산,,0.047,,0.8,0.6,,False,,
7081,osm,way/1228555062,47,북한산,,0.017,,0.3,0.2,,False,,
7082,osm,way/1228555063,47,북한산,,0.096,,1.7,1.2,,False,,
7083,osm,way/1228555064,47,북한산,,0.097,,1.7,1.2,,False,,
7084,osm,way/1228555065,47,북한산,,0.018,,0.3,0.2,,False,,
7085,osm,way/1255056353,47,북한산,,0.051,,0.9,0.6,,False,,
7086,osm,way/1271908930,47,북한산,[북한산둘레길] 12구간 - 충의길,0.195,,3.4,2.4,토사,False,,
7087,osm,way/1271908931,47,북한산,,0.118,,2.1,1.5,토사,False,,
7088,osm,way/1271908931,47,북한산,,0.51,,8.9,6.4,토사,False,,
7089,osm,way/1271908931,47,북한산,,0.681,,11.9,8.5,토사,False,,
7090,osm,way/1271908932,47,북한산,,1.944,,34.0,24.3,토사,False,,
7091,osm,way/1271908933,47,북한산,[북한산둘레길] 21구간 우이령길,0.037,,0.6,0.5,토사,False,,
7092,osm,way/1271908934,47,북한산,[북한산둘레길] 21구간 우이령길,0.114,,2.0,1.4,토사,False,,
7093,osm,way/1271908934,47,북한산,[북한산둘레길] 21구간 우이령길,0.007,,0.1,0.1,토사,False,,
7094,osm,way/1271908935,47,북한산,,0.031,,0.6,0.4,,False,,
7095,osm,way/1271908936,47,북한산,,0.079,,1.4,1.0,,False,,
7096,osm,way/1271908936,47,북한산,,0.125,,2.2,1.6,,False,,
7097,osm,way/1271908936,47,북한산,,0.082,,1.4,1.0,,False,,
7098,osm,way/1273319756,47,북한산,,0.041,,0.7,0.5,,False,,
7099,osm,way/1273319759,47,북한산,북한산둘레길 19구간 방학동길,0.015,,0.3,0.2,목재,False,,
7100,osm,way/1273319763,47,북한산,,0.006,,0.1,0.1,,False,,
7101,osm,way/1273319764,47,북한산,,0.041,,0.7,0.5,,False,,
7102,osm,way/1273319769,47,북한산,북한산둘레길 19구간 방학동길,0.008,,0.1,0.1,목재,False,,
7103,osm,way/1273319773,47,북한산,북한산둘레길 19구간 방학동길,0.005,,0.1,0.1,토사,False,,
7104,osm,way/1273319774,47,북한산,북한산둘레길 19구간 방학동길,0.014,,0.2,0.2,토사,False,,
7105,osm,way/1273319775,47,북한산,,0.009,,0.2,0.1,,False,,
7106,osm,way/1273319775,47,북한산,,0.003,,0.1,0.0,,False,,
7107,osm,way/1273319775,47,북한산,,0.003,,0.1,0.0,,False,,
7108,osm,way/1273319776,47,북한산,북한산둘레길 19구간 방학동길,0.021,,0.4,0.3,토사,False,,
7109,osm,way/1273319777,47,북한산,,0.059,,1.0,0.7,,False,,
7110,osm,way/1273319778,47,북한산,북한산둘레길 19구간 방학동길,0.014,,0.2,0.2,목재,False,,
7111,osm,way/1273319783,47,북한산,북한산둘레길 19구간 방학동길,0.015,,0.3,0.2,토사,False,,
7112,osm,way/1273319785,47,북한산,북한산둘레길 19구간 방학동길,0.022,,0.4,0.3,토사,False,,
7113,osm,way/1273319787,47,북한산,북한산둘레길 19구간 방학동길,0.009,,0.2,0.1,토사,False,,
7114,osm,way/1273319789,47,북한산,북한산둘레길 19구간 방학동길,0.022,,0.4,0.3,토사,False,,
7115,osm,way/1273319791,47,북한산,,0.015,,0.3,0.2,,False,,
7116,osm,way/1273319791,47,북한산,,0.022,,0.4,0.3,,False,,
7117,osm,way/1273319794,47,북한산,북한산둘레길 19구간 방학동길,0.064,,1.1,0.8,토사,False,,
7118,osm,way/1273319795,47,북한산,북한산둘레길 19구간 방학동길,0.02,,0.4,0.3,토사,False,,
7119,osm,way/1273319798,47,북한산,북한산둘레길 19구간 방학동길,0.005,,0.1,0.1,토사,False,,
7120,osm,way/1273319803,47,북한산,북한산둘레길 19구간 방학동길,0.019,,0.3,0.2,목재,False,,
7121,osm,way/1273319804,47,북한산,,0.003,,0.1,0.0,,False,,
7122,osm,way/1273319804,47,북한산,,0.005,,0.1,0.1,,False,,
7123,osm,way/1273319808,47,북한산,북한산둘레길 19구간 방학동길,0.101,,1.8,1.3,토사,False,,
7124,osm,way/1273319811,47,북한산,,0.023,,0.4,0.3,,False,,
7125,osm,way/1273319812,47,북한산,북한산둘레길 19구간 방학동길,0.054,,1.0,0.7,토사,False,,
7126,osm,way/1273319812,47,북한산,북한산둘레길 19구간 방학동길,0.019,,0.3,0.2,토사,False,,
7127,osm,way/1273319813,47,북한산,북한산둘레길 19구간 방학동길,0.015,,0.3,0.2,토사,False,,
7128,osm,way/1273319814,47,북한산,북한산둘레길 19구간 방학동길,0.01,,0.2,0.1,토사,False,,
7129,osm,way/1273319815,47,북한산,북한산둘레길 19구간 방학동길,0.037,,0.6,0.5,토사,False,,
7130,osm,way/1273319817,47,북한산,북한산둘레길 19구간 방학동길,0.017,,0.3,0.2,목재,False,,
7131,osm,way/1273319819,47,북한산,북한산둘레길 19구간 방학동길,0.02,,0.3,0.2,목재,False,,
7132,osm,way/1273319820,47,북한산,북한산둘레길 19구간 방학동길,0.016,,0.3,0.2,토사,False,,
7133,osm,way/1273319821,47,북한산,북한산둘레길 19구간 방학동길,0.015,,0.3,0.2,토사,False,,
7134,osm,way/1273319822,47,북한산,,0.035,,0.6,0.4,,False,,
7135,osm,way/1273319823,47,북한산,북한산둘레길 19구간 방학동길,0.032,,0.6,0.4,토사,False,,
7136,osm,way/1273319824,47,북한산,,0.002,,0.0,0.0,,False,,
7137,osm,way/1273319824,47,북한산,,0.013,,0.2,0.2,,False,,
7138,osm,way/1273319825,47,북한산,,0.029,,0.5,0.4,,False,,
7139,osm,way/1273319826,47,북한산,북한산둘레길 19구간 방학동길,0.03,,0.5,0.4,토사,False,,
7140,osm,way/1273319829,47,북한산,북한산둘레길 19구간 방학동길,0.048,,0.8,0.6,토사,False,,
7141,osm,way/1273319830,47,북한산,,0.061,,1.1,0.8,,False,,
7142,osm,way/1273319834,47,북한산,북한산둘레길 19구간 방학동길,0.29,,5.1,3.6,토사,False,,
7143,osm,way/1273319834,47,북한산,북한산둘레길 19구간 방학동길,0.046,,0.8,0.6,토사,False,,
7144,osm,way/1273319834,47,북한산,북한산둘레길 19구간 방학동길,0.129,,2.3,1.6,토사,False,,
7145,osm,way/1273319834,47,북한산,북한산둘레길 19구간 방학동길,0.055,,1.0,0.7,토사,False,,
7146,osm,way/1273319835,47,북한산,북한산둘레길 19구간 방학동길,0.009,,0.2,0.1,토사,False,,
7147,osm,way/1273319835,47,북한산,북한산둘레길 19구간 방학동길,0.067,,1.2,0.8,토사,False,,
7148,osm,way/1273319835,47,북한산,북한산둘레길 19구간 방학동길,0.056,,1.0,0.7,토사,False,,
7149,osm,way/1273319835,47,북한산,북한산둘레길 19구간 방학동길,0.018,,0.3,0.2,토사,False,,
7150,osm,way/1273319835,47,북한산,북한산둘레길 19구간 방학동길,0.05,,0.9,0.6,토사,False,,
7151,osm,way/1273319838,47,북한산,북한산둘레길 19구간 방학동길,0.005,,0.1,0.1,토사,False,,
7152,osm,way/1273319839,47,북한산,북한산둘레길 19구간 방학동길,0.006,,0.1,0.1,토사,False,,
7153,osm,way/1273319840,47,북한산,북한산둘레길 19구간 방학동길,0.011,,0.2,0.1,목재,False,,
7154,osm,way/1273319843,47,북한산,,0.043,,0.8,0.5,,False,,
7155,osm,way/1273319846,47,북한산,북한산둘레길 19구간 방학동길,0.008,,0.1,0.1,목재,False,,
7156,osm,way/1273319847,47,북한산,북한산둘레길 19구간 방학동길,0.007,,0.1,0.1,토사,False,,
7157,osm,way/1273319848,47,북한산,,0.006,,0.1,0.1,,False,,
7158,osm,way/1273319852,47,북한산,북한산둘레길 19구간 방학동길,0.01,,0.2,0.1,토사,False,,
7159,osm,way/1273319860,47,북한산,북한산둘레길 19구간 방학동길,0.012,,0.2,0.2,토사,False,,
7160,osm,way/1273319861,47,북한산,북한산둘레길 19구간 방학동길,0.018,,0.3,0.2,토사,False,,
7161,osm,way/1273319864,47,북한산,북한산둘레길 19구간 방학동길,0.005,,0.1,0.1,토사,False,,
7162,osm,way/1273319865,47,북한산,,0.502,,8.8,6.3,토사,False,,
7163,osm,way/1273319865,47,북한산,,0.87,,15.2,10.9,토사,False,,
7164,osm,way/1273319866,47,북한산,북한산둘레길 19구간 방학동길,0.033,,0.6,0.4,토사,False,,
7165,osm,way/1273319866,47,북한산,북한산둘레길 19구간 방학동길,0.015,,0.3,0.2,토사,False,,
7166,osm,way/1273319869,47,북한산,북한산둘레길 19구간 방학동길,0.024,,0.4,0.3,토사,False,,
7167,osm,way/1273319869,47,북한산,북한산둘레길 19구간 방학동길,0.009,,0.2,0.1,토사,False,,
7168,osm,way/1273319873,47,북한산,북한산둘레길 19구간 방학동길,0.03,,0.5,0.4,토사,False,,
7169,osm,way/1273319875,47,북한산,북한산둘레길 19구간 방학동길,0.019,,0.3,0.2,토사,False,,
7170,osm,way/1273319877,47,북한산,,0.006,,0.1,0.1,,False,,
7171,osm,way/1273319881,47,북한산,,0.015,,0.3,0.2,,False,,
7172,osm,way/1273319882,47,북한산,북한산둘레길 19구간 방학동길,0.023,,0.4,0.3,토사,False,,
7173,osm,way/1273319884,47,북한산,북한산둘레길 19구간 방학동길,0.013,,0.2,0.2,토사,False,,
7174,osm,way/1273319888,47,북한산,북한산둘레길 19구간 방학동길,0.003,,0.1,0.0,목재,False,,
7175,osm,way/1273319891,47,북한산,,0.077,,1.3,1.0,,False,,
7176,osm,way/1273319892,47,북한산,북한산둘레길 19구간 방학동길,0.03,,0.5,0.4,토사,False,,
7177,osm,way/1273319898,47,북한산,북한산둘레길 19구간 방학동길,0.02,,0.4,0.3,목재,False,,
7178,osm,way/1273319899,47,북한산,북한산둘레길 19구간 방학동길,0.031,,0.5,0.4,토사,False,,
7179,osm,way/1273977769,47,북한산,,0.029,,0.5,0.4,토사,False,,
7180,osm,way/1273977770,47,북한산,,0.037,,0.6,0.5,토사,False,,
7181,osm,way/1273977771,47,북한산,,0.048,,0.8,0.6,토사,False,,
7182,osm,way/1273981170,47,북한산,,0.02,,0.4,0.3,,False,,
7183,osm,way/1274340702,47,북한산,,0.005,,0.1,0.1,,False,,
7184,osm,way/1274340703,47,북한산,,0.004,,0.1,0.0,,False,,
7185,osm,way/1274774577,47,북한산,[북한산둘레길] 3구간 흰구름길,0.313,,5.5,3.9,토사,False,,
7186,osm,way/1275185869,47,북한산,솔샘로25길,0.027,,0.5,0.3,포장,False,,
7187,osm,way/1275185870,47,북한산,[북한산둘레길] 5구간 명상길,0.401,,7.0,5.0,토사,False,,
7188,osm,way/1302223028,47,북한산,,0.343,,6.0,4.3,,False,,
7189,osm,way/1316322830,47,북한산,,0.295,,5.2,3.7,,False,,
7190,osm,way/1408682190,47,북한산,,0.004,,0.1,0.0,,False,,
7191,osm,way/1408682190,47,북한산,,0.006,,0.1,0.1,,False,,
7192,osm,way/1408682191,47,북한산,,0.116,,2.0,1.4,,False,,
7193,osm,way/1408682192,47,북한산,,0.6,,10.5,7.5,,False,,
7194,osm,way/1408682193,47,북한산,,0.317,,5.5,4.0,,False,,
7195,osm,way/1408682195,47,북한산,,0.014,,0.3,0.2,,False,,
7196,osm,way/1408682196,47,북한산,,0.014,,0.2,0.2,,False,,
7197,osm,way/1408682196,47,북한산,,0.027,,0.5,0.3,,False,,
7198,osm,way/1408682198,47,북한산,,0.223,,3.9,2.8,,False,,
7199,osm,way/1408682198,47,북한산,,0.138,,2.4,1.7,,False,,
7200,osm,way/1408682199,47,북한산,,0.04,,0.7,0.5,,False,,
7201,osm,way/1408682200,47,북한산,,0.118,,2.1,1.5,,False,,
7202,osm,way/1408682200,47,북한산,,0.053,,0.9,0.7,,False,,
7203,osm,way/1408682201,47,북한산,,0.017,,0.3,0.2,,False,,
7204,osm,way/1408682202,47,북한산,,0.626,,11.0,7.8,,False,,
7205,osm,way/1408682202,47,북한산,,0.143,,2.5,1.8,,False,,
7206,osm,way/1408682203,47,북한산,,0.018,,0.3,0.2,,False,,
7207,osm,way/1408682204,47,북한산,[북한산둘레길] 11구간 효자길,0.099,,1.7,1.2,토사,False,,
7208,osm,way/1408682205,47,북한산,[북한산둘레길] 11구간 효자길,0.022,,0.4,0.3,,False,,
7209,osm,way/1408682206,47,북한산,[북한산둘레길] 11구간 효자길,0.046,,0.8,0.6,토사,False,,
7210,osm,way/1408682206,47,북한산,[북한산둘레길] 11구간 효자길,0.08,,1.4,1.0,토사,False,,
7211,osm,way/1408705909,47,북한산,,0.045,,0.8,0.6,,False,,
7212,osm,way/1408705922,47,북한산,,0.149,,2.6,1.9,,False,,
7213,osm,way/1417097695,47,북한산,,0.013,,0.2,0.2,,False,,
7214,osm,way/1417097696,47,북한산,원효교,0.026,,0.5,0.3,포장,False,,
7215,osm,way/1509692732,47,북한산,,0.028,,0.5,0.3,,False,,
7216,osm,way/1509692733,47,북한산,,0.093,,1.6,1.2,,False,,
7217,osm,way/1509692733,47,북한산,,0.02,,0.4,0.3,,False,,
7218,osm,way/1509692733,47,북한산,,0.023,,0.4,0.3,,False,,
7219,osm,way/1509692734,47,북한산,,0.011,,0.2,0.1,,False,,
7220,osm,way/1160621687,48,구릉산,,0.118,,2.1,1.5,,False,,
7221,osm,way/1160621687,48,구릉산,,0.039,,0.7,0.5,,False,,
7222,osm,way/1160621687,48,구릉산,,0.187,,3.3,2.3,,False,,
7223,osm,way/1160621687,48,구릉산,,0.031,,0.5,0.4,,False,,
7224,osm,way/1160621687,48,구릉산,,0.173,,3.0,2.2,,False,,
7225,osm,way/1160621687,48,구릉산,,0.021,,0.4,0.3,,False,,
7226,osm,way/1160621687,48,구릉산,,0.108,,1.9,1.4,,False,,
7227,osm,way/1160621687,48,구릉산,,0.028,,0.5,0.3,,False,,
7228,osm,way/1160621687,48,구릉산,,0.004,,0.1,0.0,,False,,
7229,osm,way/1160621687,48,구릉산,,0.332,,5.8,4.2,,False,,
7230,osm,way/1160621688,48,구릉산,,0.021,,0.4,0.3,,False,,
7231,osm,way/1160621688,48,구릉산,,0.033,,0.6,0.4,,False,,
7232,osm,way/1160621688,48,구릉산,,0.05,,0.9,0.6,,False,,
7233,osm,way/1160621688,48,구릉산,,0.04,,0.7,0.5,,False,,
7234,osm,way/1160621692,48,구릉산,,0.053,,0.9,0.7,,False,,
7235,osm,way/1160621694,48,구릉산,,0.156,,2.7,2.0,,False,,
7236,osm,way/1160621694,48,구릉산,,0.022,,0.4,0.3,,False,,
7237,osm,way/1160621695,48,구릉산,,0.009,,0.2,0.1,,False,,
7238,osm,way/1160621696,48,구릉산,,0.032,,0.6,0.4,,False,,
7239,osm,way/1160621696,48,구릉산,,0.061,,1.1,0.8,,False,,
7240,osm,way/1160621696,48,구릉산,,0.031,,0.5,0.4,,False,,
7241,osm,way/1160621697,48,구릉산,,0.039,,0.7,0.5,,False,,
7242,osm,way/1188981822,48,구릉산,,0.033,,0.6,0.4,,False,,
7243,osm,way/1414352225,48,구릉산,,0.059,,1.0,0.7,,False,,
7244,osm,way/1414352226,48,구릉산,,0.064,,1.1,0.8,,False,,
7245,osm,way/1414352226,48,구릉산,,0.012,,0.2,0.2,,False,,
7246,osm,way/1414352226,48,구릉산,,0.009,,0.2,0.1,,False,,
7247,osm,way/1414352226,48,구릉산,,0.016,,0.3,0.2,,False,,
7248,osm,way/1414352226,48,구릉산,,0.013,,0.2,0.2,,False,,
7249,osm,way/1414352227,48,구릉산,,0.029,,0.5,0.4,,False,,
7250,osm,way/1414352227,48,구릉산,,0.019,,0.3,0.2,,False,,
7251,osm,way/1414352228,48,구릉산,,0.02,,0.4,0.3,,False,,
7252,osm,way/1414352228,48,구릉산,,0.005,,0.1,0.1,,False,,
7253,osm,way/1414352229,48,구릉산,,0.018,,0.3,0.2,,False,,
7254,osm,way/1414352230,48,구릉산,,0.016,,0.3,0.2,,False,,
7255,osm,way/238269237,49,망우산,,0.201,,3.5,2.5,,False,,
7256,osm,way/238269237,49,망우산,,0.142,,2.5,1.8,,False,,
7257,osm,way/238269237,49,망우산,,0.024,,0.4,0.3,,False,,
7258,osm,way/238269237,49,망우산,,0.053,,0.9,0.7,,False,,
7259,osm,way/238269239,49,망우산,,0.061,,1.1,0.8,토사,False,,
7260,osm,way/238269239,49,망우산,,0.06,,1.0,0.7,토사,False,,
7261,osm,way/238269239,49,망우산,,0.417,,7.3,5.2,토사,False,,
7262,osm,way/238269239,49,망우산,,0.082,,1.4,1.0,토사,False,,
7263,osm,way/238269239,49,망우산,,0.072,,1.3,0.9,토사,False,,
7264,osm,way/238269239,49,망우산,,0.133,,2.3,1.7,토사,False,,
7265,osm,way/238269239,49,망우산,,0.031,,0.5,0.4,토사,False,,
7266,osm,way/238269239,49,망우산,,0.087,,1.5,1.1,토사,False,,
7267,osm,way/238269239,49,망우산,,0.462,,8.1,5.8,토사,False,,
7268,osm,way/238269239,49,망우산,,0.028,,0.5,0.4,토사,False,,
7269,osm,way/238269239,49,망우산,,0.062,,1.1,0.8,토사,False,,
7270,osm,way/238269239,49,망우산,,0.051,,0.9,0.6,토사,False,,
7271,osm,way/238269239,49,망우산,,0.219,,3.8,2.7,토사,False,,
7272,osm,way/238269239,49,망우산,,0.117,,2.0,1.5,토사,False,,
7273,osm,way/238269239,49,망우산,,0.036,,0.6,0.4,토사,False,,
7274,osm,way/238269239,49,망우산,,0.028,,0.5,0.4,토사,False,,
7275,osm,way/238269239,49,망우산,,0.08,,1.4,1.0,토사,False,,
7276,osm,way/238269239,49,망우산,,0.174,,3.0,2.2,토사,False,,
7277,osm,way/238269239,49,망우산,,0.147,,2.6,1.8,토사,False,,
7278,osm,way/238269239,49,망우산,,0.139,,2.4,1.7,토사,False,,
7279,osm,way/238269239,49,망우산,,0.112,,2.0,1.4,토사,False,,
7280,osm,way/238269239,49,망우산,,0.032,,0.6,0.4,토사,False,,
7281,osm,way/238269241,49,망우산,,0.144,,2.5,1.8,,False,,
7282,osm,way/238269241,49,망우산,,0.013,,0.2,0.2,,False,,
7283,osm,way/238269391,49,망우산,,0.339,,5.9,4.2,토사,False,,
7284,osm,way/238269685,49,망우산,,0.272,,4.8,3.4,,False,,
7285,osm,way/238271046,49,망우산,,0.192,,3.4,2.4,토사,False,,
7286,osm,way/238271046,49,망우산,,0.05,,0.9,0.6,토사,False,,
7287,osm,way/238271431,49,망우산,,0.447,,7.8,5.6,,False,,
7288,osm,way/238271431,49,망우산,,0.107,,1.9,1.3,,False,,
7289,osm,way/238271431,49,망우산,,0.066,,1.2,0.8,,False,,
7290,osm,way/238271431,49,망우산,,0.128,,2.2,1.6,,False,,
7291,osm,way/238271431,49,망우산,,0.016,,0.3,0.2,,False,,
7292,osm,way/239711474,49,망우산,,0.039,,0.7,0.5,,False,,
7293,osm,way/239711474,49,망우산,,0.234,,4.1,2.9,,False,,
7294,osm,way/239711475,49,망우산,,0.225,,3.9,2.8,,False,,
7295,osm,way/239711475,49,망우산,,0.137,,2.4,1.7,,False,,
7296,osm,way/239711476,49,망우산,,0.057,,1.0,0.7,,False,,
7297,osm,way/239711476,49,망우산,,0.143,,2.5,1.8,,False,,
7298,osm,way/239712487,49,망우산,,0.041,,0.7,0.5,,False,,
7299,osm,way/239715672,49,망우산,,0.018,,0.3,0.2,,False,,
7300,osm,way/239715672,49,망우산,,0.046,,0.8,0.6,,False,,
7301,osm,way/239715672,49,망우산,,0.042,,0.7,0.5,,False,,
7302,osm,way/239715672,49,망우산,,0.007,,0.1,0.1,,False,,
7303,osm,way/239715672,49,망우산,,0.081,,1.4,1.0,,False,,
7304,osm,way/239715674,49,망우산,,0.032,,0.6,0.4,,False,,
7305,osm,way/239715674,49,망우산,,0.047,,0.8,0.6,,False,,
7306,osm,way/239715674,49,망우산,,0.081,,1.4,1.0,,False,,
7307,osm,way/239715676,49,망우산,,0.007,,0.1,0.1,,False,,
7308,osm,way/239715676,49,망우산,,0.105,,1.8,1.3,,False,,
7309,osm,way/239715677,49,망우산,,0.033,,0.6,0.4,,False,,
7310,osm,way/239715696,49,망우산,,0.114,,2.0,1.4,,False,,
7311,osm,way/239715697,49,망우산,,0.12,,2.1,1.5,,False,,
7312,osm,way/239717096,49,망우산,,0.087,,1.5,1.1,,False,,
7313,osm,way/239717096,49,망우산,,0.024,,0.4,0.3,,False,,
7314,osm,way/239717096,49,망우산,,0.078,,1.4,1.0,,False,,
7315,osm,way/239717096,49,망우산,,0.008,,0.1,0.1,,False,,
7316,osm,way/239717096,49,망우산,,0.036,,0.6,0.5,,False,,
7317,osm,way/239717096,49,망우산,,0.031,,0.5,0.4,,False,,
7318,osm,way/239717096,49,망우산,,0.037,,0.7,0.5,,False,,
7319,osm,way/239717096,49,망우산,,0.029,,0.5,0.4,,False,,
7320,osm,way/239717097,49,망우산,,0.016,,0.3,0.2,,False,,
7321,osm,way/239719082,49,망우산,,0.029,,0.5,0.4,,False,,
7322,osm,way/239719082,49,망우산,,0.041,,0.7,0.5,,False,,
7323,osm,way/239719082,49,망우산,,0.055,,1.0,0.7,,False,,
7324,osm,way/239719084,49,망우산,,0.046,,0.8,0.6,,False,,
7325,osm,way/239719084,49,망우산,,0.243,,4.3,3.0,,False,,
7326,osm,way/239719084,49,망우산,,0.08,,1.4,1.0,,False,,
7327,osm,way/239719084,49,망우산,,0.137,,2.4,1.7,,False,,
7328,osm,way/239719087,49,망우산,,0.006,,0.1,0.1,,False,,
7329,osm,way/239719087,49,망우산,,0.035,,0.6,0.4,,False,,
7330,osm,way/239719089,49,망우산,,0.074,,1.3,0.9,,False,,
7331,osm,way/239719089,49,망우산,,0.053,,0.9,0.7,,False,,
7332,osm,way/239719089,49,망우산,,0.077,,1.3,1.0,,False,,
7333,osm,way/239719092,49,망우산,,0.047,,0.8,0.6,,False,,
7334,osm,way/239719092,49,망우산,,0.066,,1.2,0.8,,False,,
7335,osm,way/239719093,49,망우산,,0.017,,0.3,0.2,,False,,
7336,osm,way/239719093,49,망우산,,0.035,,0.6,0.4,,False,,
7337,osm,way/239719093,49,망우산,,0.002,,0.0,0.0,,False,,
7338,osm,way/239719096,49,망우산,,0.019,,0.3,0.2,,False,,
7339,osm,way/239719096,49,망우산,,0.092,,1.6,1.2,,False,,
7340,osm,way/239719100,49,망우산,,0.059,,1.0,0.7,,False,,
7341,osm,way/239719107,49,망우산,,0.052,,0.9,0.6,,False,,
7342,osm,way/239719107,49,망우산,,0.029,,0.5,0.4,,False,,
7343,osm,way/239719107,49,망우산,,0.007,,0.1,0.1,,False,,
7344,osm,way/239719107,49,망우산,,0.053,,0.9,0.7,,False,,
7345,osm,way/239719108,49,망우산,,0.014,,0.3,0.2,,False,,
7346,osm,way/239719108,49,망우산,,0.059,,1.0,0.7,,False,,
7347,osm,way/239719110,49,망우산,,0.155,,2.7,1.9,,False,,
7348,osm,way/239719111,49,망우산,,0.1,,1.7,1.2,,False,,
7349,osm,way/239719817,49,망우산,,0.098,,1.7,1.2,,False,,
7350,osm,way/239719818,49,망우산,,0.094,,1.6,1.2,,False,,
7351,osm,way/239719820,49,망우산,,0.202,,3.5,2.5,,False,,
7352,osm,way/239719820,49,망우산,,0.199,,3.5,2.5,,False,,
7353,osm,way/239719820,49,망우산,,0.065,,1.1,0.8,,False,,
7354,osm,way/239720272,49,망우산,,0.218,,3.8,2.7,,False,,
7355,osm,way/239720272,49,망우산,,0.005,,0.1,0.1,,False,,
7356,osm,way/239720725,49,망우산,,0.053,,0.9,0.7,,False,,
7357,osm,way/239720725,49,망우산,,0.06,,1.0,0.7,,False,,
7358,osm,way/239720725,49,망우산,,0.034,,0.6,0.4,,False,,
7359,osm,way/239720726,49,망우산,,0.043,,0.7,0.5,,False,,
7360,osm,way/239720726,49,망우산,,0.065,,1.1,0.8,,False,,
7361,osm,way/239720856,49,망우산,,0.007,,0.1,0.1,,False,,
7362,osm,way/239720856,49,망우산,,0.025,,0.4,0.3,,False,,
7363,osm,way/239720856,49,망우산,,0.019,,0.3,0.2,,False,,
7364,osm,way/239720857,49,망우산,,0.049,,0.9,0.6,,False,,
7365,osm,way/239720858,49,망우산,,0.013,,0.2,0.2,,False,,
7366,osm,way/241751577,49,망우산,,0.036,,0.6,0.4,,False,,
7367,osm,way/241751577,49,망우산,,0.008,,0.1,0.1,,False,,
7368,osm,way/241751577,49,망우산,,0.689,,12.1,8.6,,False,,
7369,osm,way/241752947,49,망우산,,0.096,,1.7,1.2,,False,험로,
7370,osm,way/241753142,49,망우산,,0.027,,0.5,0.3,,False,,
7371,osm,way/241753143,49,망우산,,0.201,,3.5,2.5,,False,,
7372,osm,way/241753143,49,망우산,,0.125,,2.2,1.6,,False,,
7373,osm,way/241753324,49,망우산,,0.018,,0.3,0.2,,False,,
7374,osm,way/241753325,49,망우산,,0.033,,0.6,0.4,,False,,
7375,osm,way/241753326,49,망우산,,0.022,,0.4,0.3,,False,,
7376,osm,way/241753326,49,망우산,,0.164,,2.9,2.1,,False,,
7377,osm,way/241753326,49,망우산,,0.086,,1.5,1.1,,False,,
7378,osm,way/241753326,49,망우산,,0.016,,0.3,0.2,,False,,
7379,osm,way/241753326,49,망우산,,0.063,,1.1,0.8,,False,,
7380,osm,way/241753326,49,망우산,,0.099,,1.7,1.2,,False,,
7381,osm,way/241753326,49,망우산,,0.078,,1.4,1.0,,False,,
7382,osm,way/241753399,49,망우산,,0.061,,1.1,0.8,,False,,
7383,osm,way/241753496,49,망우산,,0.147,,2.6,1.8,,False,,
7384,osm,way/241753497,49,망우산,,0.028,,0.5,0.3,,False,,
7385,osm,way/315411477,49,망우산,,0.043,,0.7,0.5,,False,,
7386,osm,way/315411477,49,망우산,,0.35,,6.1,4.4,,False,,
7387,osm,way/315411478,49,망우산,,0.236,,4.1,2.9,,False,,
7388,osm,way/315411478,49,망우산,,0.409,,7.2,5.1,,False,,
7389,osm,way/316747931,49,망우산,,0.176,,3.1,2.2,,False,,
7390,osm,way/316747931,49,망우산,,0.237,,4.1,3.0,,False,,
7391,osm,way/316747932,49,망우산,,0.036,,0.6,0.5,,False,,
7392,osm,way/316747932,49,망우산,,0.167,,2.9,2.1,,False,,
7393,osm,way/316747932,49,망우산,,0.175,,3.1,2.2,,False,,
7394,osm,way/316899365,49,망우산,,0.373,,6.5,4.7,,False,,
7395,osm,way/316899365,49,망우산,,0.21,,3.7,2.6,,False,,
7396,osm,way/316899365,49,망우산,,0.049,,0.9,0.6,,False,,
7397,osm,way/316899365,49,망우산,,0.051,,0.9,0.6,,False,,
7398,osm,way/316899365,49,망우산,,0.032,,0.6,0.4,,False,,
7399,osm,way/317315558,49,망우산,,0.172,,3.0,2.2,,False,,
7400,osm,way/317315558,49,망우산,,0.043,,0.8,0.5,,False,,
7401,osm,way/317315558,49,망우산,,0.048,,0.8,0.6,,False,,
7402,osm,way/317315558,49,망우산,,0.11,,1.9,1.4,,False,,
7403,osm,way/317315558,49,망우산,,0.014,,0.2,0.2,,False,,
7404,osm,way/317315559,49,망우산,,0.106,,1.9,1.3,,False,,
7405,osm,way/317883868,49,망우산,,0.246,,4.3,3.1,,False,,
7406,osm,way/350720985,49,망우산,,0.036,,0.6,0.4,,False,,
7407,osm,way/350720985,49,망우산,,0.017,,0.3,0.2,,False,,
7408,osm,way/350720985,49,망우산,,0.215,,3.8,2.7,,False,,
7409,osm,way/350720985,49,망우산,,0.026,,0.5,0.3,,False,,
7410,osm,way/350720985,49,망우산,,0.482,,8.4,6.0,,False,,
7411,osm,way/378579193,49,망우산,,0.004,,0.1,0.0,,False,,
7412,osm,way/378579193,49,망우산,,0.171,,3.0,2.1,,False,,
7413,osm,way/378579193,49,망우산,,0.028,,0.5,0.3,,False,,
7414,osm,way/378579193,49,망우산,,0.431,,7.5,5.4,,False,,
7415,osm,way/378579193,49,망우산,,0.201,,3.5,2.5,,False,,
7416,osm,way/378579193,49,망우산,,0.083,,1.5,1.0,,False,,
7417,osm,way/378579193,49,망우산,,0.095,,1.7,1.2,,False,,
7418,osm,way/378579193,49,망우산,,0.025,,0.4,0.3,,False,,
7419,osm,way/378579193,49,망우산,,0.102,,1.8,1.3,,False,,
7420,osm,way/378579193,49,망우산,,0.151,,2.6,1.9,,False,,
7421,osm,way/378579193,49,망우산,,0.578,,10.1,7.2,,False,,
7422,osm,way/380011070,49,망우산,,0.042,,0.7,0.5,,False,,
7423,osm,way/380011070,49,망우산,,0.176,,3.1,2.2,,False,,
7424,osm,way/380011070,49,망우산,,0.213,,3.7,2.7,,False,,
7425,osm,way/458453094,49,망우산,,0.23,,4.0,2.9,,False,,
7426,osm,way/458453094,49,망우산,,0.098,,1.7,1.2,,False,,
7427,osm,way/458453094,49,망우산,,0.261,,4.6,3.3,,False,,
7428,osm,way/458453094,49,망우산,,0.359,,6.3,4.5,,False,,
7429,osm,way/458453094,49,망우산,,0.025,,0.4,0.3,,False,,
7430,osm,way/458453094,49,망우산,,0.252,,4.4,3.2,,False,,
7431,osm,way/458453094,49,망우산,,0.346,,6.0,4.3,,False,,
7432,osm,way/458453094,49,망우산,,0.045,,0.8,0.6,,False,,
7433,osm,way/458453094,49,망우산,,0.142,,2.5,1.8,,False,,
7434,osm,way/458453094,49,망우산,,0.501,,8.8,6.3,,False,,
7435,osm,way/458453094,49,망우산,,0.209,,3.7,2.6,,False,,
7436,osm,way/458616883,49,망우산,,0.328,,5.7,4.1,,False,,
7437,osm,way/458616883,49,망우산,,0.026,,0.5,0.3,,False,,
7438,osm,way/458616883,49,망우산,,0.08,,1.4,1.0,,False,,
7439,osm,way/458616883,49,망우산,,0.005,,0.1,0.1,,False,,
7440,osm,way/458616883,49,망우산,,0.136,,2.4,1.7,,False,,
7441,osm,way/458616883,49,망우산,,0.047,,0.8,0.6,,False,,
7442,osm,way/458616884,49,망우산,,0.18,,3.1,2.2,,False,,
7443,osm,way/458616884,49,망우산,,0.089,,1.6,1.1,,False,,
7444,osm,way/458616885,49,망우산,,0.441,,7.7,5.5,,False,,
7445,osm,way/458616885,49,망우산,,0.462,,8.1,5.8,,False,,
7446,osm,way/458616885,49,망우산,,0.532,,9.3,6.7,,False,,
7447,osm,way/458616885,49,망우산,,0.044,,0.8,0.5,,False,,
7448,osm,way/458616886,49,망우산,,0.314,,5.5,3.9,,False,,
7449,osm,way/458616886,49,망우산,,0.044,,0.8,0.5,,False,,
7450,osm,way/458616886,49,망우산,,0.238,,4.2,3.0,,False,,
7451,osm,way/458616886,49,망우산,,0.085,,1.5,1.1,,False,,
7452,osm,way/458616887,49,망우산,,0.27,,4.7,3.4,,False,,
7453,osm,way/458616887,49,망우산,,0.535,,9.4,6.7,,False,,
7454,osm,way/458616887,49,망우산,,0.082,,1.4,1.0,,False,,
7455,osm,way/458616887,49,망우산,,0.072,,1.3,0.9,,False,,
7456,osm,way/458616887,49,망우산,,0.07,,1.2,0.9,,False,,
7457,osm,way/459274010,49,망우산,,0.048,,0.8,0.6,,False,,
7458,osm,way/459737858,49,망우산,,0.004,,0.1,0.0,,False,,
7459,osm,way/459737858,49,망우산,,0.061,,1.1,0.8,,False,,
7460,osm,way/459737858,49,망우산,,0.063,,1.1,0.8,,False,,
7461,osm,way/459737858,49,망우산,,0.036,,0.6,0.5,,False,,
7462,osm,way/461012011,49,망우산,,0.491,,8.6,6.1,,False,,
7463,osm,way/461336337,49,망우산,,0.009,,0.2,0.1,,False,,
7464,osm,way/461336337,49,망우산,,0.303,,5.3,3.8,,False,,
7465,osm,way/461336337,49,망우산,,0.043,,0.7,0.5,,False,,
7466,osm,way/461336337,49,망우산,,0.067,,1.2,0.8,,False,,
7467,osm,way/461336337,49,망우산,,0.026,,0.5,0.3,,False,,
7468,osm,way/462031430,49,망우산,,0.542,,9.5,6.8,,False,,
7469,osm,way/462031432,49,망우산,,0.102,,1.8,1.3,,False,,
7470,osm,way/462031578,49,망우산,,0.187,,3.3,2.3,,False,,
7471,osm,way/506155028,49,망우산,,0.842,,14.7,10.5,,False,,
7472,osm,way/506155029,49,망우산,,0.129,,2.3,1.6,,False,,
7473,osm,way/506155030,49,망우산,,0.122,,2.1,1.5,,False,,
7474,osm,way/506155031,49,망우산,,0.01,,0.2,0.1,,False,,
7475,osm,way/506155032,49,망우산,570계단,0.196,,3.4,2.5,목재,False,,
7476,osm,way/506155033,49,망우산,,0.118,,2.1,1.5,,False,,
7477,osm,way/544049949,49,망우산,,0.134,,2.4,1.7,,False,,
7478,osm,way/544049949,49,망우산,,0.74,,13.0,9.3,,False,,
7479,osm,way/544049949,49,망우산,,0.324,,5.7,4.1,,False,,
7480,osm,way/545648947,49,망우산,,0.334,,5.9,4.2,,False,,
7481,osm,way/545648947,49,망우산,,0.023,,0.4,0.3,,False,,
7482,osm,way/545648947,49,망우산,,0.063,,1.1,0.8,,False,,
7483,osm,way/545648949,49,망우산,,0.632,,11.1,7.9,토사,False,,
7484,osm,way/545648949,49,망우산,,0.231,,4.0,2.9,토사,False,,
7485,osm,way/545648949,49,망우산,,0.168,,2.9,2.1,토사,False,,
7486,osm,way/545648949,49,망우산,,0.718,,12.6,9.0,토사,False,,
7487,osm,way/545648950,49,망우산,,0.288,,5.0,3.6,,False,,
7488,osm,way/560237625,49,망우산,,0.248,,4.3,3.1,,False,,
7489,osm,way/560237625,49,망우산,,0.333,,5.8,4.2,,False,,
7490,osm,way/565716894,49,망우산,,0.802,,14.0,10.0,,False,,
7491,osm,way/565716894,49,망우산,,0.28,,4.9,3.5,,False,,
7492,osm,way/565716895,49,망우산,,0.53,,9.3,6.6,,False,,
7493,osm,way/587066640,49,망우산,,0.059,,1.0,0.7,,False,,
7494,osm,way/587066640,49,망우산,,0.04,,0.7,0.5,,False,,
7495,osm,way/587066640,49,망우산,,0.387,,6.8,4.8,,False,,
7496,osm,way/587066641,49,망우산,,0.086,,1.5,1.1,,False,,
7497,osm,way/587066643,49,망우산,,0.046,,0.8,0.6,,False,,
7498,osm,way/639942671,49,망우산,,0.112,,2.0,1.4,,False,,
7499,osm,way/665762710,49,망우산,,0.214,,3.7,2.7,,False,,
7500,osm,way/665762710,49,망우산,,0.284,,5.0,3.6,,False,,
7501,osm,way/665762710,49,망우산,,0.128,,2.2,1.6,,False,,
7502,osm,way/665762710,49,망우산,,0.477,,8.3,6.0,,False,,
7503,osm,way/665762712,49,망우산,과수원길,0.486,,8.5,6.1,,False,,
7504,osm,way/665762712,49,망우산,과수원길,0.077,,1.3,1.0,,False,,
7505,osm,way/665762713,49,망우산,,0.115,,2.0,1.4,,False,,
7506,osm,way/698841923,49,망우산,,0.318,,5.6,4.0,,False,,
7507,osm,way/698841923,49,망우산,,0.113,,2.0,1.4,,False,,
7508,osm,way/698841924,49,망우산,,0.04,,0.7,0.5,,False,,
7509,osm,way/698841924,49,망우산,,0.206,,3.6,2.6,,False,,
7510,osm,way/698841925,49,망우산,,0.56,,9.8,7.0,,False,,
7511,osm,way/756846725,49,망우산,,0.111,,1.9,1.4,토사,False,,
7512,osm,way/756846725,49,망우산,,0.522,,9.1,6.5,토사,False,,
7513,osm,way/756846725,49,망우산,,0.056,,1.0,0.7,토사,False,,
7514,osm,way/756846725,49,망우산,,0.004,,0.1,0.0,토사,False,,
7515,osm,way/756846725,49,망우산,,0.207,,3.6,2.6,토사,False,,
7516,osm,way/756846725,49,망우산,,0.127,,2.2,1.6,토사,False,,
7517,osm,way/756846725,49,망우산,,0.429,,7.5,5.4,토사,False,,
7518,osm,way/756846725,49,망우산,,0.262,,4.6,3.3,토사,False,,
7519,osm,way/756846725,49,망우산,,0.084,,1.5,1.0,토사,False,,
7520,osm,way/756846725,49,망우산,,0.24,,4.2,3.0,토사,False,,
7521,osm,way/756846725,49,망우산,,0.202,,3.5,2.5,토사,False,,
7522,osm,way/756846725,49,망우산,,0.004,,0.1,0.1,토사,False,,
7523,osm,way/756846725,49,망우산,,0.011,,0.2,0.1,토사,False,,
7524,osm,way/756846725,49,망우산,,0.346,,6.1,4.3,토사,False,,
7525,osm,way/756846725,49,망우산,,0.119,,2.1,1.5,토사,False,,
7526,osm,way/1035116304,49,망우산,,0.086,,1.5,1.1,토사,False,,
7527,osm,way/1160316607,49,망우산,,0.834,,14.6,10.4,토사,False,,
7528,osm,way/1160316607,49,망우산,,0.021,,0.4,0.3,토사,False,,
7529,osm,way/1160316607,49,망우산,,0.017,,0.3,0.2,토사,False,,
7530,osm,way/1160317060,49,망우산,,0.804,,14.1,10.1,토사,False,,
7531,osm,way/1160318828,49,망우산,,0.021,,0.4,0.3,목재,False,,
7532,osm,way/1160318828,49,망우산,,0.044,,0.8,0.6,목재,False,,
7533,osm,way/1160318829,49,망우산,,0.042,,0.7,0.5,토사,False,,
7534,osm,way/1160318830,49,망우산,,0.358,,6.3,4.5,토사,False,,
7535,osm,way/1160318830,49,망우산,,0.041,,0.7,0.5,토사,False,,
7536,osm,way/1160318831,49,망우산,,0.286,,5.0,3.6,토사,False,,
7537,osm,way/1160318832,49,망우산,,0.093,,1.6,1.2,토사,False,,
7538,osm,way/1160318833,49,망우산,,0.112,,2.0,1.4,토사,False,,
7539,osm,way/1160318833,49,망우산,,0.489,,8.6,6.1,토사,False,,
7540,osm,way/1160318834,49,망우산,,0.463,,8.1,5.8,토사,False,,
7541,osm,way/1160318835,49,망우산,,0.339,,5.9,4.2,토사,False,,
7542,osm,way/1160318835,49,망우산,,0.332,,5.8,4.2,토사,False,,
7543,osm,way/1160319143,49,망우산,,0.599,,10.5,7.5,토사,False,,
7544,osm,way/1210581288,49,망우산,,0.376,,6.6,4.7,,False,,
7545,osm,way/1268092535,49,망우산,,0.025,,0.4,0.3,,False,,
7546,osm,way/1268092535,49,망우산,,0.35,,6.1,4.4,,False,,
7547,osm,way/1268092536,49,망우산,,0.026,,0.5,0.3,,False,,
7548,osm,way/1268092536,49,망우산,,0.293,,5.1,3.7,,False,,
7549,osm,way/1268092536,49,망우산,,0.06,,1.0,0.7,,False,,
7550,osm,way/1268092537,49,망우산,,0.027,,0.5,0.3,,False,,
7551,osm,way/1268092537,49,망우산,,0.029,,0.5,0.4,,False,,
7552,osm,way/1268092537,49,망우산,,0.308,,5.4,3.8,,False,,
7553,osm,way/1268092538,49,망우산,,0.227,,4.0,2.8,,False,,
7554,osm,way/1268092538,49,망우산,,0.088,,1.5,1.1,,False,,
7555,osm,way/1268092538,49,망우산,,0.087,,1.5,1.1,,False,,
7556,osm,way/1268092538,49,망우산,,0.004,,0.1,0.0,,False,,
7557,osm,way/1274050212,49,망우산,,0.336,,5.9,4.2,,False,,
7558,osm,way/1274050212,49,망우산,,0.137,,2.4,1.7,,False,,
7559,osm,way/1274050217,49,망우산,,0.944,,16.5,11.8,토사,False,,
7560,osm,way/1274050222,49,망우산,,0.258,,4.5,3.2,토사,False,,
7561,osm,way/1274050227,49,망우산,,0.452,,7.9,5.7,,False,,
7562,osm,way/1274050242,49,망우산,,0.053,,0.9,0.7,rubber,False,,
7563,osm,way/1274050250,49,망우산,,0.015,,0.3,0.2,목재,False,,
7564,osm,way/1274050259,49,망우산,,0.003,,0.1,0.0,,False,,
7565,osm,way/1274050259,49,망우산,,0.021,,0.4,0.3,,False,,
7566,osm,way/1274050259,49,망우산,,0.002,,0.0,0.0,,False,,
7567,osm,way/1274050259,49,망우산,,0.05,,0.9,0.6,,False,,
7568,osm,way/1274050259,49,망우산,,0.029,,0.5,0.4,,False,,
7569,osm,way/1274050259,49,망우산,,0.022,,0.4,0.3,,False,,
7570,osm,way/1274050262,49,망우산,,0.688,,12.0,8.6,,False,,
7571,osm,way/1274050262,49,망우산,,0.025,,0.4,0.3,,False,,
7572,osm,way/1274050262,49,망우산,,0.148,,2.6,1.8,,False,,
7573,osm,way/1274062251,49,망우산,,0.069,,1.2,0.9,,False,,
7574,osm,way/1274062251,49,망우산,,0.131,,2.3,1.6,,False,,
7575,osm,way/1274062251,49,망우산,,0.046,,0.8,0.6,,False,,
7576,osm,way/1274062253,49,망우산,,0.086,,1.5,1.1,목재,False,,
7577,osm,way/1274062253,49,망우산,,0.27,,4.7,3.4,목재,False,,
7578,osm,way/1274062254,49,망우산,,0.039,,0.7,0.5,토사,False,,
7579,osm,way/1274062255,49,망우산,,0.032,,0.6,0.4,,False,,
7580,osm,way/1274062255,49,망우산,,0.065,,1.1,0.8,,False,,
7581,osm,way/1274544864,49,망우산,,0.126,,2.2,1.6,토사,False,,
7582,osm,way/1274544865,49,망우산,,0.01,,0.2,0.1,,False,,
7583,osm,way/1278017519,49,망우산,,0.057,,1.0,0.7,토사,False,,
7584,osm,way/1422967395,49,망우산,,0.098,,1.7,1.2,,False,,
7585,osm,way/1422967396,49,망우산,,0.039,,0.7,0.5,,False,,
7586,osm,way/1422967396,49,망우산,,0.607,,10.6,7.6,,False,,
7587,osm,way/1422967401,49,망우산,,0.458,,8.0,5.7,,False,,
7588,osm,way/1422967402,49,망우산,,0.076,,1.3,0.9,,False,,
7589,osm,way/1422967403,49,망우산,,0.101,,1.8,1.3,,False,,
7590,osm,way/1422967404,49,망우산,,0.151,,2.6,1.9,,False,,
7591,osm,way/1422967405,49,망우산,,0.043,,0.8,0.5,,False,,
7592,osm,way/1422967406,49,망우산,,0.058,,1.0,0.7,,False,,
7593,osm,way/1422967407,49,망우산,,0.284,,5.0,3.6,,False,,
7594,osm,way/1422982309,49,망우산,,0.243,,4.2,3.0,,False,,
7595,osm,way/1422982319,49,망우산,,0.003,,0.1,0.0,,False,,
7596,osm,way/1422982320,49,망우산,,0.05,,0.9,0.6,,False,,
7597,osm,way/1422982321,49,망우산,,0.072,,1.3,0.9,,False,,
7598,osm,way/1422982321,49,망우산,,0.01,,0.2,0.1,,False,,
7599,osm,way/1422982322,49,망우산,,0.021,,0.4,0.3,,False,,
7600,osm,way/1422982322,49,망우산,,0.07,,1.2,0.9,,False,,
7601,osm,way/1422982327,49,망우산,,0.015,,0.3,0.2,,False,,
7602,osm,way/1422982328,49,망우산,,0.029,,0.5,0.4,,False,,
7603,osm,way/1422982328,49,망우산,,0.027,,0.5,0.3,,False,,
7604,osm,way/1422982328,49,망우산,,0.007,,0.1,0.1,,False,,
7605,osm,way/1422982328,49,망우산,,0.37,,6.5,4.6,,False,,
7606,osm,way/1422982328,49,망우산,,0.067,,1.2,0.8,,False,,
7607,osm,way/1422982329,49,망우산,,0.106,,1.9,1.3,,False,,
7608,osm,way/1422982330,49,망우산,,0.335,,5.9,4.2,,False,,
7609,osm,way/1422982330,49,망우산,,0.025,,0.4,0.3,,False,,
7610,osm,way/1422982330,49,망우산,,0.04,,0.7,0.5,,False,,
7611,osm,way/1422982330,49,망우산,,0.03,,0.5,0.4,,False,,
7612,osm,way/1422982330,49,망우산,,0.108,,1.9,1.3,,False,,
7613,osm,way/1422982331,49,망우산,,0.046,,0.8,0.6,,False,,
7614,osm,way/1422982331,49,망우산,,0.051,,0.9,0.6,,False,,
7615,osm,way/1422982332,49,망우산,,0.652,,11.4,8.1,,False,,
7616,osm,way/1422982332,49,망우산,,0.392,,6.9,4.9,,False,,
7617,osm,way/1422982333,49,망우산,,0.064,,1.1,0.8,,False,,
7618,osm,way/1422982337,49,망우산,,0.143,,2.5,1.8,,False,,
7619,osm,way/1422982337,49,망우산,,0.336,,5.9,4.2,,False,,
7620,osm,way/1422982337,49,망우산,,0.14,,2.4,1.7,,False,,
7621,osm,way/1422982338,49,망우산,,0.025,,0.4,0.3,,False,,
7622,osm,way/1422982338,49,망우산,,0.019,,0.3,0.2,,False,,
7623,osm,way/1422982339,49,망우산,,0.067,,1.2,0.8,,False,,
7624,osm,way/1422982340,49,망우산,,0.239,,4.2,3.0,,False,,
7625,osm,way/1422982341,49,망우산,,0.076,,1.3,1.0,,False,,
7626,osm,way/1422982342,49,망우산,,0.661,,11.6,8.3,,False,,
7627,osm,way/1422982342,49,망우산,,0.345,,6.0,4.3,,False,,
7628,osm,way/1422982342,49,망우산,,0.028,,0.5,0.3,,False,,
7629,osm,way/1422982342,49,망우산,,0.216,,3.8,2.7,,False,,
7630,osm,way/1422982342,49,망우산,,0.064,,1.1,0.8,,False,,
7631,osm,way/1422982342,49,망우산,,0.073,,1.3,0.9,,False,,
7632,osm,way/1422982342,49,망우산,,0.057,,1.0,0.7,,False,,
7633,osm,way/1422982342,49,망우산,,0.315,,5.5,3.9,,False,,
7634,osm,way/1422982343,49,망우산,,0.142,,2.5,1.8,,False,,
7635,osm,way/1422982343,49,망우산,,0.015,,0.3,0.2,,False,,
7636,osm,way/1422982343,49,망우산,,0.036,,0.6,0.4,,False,,
7637,osm,way/1422982343,49,망우산,,0.091,,1.6,1.1,,False,,
7638,osm,way/1422982343,49,망우산,,0.053,,0.9,0.7,,False,,
7639,osm,way/1422982344,49,망우산,,0.201,,3.5,2.5,,False,,
7640,osm,way/1422982345,49,망우산,,0.116,,2.0,1.5,,False,,
7641,osm,way/1422982346,49,망우산,,0.112,,2.0,1.4,,False,,
7642,osm,way/1427226578,49,망우산,,0.114,,2.0,1.4,,False,,
7643,osm,way/1427226579,49,망우산,,0.134,,2.3,1.7,,False,,
7644,osm,way/1427805551,49,망우산,,0.019,,0.3,0.2,,False,,
7645,osm,way/1427805552,49,망우산,,0.01,,0.2,0.1,,False,,
7646,osm,way/1427805553,49,망우산,,0.014,,0.2,0.2,,False,,
7647,osm,way/1427805554,49,망우산,,0.01,,0.2,0.1,,False,,
7648,osm,way/1427805555,49,망우산,,0.001,,0.0,0.0,,False,,
7649,osm,way/1427805556,49,망우산,,0.014,,0.3,0.2,,False,,
7650,osm,way/1427805557,49,망우산,,0.024,,0.4,0.3,,False,,
7651,osm,way/1427805558,49,망우산,,0.062,,1.1,0.8,,False,,
7652,osm,way/1427805558,49,망우산,,0.015,,0.3,0.2,,False,,
7653,osm,way/1427805559,49,망우산,,0.013,,0.2,0.2,,False,,
7654,osm,way/1427805560,49,망우산,,0.092,,1.6,1.1,,False,,
7655,osm,way/1427805560,49,망우산,,0.007,,0.1,0.1,,False,,
7656,osm,way/1427805561,49,망우산,,0.723,,12.6,9.0,,False,,
7657,osm,way/1427805562,49,망우산,,0.3,,5.2,3.7,,False,,
7658,osm,way/1427805563,49,망우산,,0.078,,1.4,1.0,,False,,
7659,osm,way/1427805564,49,망우산,,0.039,,0.7,0.5,,False,,
7660,osm,way/1427805564,49,망우산,,0.057,,1.0,0.7,,False,,
7661,osm,way/1427805565,49,망우산,,0.162,,2.8,2.0,,False,,
7662,osm,way/1427805565,49,망우산,,0.091,,1.6,1.1,,False,,
7663,osm,way/1427805565,49,망우산,,0.306,,5.4,3.8,,False,,
7664,osm,way/1427805566,49,망우산,,0.066,,1.2,0.8,,False,,
7665,osm,way/1427805567,49,망우산,,0.052,,0.9,0.6,,False,,
7666,osm,way/1427805568,49,망우산,,0.008,,0.1,0.1,,False,,
7667,osm,way/1427805569,49,망우산,,0.011,,0.2,0.1,,False,,
7668,osm,way/1427805570,49,망우산,,0.288,,5.0,3.6,,False,,
7669,osm,way/1428172224,49,망우산,,0.137,,2.4,1.7,,False,,
7670,osm,way/1428172225,49,망우산,,0.066,,1.2,0.8,,False,,
7671,osm,way/1428172226,49,망우산,,0.138,,2.4,1.7,,False,,
7672,osm,way/1428172226,49,망우산,,0.187,,3.3,2.3,,False,,
7673,osm,way/1428172226,49,망우산,,0.135,,2.4,1.7,,False,,
7674,osm,way/1428172227,49,망우산,,0.041,,0.7,0.5,,False,,
7675,osm,way/1428172228,49,망우산,,0.061,,1.1,0.8,,False,,
7676,osm,way/1428172229,49,망우산,,0.114,,2.0,1.4,,False,,
7677,osm,way/1428172230,49,망우산,,0.212,,3.7,2.7,,False,,
7678,osm,way/1428172230,49,망우산,,0.023,,0.4,0.3,,False,,
7679,osm,way/1428172230,49,망우산,,0.101,,1.8,1.3,,False,,
7680,osm,way/1428172231,49,망우산,,0.023,,0.4,0.3,,False,,
7681,osm,way/1428172231,49,망우산,,0.068,,1.2,0.9,,False,,
7682,osm,way/1428172232,49,망우산,,0.055,,1.0,0.7,,False,,
7683,osm,way/1428172233,49,망우산,,0.037,,0.7,0.5,,False,,
7684,osm,way/1428172233,49,망우산,,0.124,,2.2,1.6,,False,,
7685,osm,way/1428172233,49,망우산,,0.142,,2.5,1.8,,False,,
7686,osm,way/1428172233,49,망우산,,0.032,,0.6,0.4,,False,,
7687,osm,way/1428172233,49,망우산,,0.042,,0.7,0.5,,False,,
7688,osm,way/1428172234,49,망우산,,0.023,,0.4,0.3,,False,,
7689,osm,way/1428172235,49,망우산,,0.109,,1.9,1.4,,False,,
7690,osm,way/1428172236,49,망우산,,0.081,,1.4,1.0,,False,,
7691,osm,way/1428172236,49,망우산,,0.172,,3.0,2.2,,False,,
7692,osm,way/1428172237,49,망우산,,0.108,,1.9,1.3,,False,,
7693,osm,way/1428172238,49,망우산,,0.132,,2.3,1.6,,False,,
7694,osm,way/1428172239,49,망우산,,0.011,,0.2,0.1,,False,,
7695,osm,way/1428172240,49,망우산,,0.232,,4.1,2.9,,False,,
7696,osm,way/1428172240,49,망우산,,0.067,,1.2,0.8,,False,,
7697,osm,way/1428172240,49,망우산,,0.152,,2.7,1.9,,False,,
7698,osm,way/1428172241,49,망우산,,0.017,,0.3,0.2,목재,False,,
7699,osm,way/1428172242,49,망우산,,0.023,,0.4,0.3,목재,False,,
7700,osm,way/1428172243,49,망우산,,0.031,,0.5,0.4,목재,False,,
7701,osm,way/1428172243,49,망우산,,0.039,,0.7,0.5,목재,False,,
7702,osm,way/1429131377,49,망우산,,0.356,,6.2,4.5,,False,,
7703,osm,way/1429131378,49,망우산,,0.123,,2.2,1.5,,False,,
7704,osm,way/1429131378,49,망우산,,0.391,,6.9,4.9,,False,,
7705,osm,way/1429131379,49,망우산,,0.168,,2.9,2.1,,False,,
7706,osm,way/1429131380,49,망우산,,0.178,,3.1,2.2,,False,,
7707,osm,way/1429131380,49,망우산,,0.153,,2.7,1.9,,False,,
7708,osm,way/1429131382,49,망우산,,0.072,,1.3,0.9,,False,,
7709,osm,way/1429131382,49,망우산,,0.194,,3.4,2.4,,False,,
7710,osm,way/1429131383,49,망우산,,0.285,,5.0,3.6,,False,,
7711,osm,way/1429131392,49,망우산,,0.094,,1.6,1.2,,False,,
7712,osm,way/1504264739,49,망우산,,0.227,,4.0,2.8,,False,,
7713,osm,way/431772379,52,인릉산,,0.008,,0.1,0.1,포장,False,,
7714,osm,way/431772379,52,인릉산,,0.415,,7.3,5.2,포장,False,,
7715,osm,way/431989402,52,인릉산,,0.019,,0.3,0.2,포장,False,,
7716,osm,way/431989415,52,인릉산,,0.144,,2.5,1.8,포장,False,,
7717,osm,way/431989416,52,인릉산,,0.046,,0.8,0.6,포장,False,,
7718,osm,way/431989416,52,인릉산,,0.298,,5.2,3.7,포장,False,,
7719,osm,way/431989416,52,인릉산,,0.002,,0.0,0.0,포장,False,,
7720,osm,way/431989417,52,인릉산,,0.273,,4.8,3.4,포장,False,,
7721,osm,way/431989417,52,인릉산,,0.063,,1.1,0.8,포장,False,,
7722,osm,way/431989419,52,인릉산,,0.119,,2.1,1.5,포장,False,,
7723,osm,way/431989421,52,인릉산,,0.298,,5.2,3.7,포장,False,,
7724,osm,way/431989421,52,인릉산,,0.206,,3.6,2.6,포장,False,,
7725,osm,way/431989421,52,인릉산,,0.081,,1.4,1.0,포장,False,,
7726,osm,way/431989421,52,인릉산,,0.013,,0.2,0.2,포장,False,,
7727,osm,way/431989429,52,인릉산,,0.155,,2.7,1.9,포장,False,,
7728,osm,way/432213134,52,인릉산,,0.153,,2.7,1.9,,False,,
7729,osm,way/432213134,52,인릉산,,0.121,,2.1,1.5,,False,,
7730,osm,way/572786994,52,인릉산,,0.013,,0.2,0.2,,False,,
7731,osm,way/572786994,52,인릉산,,0.924,,16.2,11.6,,False,,
7732,osm,way/572786994,52,인릉산,,0.94,,16.4,11.7,,False,,
7733,osm,way/572786994,52,인릉산,,1.041,,18.2,13.0,,False,,
7734,osm,way/572786994,52,인릉산,,0.086,,1.5,1.1,,False,,
7735,osm,way/572786994,52,인릉산,,0.114,,2.0,1.4,,False,,
7736,osm,way/799845646,52,인릉산,,0.542,,9.5,6.8,,False,,
7737,osm,way/799845646,52,인릉산,,0.009,,0.2,0.1,,False,,
7738,osm,way/799845646,52,인릉산,,0.005,,0.1,0.1,,False,,
7739,osm,way/799845646,52,인릉산,,0.022,,0.4,0.3,,False,,
7740,osm,way/799845646,52,인릉산,,0.009,,0.2,0.1,,False,,
7741,osm,way/946767613,52,인릉산,,0.357,,6.3,4.5,,False,,
7742,osm,way/946767614,52,인릉산,,0.758,,13.3,9.5,,False,,
7743,osm,way/946767614,52,인릉산,,0.435,,7.6,5.4,,False,,
7744,osm,way/946767615,52,인릉산,,0.695,,12.2,8.7,,False,,
7745,osm,way/946767616,52,인릉산,,0.65,,11.4,8.1,,False,,
7746,osm,way/946767616,52,인릉산,,0.064,,1.1,0.8,,False,,
7747,osm,way/946767616,52,인릉산,,0.089,,1.6,1.1,,False,,
7748,osm,way/951936160,52,인릉산,,0.761,,13.3,9.5,,False,,
7749,osm,way/951936160,52,인릉산,,0.117,,2.0,1.5,,False,,
7750,osm,way/1111264595,52,인릉산,,0.161,,2.8,2.0,,False,,
7751,osm,way/1111264595,52,인릉산,,0.241,,4.2,3.0,,False,,
7752,osm,way/1111264595,52,인릉산,,0.115,,2.0,1.4,,False,,
7753,osm,way/1111264596,52,인릉산,,0.401,,7.0,5.0,,False,,
7754,osm,way/1111937651,52,인릉산,성남마실길,0.4,,7.0,5.0,,False,,
7755,osm,way/1111937651,52,인릉산,성남마실길,0.083,,1.5,1.0,,False,,
7756,osm,way/1111937651,52,인릉산,성남마실길,1.454,,25.4,18.2,,False,,
7757,osm,way/1111937651,52,인릉산,성남마실길,0.141,,2.5,1.8,,False,,
7758,osm,way/1211183390,52,인릉산,,0.419,,7.3,5.2,,False,,
7759,osm,way/1211183391,52,인릉산,,0.061,,1.1,0.8,,False,,
7760,osm,way/1211183391,52,인릉산,,0.472,,8.3,5.9,,False,,
7761,osm,way/1211183391,52,인릉산,,0.534,,9.3,6.7,,False,,
7762,osm,way/1211183391,52,인릉산,,0.319,,5.6,4.0,,False,,
7763,osm,way/1211183392,52,인릉산,,0.073,,1.3,0.9,,False,,
7764,osm,way/1211552227,52,인릉산,,0.17,,3.0,2.1,,False,,
7765,osm,way/1211552229,52,인릉산,,0.325,,5.7,4.1,,False,,
7766,osm,way/1211552230,52,인릉산,,0.073,,1.3,0.9,,False,,
7767,osm,way/1211552230,52,인릉산,,0.095,,1.7,1.2,,False,,
7768,osm,way/1240622071,52,인릉산,,0.622,,10.9,7.8,,False,,
7769,osm,way/1336779767,52,인릉산,,0.368,,6.4,4.6,,False,,
7770,osm,way/1336779768,52,인릉산,,1.073,,18.8,13.4,,False,,
7771,osm,way/1336779769,52,인릉산,,0.082,,1.4,1.0,,False,,
7772,osm,way/1453513696,52,인릉산,,0.063,,1.1,0.8,,False,,
7773,osm,way/1469004672,52,인릉산,,0.127,,2.2,1.6,,False,,
7774,osm,way/1469004672,52,인릉산,,0.018,,0.3,0.2,,False,,
7775,osm,way/1469004673,52,인릉산,,0.724,,12.7,9.0,,False,,
7776,osm,way/1469004673,52,인릉산,,0.01,,0.2,0.1,,False,,
7777,osm,way/1469004674,52,인릉산,,0.017,,0.3,0.2,,False,,
7778,osm,way/1469004675,52,인릉산,,0.065,,1.1,0.8,,False,,
7779,osm,way/1469004675,52,인릉산,,0.144,,2.5,1.8,,False,,
7780,osm,way/1469004676,52,인릉산,,0.108,,1.9,1.3,,False,,
7781,osm,way/1469004677,52,인릉산,,0.012,,0.2,0.2,,False,,
7782,osm,way/1469004677,52,인릉산,,0.645,,11.3,8.1,,False,,
7783,osm,way/1469004677,52,인릉산,,0.095,,1.7,1.2,,False,,
7784,osm,way/1469004677,52,인릉산,,0.085,,1.5,1.1,,False,,
7785,osm,way/1469004678,52,인릉산,,0.088,,1.5,1.1,,False,,
7786,osm,way/1469004679,52,인릉산,,0.02,,0.4,0.3,,False,,
7787,osm,way/1469004680,52,인릉산,,0.093,,1.6,1.2,,False,,
7788,osm,way/1469004680,52,인릉산,,0.026,,0.4,0.3,,False,,
7789,osm,way/1469004680,52,인릉산,,0.32,,5.6,4.0,,False,,
7790,osm,way/1469004680,52,인릉산,,0.372,,6.5,4.7,,False,,
7791,osm,way/1469004680,52,인릉산,,0.029,,0.5,0.4,,False,,
7792,osm,way/1469004680,52,인릉산,,0.609,,10.7,7.6,,False,,
7793,osm,way/1469004680,52,인릉산,,0.06,,1.0,0.7,,False,,
7794,osm,way/1469004680,52,인릉산,,0.483,,8.5,6.0,,False,,
7795,osm,way/1469004680,52,인릉산,,0.061,,1.1,0.8,,False,,
7796,osm,way/1492976959,52,인릉산,,0.55,,9.6,6.9,,False,,
7797,osm,way/1492976959,52,인릉산,,0.091,,1.6,1.1,,False,,
7798,osm,way/1492976960,52,인릉산,,0.044,,0.8,0.6,,False,,
7799,osm,way/1492976961,52,인릉산,,0.051,,0.9,0.6,,False,,
7800,osm,way/1492976966,52,인릉산,,0.186,,3.3,2.3,,False,,
7801,osm,way/1492976966,52,인릉산,,0.123,,2.1,1.5,,False,,
7802,osm,way/1550706659,52,인릉산,,0.691,,12.1,8.6,,False,,
7803,osm,way/38147842,56,팔달산,화성길,0.01,,0.2,0.1,포장,False,,
7804,osm,way/38147842,56,팔달산,화성길,0.019,,0.3,0.2,포장,False,,
7805,osm,way/38147842,56,팔달산,화성길,0.087,,1.5,1.1,포장,False,,
7806,osm,way/38147842,56,팔달산,화성길,0.186,,3.2,2.3,포장,False,,
7807,osm,way/38147842,56,팔달산,화성길,0.11,,1.9,1.4,포장,False,,
7808,osm,way/38147842,56,팔달산,화성길,0.032,,0.6,0.4,포장,False,,
7809,osm,way/38147842,56,팔달산,화성길,0.003,,0.1,0.0,포장,False,,
7810,osm,way/44886440,56,팔달산,,0.001,,0.0,0.0,포장,False,,
7811,osm,way/44886440,56,팔달산,,0.222,,3.9,2.8,포장,False,,
7812,osm,way/44886445,56,팔달산,,0.004,,0.1,0.0,,False,,
7813,osm,way/44886445,56,팔달산,,0.017,,0.3,0.2,,False,,
7814,osm,way/44886445,56,팔달산,,0.114,,2.0,1.4,,False,,
7815,osm,way/44886807,56,팔달산,,0.022,,0.4,0.3,포장,False,,
7816,osm,way/44886862,56,팔달산,,0.003,,0.1,0.0,포장,False,,
7817,osm,way/44886862,56,팔달산,,0.431,,7.5,5.4,포장,False,,
7818,osm,way/44886862,56,팔달산,,0.049,,0.9,0.6,포장,False,,
7819,osm,way/73541916,56,팔달산,,0.168,,2.9,2.1,sett,False,,
7820,osm,way/407712052,56,팔달산,,0.083,,1.5,1.0,,False,,
7821,osm,way/407712054,56,팔달산,,0.388,,6.8,4.8,토사,False,,
7822,osm,way/407712054,56,팔달산,,0.021,,0.4,0.3,토사,False,,
7823,osm,way/478523102,56,팔달산,,0.163,,2.9,2.0,sett,False,,
7824,osm,way/665581389,56,팔달산,,0.052,,0.9,0.7,토사,False,,
7825,osm,way/665581389,56,팔달산,,0.136,,2.4,1.7,토사,False,,
7826,osm,way/665581389,56,팔달산,,0.229,,4.0,2.9,토사,False,,
7827,osm,way/665581389,56,팔달산,,0.13,,2.3,1.6,토사,False,,
7828,osm,way/1026084085,56,팔달산,,0.013,,0.2,0.2,포장,False,,
7829,osm,way/1026084085,56,팔달산,,0.286,,5.0,3.6,포장,False,,
7830,osm,way/1026084086,56,팔달산,,0.025,,0.4,0.3,포장,False,,
7831,osm,way/1026084087,56,팔달산,,0.013,,0.2,0.2,포장,False,,
7832,osm,way/1026084088,56,팔달산,,0.016,,0.3,0.2,포장,False,,
7833,osm,way/1026084089,56,팔달산,,0.024,,0.4,0.3,포장,False,,
7834,osm,way/1026089934,56,팔달산,,0.071,,1.2,0.9,포장,False,,
7835,osm,way/1026089934,56,팔달산,,0.161,,2.8,2.0,포장,False,,
7836,osm,way/1026089934,56,팔달산,,0.058,,1.0,0.7,포장,False,,
7837,osm,way/1026089935,56,팔달산,,0.017,,0.3,0.2,포장,False,,
7838,osm,way/1153433774,56,팔달산,,0.012,,0.2,0.1,sett,False,,
7839,osm,way/1153433777,56,팔달산,,0.015,,0.3,0.2,포장,False,,
7840,osm,way/1153433778,56,팔달산,,0.013,,0.2,0.2,포장,False,,
7841,osm,way/1154890594,56,팔달산,,0.007,,0.1,0.1,,False,,
7842,osm,way/1154890595,56,팔달산,,0.006,,0.1,0.1,포장,False,,
7843,osm,way/1154890596,56,팔달산,,0.018,,0.3,0.2,포장,False,,
7844,osm,way/1154890597,56,팔달산,,0.012,,0.2,0.2,포장,False,,
7845,osm,way/1154890598,56,팔달산,,0.017,,0.3,0.2,포장,False,,
7846,osm,way/1154890602,56,팔달산,,0.021,,0.4,0.3,포장,False,,
7847,osm,way/1154890602,56,팔달산,,0.03,,0.5,0.4,포장,False,,
7848,osm,way/1154890603,56,팔달산,,0.011,,0.2,0.1,sett,False,,
7849,osm,way/1154890604,56,팔달산,,0.004,,0.1,0.0,sett,False,,
7850,osm,way/1154890605,56,팔달산,,0.021,,0.4,0.3,포장,False,,
7851,osm,way/1154890606,56,팔달산,,0.01,,0.2,0.1,목재,False,,
7852,osm,way/1154890607,56,팔달산,,0.02,,0.4,0.3,포장,False,,
7853,osm,way/1154890608,56,팔달산,,0.006,,0.1,0.1,sett,False,,
7854,osm,way/1154890609,56,팔달산,,0.028,,0.5,0.3,목재,False,,
7855,osm,way/1154890610,56,팔달산,,0.001,,0.0,0.0,sett,False,,
7856,osm,way/1154890611,56,팔달산,,0.005,,0.1,0.1,sett,False,,
7857,osm,way/1154890612,56,팔달산,,0.002,,0.0,0.0,포장,False,,
7858,osm,way/1154890613,56,팔달산,,0.01,,0.2,0.1,포장,False,,
7859,osm,way/1154890614,56,팔달산,,0.012,,0.2,0.2,sett,False,,
7860,osm,way/1154890615,56,팔달산,,0.004,,0.1,0.0,sett,False,,
7861,osm,way/1154890616,56,팔달산,,0.003,,0.0,0.0,sett,False,,
7862,osm,way/1154890617,56,팔달산,,0.002,,0.0,0.0,sett,False,,
7863,osm,way/1155441384,56,팔달산,,0.011,,0.2,0.1,포장,False,,
7864,osm,way/1155441385,56,팔달산,,0.023,,0.4,0.3,포장,False,,
7865,osm,way/1155441386,56,팔달산,,0.026,,0.5,0.3,포장,False,,
7866,osm,way/1155441387,56,팔달산,,0.011,,0.2,0.1,목재,False,,
7867,osm,way/1155441388,56,팔달산,,0.017,,0.3,0.2,포장,False,,
7868,osm,way/1155441388,56,팔달산,,0.007,,0.1,0.1,포장,False,,
7869,osm,way/1155441388,56,팔달산,,0.001,,0.0,0.0,포장,False,,
7870,osm,way/1155441388,56,팔달산,,0.014,,0.2,0.2,포장,False,,
7871,osm,way/1155441388,56,팔달산,,0.01,,0.2,0.1,포장,False,,
7872,osm,way/1155441389,56,팔달산,,0.003,,0.1,0.0,sett,False,,
7873,osm,way/1155441390,56,팔달산,,0.008,,0.1,0.1,sett,False,,
7874,osm,way/1155441391,56,팔달산,,0.003,,0.1,0.0,sett,False,,
7875,osm,way/1155441392,56,팔달산,,0.015,,0.3,0.2,목재,False,,
7876,osm,way/1155441393,56,팔달산,,0.007,,0.1,0.1,,False,,
7877,osm,way/1155441394,56,팔달산,,0.008,,0.1,0.1,,False,,
7878,osm,way/1155441395,56,팔달산,,0.02,,0.4,0.3,,False,,
7879,osm,way/1155441396,56,팔달산,,0.009,,0.2,0.1,sett,False,,
7880,osm,way/1155441397,56,팔달산,,0.001,,0.0,0.0,포장,False,,
7881,osm,way/1155441397,56,팔달산,,0.008,,0.1,0.1,포장,False,,
7882,osm,way/1155441398,56,팔달산,,0.001,,0.0,0.0,,False,,
7883,osm,way/1155441399,56,팔달산,,0.004,,0.1,0.1,sett,False,,
7884,osm,way/1155441400,56,팔달산,,0.012,,0.2,0.1,sett,False,,
7885,osm,way/1155441401,56,팔달산,,0.009,,0.2,0.1,포장,False,,
7886,osm,way/1155441402,56,팔달산,,0.009,,0.2,0.1,,False,,
7887,osm,way/1155441403,56,팔달산,,0.013,,0.2,0.2,포장,False,,
7888,osm,way/1155441404,56,팔달산,,0.028,,0.5,0.4,,False,,
7889,osm,way/1155441405,56,팔달산,,0.001,,0.0,0.0,,False,,
7890,osm,way/1155441406,56,팔달산,,0.006,,0.1,0.1,포장,False,,
7891,osm,way/1155441406,56,팔달산,,0.01,,0.2,0.1,포장,False,,
7892,osm,way/1155441407,56,팔달산,,0.024,,0.4,0.3,포장,False,,
7893,osm,way/1155441412,56,팔달산,,0.022,,0.4,0.3,,False,,
7894,osm,way/1184465174,56,팔달산,정조로777번길,0.059,,1.0,0.7,sett,False,,
7895,osm,way/1184465177,56,팔달산,,0.024,,0.4,0.3,포장,False,,
7896,osm,way/1184465178,56,팔달산,,0.003,,0.0,0.0,자갈,False,,
7897,osm,way/1184465179,56,팔달산,,0.005,,0.1,0.1,sett,False,,
7898,osm,way/1184465189,56,팔달산,,0.007,,0.1,0.1,sett,False,,
7899,osm,way/1184465190,56,팔달산,,0.001,,0.0,0.0,,False,,
7900,osm,way/1184619447,56,팔달산,,0.012,,0.2,0.1,자갈,False,,
7901,osm,way/1184619448,56,팔달산,,0.011,,0.2,0.1,자갈,False,,
7902,osm,way/1184619448,56,팔달산,,0.032,,0.6,0.4,자갈,False,,
7903,osm,way/1184619448,56,팔달산,,0.014,,0.2,0.2,자갈,False,,
7904,osm,way/1184619449,56,팔달산,,0.03,,0.5,0.4,자갈,False,,
7905,osm,way/1184619451,56,팔달산,,0.031,,0.5,0.4,자갈,False,,
7906,osm,way/1184619452,56,팔달산,,0.007,,0.1,0.1,토사,False,,
7907,osm,way/1184619455,56,팔달산,,0.006,,0.1,0.1,자갈,False,,
7908,osm,way/1184619457,56,팔달산,,0.02,,0.3,0.2,,False,,
7909,osm,way/1184619458,56,팔달산,,0.011,,0.2,0.1,sett,False,,
7910,osm,way/1184619459,56,팔달산,,0.034,,0.6,0.4,포장,False,,
7911,osm,way/1184619461,56,팔달산,화성길,0.189,,3.3,2.4,토사,False,,
7912,osm,way/1184619462,56,팔달산,화성길,0.005,,0.1,0.1,토사,False,,
7913,osm,way/1244039257,56,팔달산,,0.013,,0.2,0.2,포장,False,,
7914,osm,way/1244039258,56,팔달산,,0.091,,1.6,1.1,토사,False,,
7915,osm,way/1244039258,56,팔달산,,0.011,,0.2,0.1,토사,False,,
7916,osm,way/1244039258,56,팔달산,,0.04,,0.7,0.5,토사,False,,
7917,osm,way/1289247240,56,팔달산,,0.177,,3.1,2.2,,False,,
7918,osm,way/1289247241,56,팔달산,화성길,0.022,,0.4,0.3,포장,False,,
7919,osm,way/1289563919,56,팔달산,,0.007,,0.1,0.1,sett,False,,
7920,osm,way/1289563920,56,팔달산,,0.023,,0.4,0.3,자갈,False,,
7921,osm,way/1289563922,56,팔달산,,0.022,,0.4,0.3,자갈,False,,
7922,osm,way/1289563922,56,팔달산,,0.02,,0.4,0.3,자갈,False,,
7923,osm,way/1289563922,56,팔달산,,0.006,,0.1,0.1,자갈,False,,
7924,osm,way/1289563942,56,팔달산,,0.083,,1.5,1.0,sett,False,,
7925,osm,way/1289563948,56,팔달산,,0.011,,0.2,0.1,sett,False,,
7926,osm,way/1289564123,56,팔달산,,0.004,,0.1,0.1,포장,False,,
7927,osm,way/1289564124,56,팔달산,,0.005,,0.1,0.1,포장,False,,
7928,osm,way/1289773474,56,팔달산,,0.299,,5.2,3.7,토사,False,,
7929,osm,way/1289773475,56,팔달산,,0.006,,0.1,0.1,토사,False,,
7930,osm,way/1446708916,56,팔달산,,0.078,,1.4,1.0,,False,,
7931,osm,way/1446708917,56,팔달산,,0.397,,6.9,5.0,,False,,
7932,osm,way/180773428,59,국사봉 (안성),한남정맥,6.644,,116.3,83.0,,False,,
7933,osm,way/180773428,59,국사봉 (안성),한남정맥,2.227,,39.0,27.8,,False,,
7934,osm,way/180773428,59,국사봉 (안성),한남정맥,1.251,,21.9,15.6,,False,,
7935,osm,way/180773428,59,국사봉 (안성),한남정맥,1.414,,24.7,17.7,,False,,
7936,osm,way/180773428,59,국사봉 (안성),한남정맥,1.169,,20.5,14.6,,False,,
7937,osm,way/180773428,59,국사봉 (안성),한남정맥,9.397,,164.4,117.5,,False,,
7938,osm,way/471507157,59,국사봉 (안성),지름길,0.201,,3.5,2.5,,False,,
7939,osm,way/471507157,59,국사봉 (안성),지름길,0.041,,0.7,0.5,,False,,
7940,osm,way/471507158,59,국사봉 (안성),지름길,0.09,,1.6,1.1,,False,,
7941,osm,way/799598558,59,국사봉 (안성),,0.095,,1.7,1.2,,False,,
7942,osm,way/799598558,59,국사봉 (안성),,0.455,,8.0,5.7,,False,,
7943,osm,way/799598558,59,국사봉 (안성),,3.787,,66.3,47.3,,False,,
7944,osm,way/1007716235,59,국사봉 (안성),,0.016,,0.3,0.2,,False,,
7945,osm,way/1007716235,59,국사봉 (안성),,0.037,,0.6,0.5,,False,,
7946,osm,way/1007716236,59,국사봉 (안성),,0.059,,1.0,0.7,,False,,
7947,osm,way/1088045724,59,국사봉 (안성),,0.231,,4.0,2.9,포장,False,,
7948,osm,way/1088045724,59,국사봉 (안성),,0.004,,0.1,0.0,포장,False,,
7949,osm,way/1286152961,59,국사봉 (안성),,2.076,,36.3,25.9,,False,,
7950,osm,way/1286152961,59,국사봉 (안성),,0.98,,17.1,12.2,,False,,
7951,osm,way/1286152961,59,국사봉 (안성),,1.366,,23.9,17.1,,False,,
7952,osm,way/1286152961,59,국사봉 (안성),,0.647,,11.3,8.1,,False,,
7953,osm,way/1286152962,59,국사봉 (안성),,4.446,,77.8,55.6,,False,,
7954,osm,way/1290809880,59,국사봉 (안성),,0.611,,10.7,7.6,,False,,
7955,osm,way/1290812048,59,국사봉 (안성),,1.341,,23.5,16.8,,False,,
7956,osm,way/1554032268,59,국사봉 (안성),,0.452,,7.9,5.6,,False,,
7957,osm,way/1163811965,62,비봉산 (경기),,2.093,,36.6,26.2,,False,,
7958,osm,way/1163811965,62,비봉산 (경기),,0.485,,8.5,6.1,,False,,
7959,osm,way/1163811965,62,비봉산 (경기),,0.552,,9.7,6.9,,False,,
7960,osm,way/1163811966,62,비봉산 (경기),,1.878,,32.9,23.5,토사,False,,
7961,osm,way/160189111,64,칠장산,금북정맥,0.03,,0.5,0.4,unpaved,False,,
7962,osm,way/160189111,64,칠장산,금북정맥,0.173,,3.0,2.2,unpaved,False,,
7963,osm,way/160189111,64,칠장산,금북정맥,0.449,,7.9,5.6,unpaved,False,,
7964,osm,way/160189111,64,칠장산,금북정맥,1.614,,28.3,20.2,unpaved,False,,
7965,osm,way/160189111,64,칠장산,금북정맥,8.336,,145.9,104.2,unpaved,False,,
7966,osm,way/180773427,64,칠장산,칠장산 트레일,0.099,,1.7,1.2,,False,,
7967,osm,way/180773427,64,칠장산,칠장산 트레일,0.662,,11.6,8.3,,False,,
7968,osm,way/180773428,64,칠장산,한남정맥,0.117,,2.0,1.5,,False,,
7969,osm,way/180773428,64,칠장산,한남정맥,0.142,,2.5,1.8,,False,,
7970,osm,way/180773428,64,칠장산,한남정맥,0.003,,0.1,0.0,,False,,
7971,osm,way/180773428,64,칠장산,한남정맥,21.84,,382.2,273.0,,False,,
7972,osm,way/184848665,64,칠장산,한남금북정맥,0.786,,13.8,9.8,,False,,
7973,osm,way/184848665,64,칠장산,한남금북정맥,0.456,,8.0,5.7,,False,,
7974,osm,way/184848665,64,칠장산,한남금북정맥,1.833,,32.1,22.9,,False,,
7975,osm,way/893587417,64,칠장산,,0.96,,16.8,12.0,unpaved,False,,
7976,osm,way/995754346,64,칠장산,,0.705,,12.3,8.8,자갈,False,,
7977,osm,way/1107724108,64,칠장산,,0.909,,15.9,11.4,자갈,False,,
7978,osm,way/1107724109,64,칠장산,,0.272,,4.8,3.4,포장,False,,
7979,osm,way/1163811979,64,칠장산,,0.543,,9.5,6.8,토사,False,,
7980,osm,way/1163811979,64,칠장산,,0.506,,8.9,6.3,토사,False,,
7981,osm,way/1163811983,64,칠장산,,5.548,,97.1,69.4,토사,False,,
7982,osm,way/1163811984,64,칠장산,,2.87,,50.2,35.9,토사,False,,
7983,osm,way/1163811985,64,칠장산,,0.143,,2.5,1.8,토사,False,,
7984,osm,way/1163811986,64,칠장산,,0.739,,12.9,9.2,토사,False,,
7985,osm,way/1395618054,64,칠장산,,0.226,,4.0,2.8,토사,False,,
7986,osm,way/1524220514,64,칠장산,,0.331,,5.8,4.1,,False,,
7987,osm,way/160189111,65,칠현산 (경기),금북정맥,0.03,,0.5,0.4,unpaved,False,,
7988,osm,way/160189111,65,칠현산 (경기),금북정맥,0.173,,3.0,2.2,unpaved,False,,
7989,osm,way/160189111,65,칠현산 (경기),금북정맥,0.449,,7.9,5.6,unpaved,False,,
7990,osm,way/160189111,65,칠현산 (경기),금북정맥,1.614,,28.3,20.2,unpaved,False,,
7991,osm,way/160189111,65,칠현산 (경기),금북정맥,1.023,,17.9,12.8,unpaved,False,,
7992,osm,way/160189111,65,칠현산 (경기),금북정맥,0.7,,12.3,8.8,unpaved,False,,
7993,osm,way/160189111,65,칠현산 (경기),금북정맥,0.763,,13.3,9.5,unpaved,False,,
7994,osm,way/160189111,65,칠현산 (경기),금북정맥,3.787,,66.3,47.3,unpaved,False,,
7995,osm,way/160189111,65,칠현산 (경기),금북정맥,0.131,,2.3,1.6,unpaved,False,,
7996,osm,way/160189111,65,칠현산 (경기),금북정맥,1.932,,33.8,24.2,unpaved,False,,
7997,osm,way/180773427,65,칠현산 (경기),칠장산 트레일,0.099,,1.7,1.2,,False,,
7998,osm,way/180773427,65,칠현산 (경기),칠장산 트레일,0.662,,11.6,8.3,,False,,
7999,osm,way/180773428,65,칠현산 (경기),한남정맥,0.117,,2.0,1.5,,False,,
8000,osm,way/180773428,65,칠현산 (경기),한남정맥,0.142,,2.5,1.8,,False,,
8001,osm,way/180773428,65,칠현산 (경기),한남정맥,8.612,,150.7,107.7,,False,,
8002,osm,way/180773428,65,칠현산 (경기),한남정맥,13.231,,231.5,165.4,,False,,
8003,osm,way/184848665,65,칠현산 (경기),한남금북정맥,0.786,,13.8,9.8,,False,,
8004,osm,way/184848665,65,칠현산 (경기),한남금북정맥,0.456,,8.0,5.7,,False,,
8005,osm,way/184848665,65,칠현산 (경기),한남금북정맥,1.833,,32.1,22.9,,False,,
8006,osm,way/890564164,65,칠현산 (경기),,0.393,,6.9,4.9,토사,False,,
8007,osm,way/890564165,65,칠현산 (경기),,8.13,,142.3,101.6,토사,False,,
8008,osm,way/890564165,65,칠현산 (경기),,4.327,,75.7,54.1,토사,False,,
8009,osm,way/890564165,65,칠현산 (경기),,0.234,,4.1,2.9,토사,False,,
8010,osm,way/890564165,65,칠현산 (경기),,0.024,,0.4,0.3,토사,False,,
8011,osm,way/890564165,65,칠현산 (경기),,4.825,,84.4,60.3,토사,False,,
8012,osm,way/890564165,65,칠현산 (경기),,0.788,,13.8,9.9,토사,False,,
8013,osm,way/890564166,65,칠현산 (경기),,1.73,,30.3,21.6,토사,False,,
8014,osm,way/890564168,65,칠현산 (경기),,0.718,,12.6,9.0,토사,False,,
8015,osm,way/893587413,65,칠현산 (경기),,1.284,,22.5,16.0,unpaved,False,,
8016,osm,way/893587414,65,칠현산 (경기),,0.878,,15.4,11.0,unpaved,False,,
8017,osm,way/893587414,65,칠현산 (경기),,0.642,,11.2,8.0,unpaved,False,,
8018,osm,way/893587414,65,칠현산 (경기),,1.242,,21.7,15.5,unpaved,False,,
8019,osm,way/893587415,65,칠현산 (경기),,0.425,,7.4,5.3,unpaved,False,,
8020,osm,way/893587416,65,칠현산 (경기),,0.893,,15.6,11.2,unpaved,False,,
8021,osm,way/893587417,65,칠현산 (경기),,0.96,,16.8,12.0,unpaved,False,,
8022,osm,way/925209175,65,칠현산 (경기),,1.394,,24.4,17.4,unpaved,False,,
8023,osm,way/925209179,65,칠현산 (경기),,0.891,,15.6,11.1,unpaved,False,,
8024,osm,way/925209179,65,칠현산 (경기),,1.41,,24.7,17.6,unpaved,False,,
8025,osm,way/925209179,65,칠현산 (경기),,0.906,,15.9,11.3,unpaved,False,,
8026,osm,way/995754346,65,칠현산 (경기),,0.705,,12.3,8.8,자갈,False,,
8027,osm,way/1107724108,65,칠현산 (경기),,0.909,,15.9,11.4,자갈,False,,
8028,osm,way/1107724109,65,칠현산 (경기),,0.272,,4.8,3.4,포장,False,,
8029,osm,way/1115962189,65,칠현산 (경기),,0.083,,1.4,1.0,,False,,
8030,osm,way/1115962189,65,칠현산 (경기),,0.211,,3.7,2.6,,False,,
8031,osm,way/1115962190,65,칠현산 (경기),,0.104,,1.8,1.3,,False,,
8032,osm,way/1163811979,65,칠현산 (경기),,0.543,,9.5,6.8,토사,False,,
8033,osm,way/1163811979,65,칠현산 (경기),,0.506,,8.9,6.3,토사,False,,
8034,osm,way/1163811982,65,칠현산 (경기),,1.476,,25.8,18.4,토사,False,,
8035,osm,way/1163811983,65,칠현산 (경기),,2.518,,44.1,31.5,토사,False,,
8036,osm,way/1163811983,65,칠현산 (경기),,0.324,,5.7,4.1,토사,False,,
8037,osm,way/1163811983,65,칠현산 (경기),,0.21,,3.7,2.6,토사,False,,
8038,osm,way/1163811983,65,칠현산 (경기),,2.496,,43.7,31.2,토사,False,,
8039,osm,way/1163811984,65,칠현산 (경기),,2.87,,50.2,35.9,토사,False,,
8040,osm,way/1163811985,65,칠현산 (경기),,0.143,,2.5,1.8,토사,False,,
8041,osm,way/1163811986,65,칠현산 (경기),,0.739,,12.9,9.2,토사,False,,
8042,osm,way/1206528336,65,칠현산 (경기),,0.13,,2.3,1.6,포장,False,,
8043,osm,way/1206528338,65,칠현산 (경기),,0.115,,2.0,1.4,포장,False,,
8044,osm,way/1206528338,65,칠현산 (경기),,0.366,,6.4,4.6,포장,False,,
8045,osm,way/1206528338,65,칠현산 (경기),,0.123,,2.1,1.5,포장,False,,
8046,osm,way/1206528339,65,칠현산 (경기),,0.655,,11.5,8.2,포장,False,,
8047,osm,way/1217268408,65,칠현산 (경기),,0.254,,4.5,3.2,포장,False,,
8048,osm,way/1272526816,65,칠현산 (경기),,0.23,,4.0,2.9,자갈,False,,
8049,osm,way/1272526816,65,칠현산 (경기),,2.2,,38.5,27.5,자갈,False,,
8050,osm,way/1272526817,65,칠현산 (경기),,0.015,,0.3,0.2,포장,False,,
8051,osm,way/1272526817,65,칠현산 (경기),,0.143,,2.5,1.8,포장,False,,
8052,osm,way/1272526817,65,칠현산 (경기),,0.361,,6.3,4.5,포장,False,,
8053,osm,way/1272526818,65,칠현산 (경기),,0.22,,3.9,2.8,포장,False,,
8054,osm,way/1272526818,65,칠현산 (경기),,0.085,,1.5,1.1,포장,False,,
8055,osm,way/1272739351,65,칠현산 (경기),,0.132,,2.3,1.6,토사,False,,
8056,osm,way/1272739351,65,칠현산 (경기),,2.432,,42.6,30.4,토사,False,,
8057,osm,way/1272739351,65,칠현산 (경기),,1.926,,33.7,24.1,토사,False,,
8058,osm,way/1286152961,65,칠현산 (경기),,5.069,,88.7,63.4,,False,,
8059,osm,way/1290227299,65,칠현산 (경기),,3.227,,56.5,40.3,토사,False,,
8060,osm,way/1290227300,65,칠현산 (경기),,4.233,,74.1,52.9,토사,False,,
8061,osm,way/1290227301,65,칠현산 (경기),,0.061,,1.1,0.8,포장,False,,
8062,osm,way/1290227302,65,칠현산 (경기),,0.098,,1.7,1.2,,False,,
8063,osm,way/1395618054,65,칠현산 (경기),,0.226,,4.0,2.8,토사,False,,
8064,osm,way/1491368394,65,칠현산 (경기),,0.701,,12.3,8.8,자갈,False,,
8065,osm,way/1524220514,65,칠현산 (경기),,0.331,,5.8,4.1,,False,,
8066,osm,way/1524220516,65,칠현산 (경기),,0.43,,7.5,5.4,,False,,
8067,osm,way/262070582,68,고령산,,1.209,,21.2,15.1,,False,,
8068,osm,way/262070582,68,고령산,,1.422,,24.9,17.8,,False,,
8069,osm,way/262070582,68,고령산,,0.026,,0.5,0.3,,False,,
8070,osm,way/262070582,68,고령산,,0.231,,4.0,2.9,,False,,
8071,osm,way/262070582,68,고령산,,0.286,,5.0,3.6,,False,,
8072,osm,way/262070582,68,고령산,,1.037,,18.1,13.0,,False,,
8073,osm,way/262070582,68,고령산,,0.285,,5.0,3.6,,False,,
8074,osm,way/262070582,68,고령산,,1.138,,19.9,14.2,,False,,
8075,osm,way/262070584,68,고령산,1.215 km,1.2,,21.0,15.0,,False,,
8076,osm,way/262070586,68,고령산,1.271 km,0.178,,3.1,2.2,,False,,
8077,osm,way/262070586,68,고령산,1.271 km,0.112,,2.0,1.4,,False,,
8078,osm,way/262070586,68,고령산,1.271 km,1.224,,21.4,15.3,,False,,
8079,osm,way/262070586,68,고령산,1.271 km,0.434,,7.6,5.4,,False,,
8080,osm,way/262070587,68,고령산,1.329 km,0.852,,14.9,10.6,,False,,
8081,osm,way/262070587,68,고령산,1.329 km,0.008,,0.1,0.1,,False,,
8082,osm,way/262070587,68,고령산,1.329 km,0.014,,0.3,0.2,,False,,
8083,osm,way/262070588,68,고령산,1.385 km,0.42,,7.4,5.3,,False,,
8084,osm,way/262070588,68,고령산,1.385 km,0.125,,2.2,1.6,,False,,
8085,osm,way/262070588,68,고령산,1.385 km,0.623,,10.9,7.8,,False,,
8086,osm,way/262070588,68,고령산,1.385 km,0.107,,1.9,1.3,,False,,
8087,osm,way/262070589,68,고령산,,0.741,,13.0,9.3,,False,,
8088,osm,way/262070589,68,고령산,,0.17,,3.0,2.1,,False,,
8089,osm,way/262070589,68,고령산,,0.05,,0.9,0.6,,False,,
8090,osm,way/262070589,68,고령산,,0.148,,2.6,1.9,,False,,
8091,osm,way/262070589,68,고령산,,0.369,,6.5,4.6,,False,,
8092,osm,way/262070590,68,고령산,1.622 km,1.223,,21.4,15.3,,False,,
8093,osm,way/262070591,68,고령산,1.631 km,1.027,,18.0,12.8,,False,,
8094,osm,way/262070593,68,고령산,1.728 km,0.857,,15.0,10.7,,False,,
8095,osm,way/262070593,68,고령산,1.728 km,0.412,,7.2,5.2,,False,,
8096,osm,way/262070595,68,고령산,,0.493,,8.6,6.2,,False,,
8097,osm,way/262070595,68,고령산,,1.297,,22.7,16.2,,False,,
8098,osm,way/262070597,68,고령산,195.06 m,0.141,,2.5,1.8,,False,,
8099,osm,way/262070599,68,고령산,2.661 km,0.248,,4.3,3.1,,False,,
8100,osm,way/262070599,68,고령산,2.661 km,1.928,,33.7,24.1,,False,,
8101,osm,way/262070600,68,고령산,2.687 km,0.739,,12.9,9.2,,False,,
8102,osm,way/262070600,68,고령산,2.687 km,0.15,,2.6,1.9,,False,,
8103,osm,way/262070601,68,고령산,2.751 km,0.682,,11.9,8.5,,False,,
8104,osm,way/262070601,68,고령산,2.751 km,0.872,,15.3,10.9,,False,,
8105,osm,way/262070601,68,고령산,2.751 km,0.342,,6.0,4.3,,False,,
8106,osm,way/262070601,68,고령산,2.751 km,0.015,,0.3,0.2,,False,,
8107,osm,way/262070604,68,고령산,,0.051,,0.9,0.6,,False,,
8108,osm,way/262070604,68,고령산,,0.221,,3.9,2.8,,False,,
8109,osm,way/262070604,68,고령산,,1.384,,24.2,17.3,,False,,
8110,osm,way/262070604,68,고령산,,0.014,,0.2,0.2,,False,,
8111,osm,way/262070605,68,고령산,3.676 km,0.702,,12.3,8.8,,False,,
8112,osm,way/262070605,68,고령산,3.676 km,1.495,,26.2,18.7,,False,,
8113,osm,way/262070606,68,고령산,366.46 m,0.365,,6.4,4.6,,False,,
8114,osm,way/262070607,68,고령산,4.658 km,1.205,,21.1,15.1,,False,,
8115,osm,way/262070607,68,고령산,4.658 km,0.246,,4.3,3.1,,False,,
8116,osm,way/262070607,68,고령산,4.658 km,0.775,,13.6,9.7,,False,,
8117,osm,way/262070607,68,고령산,4.658 km,0.415,,7.3,5.2,,False,,
8118,osm,way/262070607,68,고령산,4.658 km,1.2,,21.0,15.0,,False,,
8119,osm,way/262070609,68,고령산,408.66 m,0.2,,3.5,2.5,,False,,
8120,osm,way/262070612,68,고령산,,0.133,,2.3,1.7,,False,,
8121,osm,way/262070612,68,고령산,,1.18,,20.6,14.7,,False,,
8122,osm,way/262070612,68,고령산,,0.868,,15.2,10.8,,False,,
8123,osm,way/262070612,68,고령산,,0.346,,6.1,4.3,,False,,
8124,osm,way/262070612,68,고령산,,0.04,,0.7,0.5,,False,,
8125,osm,way/262070612,68,고령산,,0.227,,4.0,2.8,,False,,
8126,osm,way/262070613,68,고령산,5.913 km,0.524,,9.2,6.6,,False,,
8127,osm,way/262070613,68,고령산,5.913 km,0.558,,9.8,7.0,,False,,
8128,osm,way/262070613,68,고령산,5.913 km,0.698,,12.2,8.7,,False,,
8129,osm,way/262070613,68,고령산,5.913 km,0.125,,2.2,1.6,,False,,
8130,osm,way/262070613,68,고령산,5.913 km,0.058,,1.0,0.7,,False,,
8131,osm,way/262070613,68,고령산,5.913 km,0.834,,14.6,10.4,,False,,
8132,osm,way/262070613,68,고령산,5.913 km,0.368,,6.4,4.6,,False,,
8133,osm,way/262070614,68,고령산,589.74 m,0.6,,10.5,7.5,,False,,
8134,osm,way/262070615,68,고령산,593.79 m,0.703,,12.3,8.8,,False,,
8135,osm,way/262070616,68,고령산,692.73 m,0.676,,11.8,8.4,,False,,
8136,osm,way/262070618,68,고령산,84.226 m,0.089,,1.6,1.1,,False,,
8137,osm,way/262070619,68,고령산,862.95 m,0.857,,15.0,10.7,,False,,
8138,osm,way/302203658,68,고령산,2.324 km,0.691,,12.1,8.6,,False,,
8139,osm,way/454087557,68,고령산,3.01 km,0.211,,3.7,2.6,,False,,
8140,osm,way/454087557,68,고령산,3.01 km,0.697,,12.2,8.7,,False,,
8141,osm,way/454087560,68,고령산,,0.148,,2.6,1.9,,False,,
8142,osm,way/454087560,68,고령산,,0.361,,6.3,4.5,,False,,
8143,osm,way/454087560,68,고령산,,1.416,,24.8,17.7,,False,,
8144,osm,way/454087560,68,고령산,,0.052,,0.9,0.7,,False,,
8145,osm,way/454087560,68,고령산,,0.476,,8.3,5.9,,False,,
8146,osm,way/454087560,68,고령산,,0.02,,0.4,0.3,,False,,
8147,osm,way/454087561,68,고령산,5.822 km,0.169,,3.0,2.1,,False,,
8148,osm,way/516434463,68,고령산,1.756 km,0.773,,13.5,9.7,,False,,
8149,osm,way/516450537,68,고령산,2.661 km,0.241,,4.2,3.0,,False,,
8150,osm,way/547241978,68,고령산,,0.126,,2.2,1.6,,False,,
8151,osm,way/704262412,68,고령산,3.676 km,0.242,,4.2,3.0,,False,,
8152,osm,way/704262413,68,고령산,3.676 km,0.03,,0.5,0.4,,False,,
8153,osm,way/704262415,68,고령산,3.676 km,0.14,,2.5,1.8,,False,,
8154,osm,way/704262416,68,고령산,3.676 km,0.203,,3.6,2.5,,False,,
8155,osm,way/704262417,68,고령산,3.676 km,0.17,,3.0,2.1,,False,,
8156,osm,way/704262418,68,고령산,3.676 km,0.051,,0.9,0.6,,False,,
8157,osm,way/723730900,68,고령산,,0.015,,0.3,0.2,,False,,
8158,osm,way/723730900,68,고령산,,0.322,,5.6,4.0,,False,,
8159,osm,way/808442063,68,고령산,4.744 km,0.003,,0.0,0.0,,False,,
8160,osm,way/808442063,68,고령산,4.744 km,1.426,,24.9,17.8,,False,,
8161,osm,way/808442063,68,고령산,4.744 km,0.526,,9.2,6.6,,False,,
8162,osm,way/870654769,68,고령산,,0.713,,12.5,8.9,,False,,
8163,osm,way/870654769,68,고령산,,0.122,,2.1,1.5,,False,,
8164,osm,way/870654769,68,고령산,,0.202,,3.5,2.5,,False,,
8165,osm,way/870654770,68,고령산,,0.331,,5.8,4.1,,False,,
8166,osm,way/870654770,68,고령산,,0.161,,2.8,2.0,,False,,
8167,osm,way/870654770,68,고령산,,0.254,,4.4,3.2,,False,,
8168,osm,way/870654770,68,고령산,,0.226,,4.0,2.8,,False,,
8169,osm,way/870654771,68,고령산,,0.317,,5.5,4.0,,False,,
8170,osm,way/870654771,68,고령산,,0.254,,4.4,3.2,,False,,
8171,osm,way/870654772,68,고령산,,0.233,,4.1,2.9,,False,,
8172,osm,way/870654772,68,고령산,,0.538,,9.4,6.7,,False,,
8173,osm,way/870654773,68,고령산,,0.869,,15.2,10.9,,False,,
8174,osm,way/870654774,68,고령산,,0.737,,12.9,9.2,,False,,
8175,osm,way/870654774,68,고령산,,0.4,,7.0,5.0,,False,,
8176,osm,way/870654774,68,고령산,,1.104,,19.3,13.8,,False,,
8177,osm,way/870654775,68,고령산,,0.757,,13.2,9.5,,False,,
8178,osm,way/870654775,68,고령산,,0.375,,6.6,4.7,,False,,
8179,osm,way/870654775,68,고령산,,0.745,,13.0,9.3,,False,,
8180,osm,way/870654775,68,고령산,,0.121,,2.1,1.5,,False,,
8181,osm,way/870654775,68,고령산,,0.135,,2.4,1.7,,False,,
8182,osm,way/870654776,68,고령산,,0.653,,11.4,8.2,,False,,
8183,osm,way/870654776,68,고령산,,0.302,,5.3,3.8,,False,,
8184,osm,way/870654776,68,고령산,,0.781,,13.7,9.8,,False,,
8185,osm,way/870654776,68,고령산,,0.462,,8.1,5.8,,False,,
8186,osm,way/870654776,68,고령산,,0.117,,2.0,1.5,,False,,
8187,osm,way/870654776,68,고령산,,0.896,,15.7,11.2,,False,,
8188,osm,way/870654776,68,고령산,,1.181,,20.7,14.8,,False,,
8189,osm,way/870654777,68,고령산,,1.177,,20.6,14.7,,False,,
8190,osm,way/870654777,68,고령산,,1.263,,22.1,15.8,,False,,
8191,osm,way/965830435,68,고령산,,1.719,,30.1,21.5,,False,,
8192,osm,way/1068890161,68,고령산,,0.017,,0.3,0.2,,False,,
8193,osm,way/1068890161,68,고령산,,0.027,,0.5,0.3,,False,,
8194,osm,way/1068890161,68,고령산,,0.061,,1.1,0.8,,False,,
8195,osm,way/1068890162,68,고령산,,0.012,,0.2,0.2,,False,,
8196,osm,way/1068890163,68,고령산,,0.017,,0.3,0.2,,False,,
8197,osm,way/1068890164,68,고령산,,0.013,,0.2,0.2,,False,,
8198,osm,way/1068890164,68,고령산,,0.01,,0.2,0.1,,False,,
8199,osm,way/1068890165,68,고령산,,0.015,,0.3,0.2,,False,,
8200,osm,way/1068890166,68,고령산,,0.018,,0.3,0.2,,False,,
8201,osm,way/1068890167,68,고령산,,0.095,,1.7,1.2,,False,,
8202,osm,way/1068893179,68,고령산,,0.037,,0.6,0.5,,False,,
8203,osm,way/1068893179,68,고령산,,0.041,,0.7,0.5,,False,,
8204,osm,way/1068893179,68,고령산,,0.008,,0.1,0.1,,False,,
8205,osm,way/1068893179,68,고령산,,0.017,,0.3,0.2,,False,,
8206,osm,way/1068893179,68,고령산,,0.033,,0.6,0.4,,False,,
8207,osm,way/1068893180,68,고령산,,0.005,,0.1,0.1,,False,,
8208,osm,way/1068893181,68,고령산,,0.028,,0.5,0.4,,False,,
8209,osm,way/1068893181,68,고령산,,0.017,,0.3,0.2,,False,,
8210,osm,way/1068893181,68,고령산,,0.01,,0.2,0.1,,False,,
8211,osm,way/1068893182,68,고령산,,0.005,,0.1,0.1,,False,,
8212,osm,way/1068893183,68,고령산,,0.004,,0.1,0.1,,False,,
8213,osm,way/1068893184,68,고령산,,0.016,,0.3,0.2,,False,,
8214,osm,way/1106500330,68,고령산,,0.007,,0.1,0.1,,False,,
8215,osm,way/1106500330,68,고령산,,0.917,,16.0,11.5,,False,,
8216,osm,way/1124351639,68,고령산,,0.284,,5.0,3.6,토사,False,,
8217,osm,way/1124351647,68,고령산,,0.58,,10.1,7.2,토사,False,,
8218,osm,way/1124351647,68,고령산,,0.079,,1.4,1.0,토사,False,,
8219,osm,way/1124351648,68,고령산,,0.307,,5.4,3.8,토사,False,,
8220,osm,way/1124351652,68,고령산,,1.669,,29.2,20.9,,False,,
8221,osm,way/1132022823,68,고령산,,0.21,,3.7,2.6,,False,,
8222,osm,way/1132022827,68,고령산,,0.206,,3.6,2.6,,False,,
8223,osm,way/1183343894,68,고령산,,0.172,,3.0,2.2,,False,,
8224,osm,way/1185897158,68,고령산,4.744 km,0.115,,2.0,1.4,,False,,
8225,osm,way/1185897158,68,고령산,4.744 km,0.074,,1.3,0.9,,False,,
8226,osm,way/1185897165,68,고령산,,0.196,,3.4,2.5,토사,False,,
8227,osm,way/1185897166,68,고령산,,1.055,,18.5,13.2,토사,False,,
8228,osm,way/1185897167,68,고령산,,0.029,,0.5,0.4,토사,False,,
8229,osm,way/1185897168,68,고령산,,0.218,,3.8,2.7,토사,False,,
8230,osm,way/1185897169,68,고령산,,0.083,,1.5,1.0,토사,False,,
8231,osm,way/1185897170,68,고령산,,0.192,,3.4,2.4,,False,,
8232,osm,way/1185897170,68,고령산,,0.567,,9.9,7.1,,False,,
8233,osm,way/1185897171,68,고령산,,0.128,,2.2,1.6,토사,False,,
8234,osm,way/1185897172,68,고령산,,0.829,,14.5,10.4,,False,,
8235,osm,way/1185897174,68,고령산,,0.94,,16.4,11.7,,False,,
8236,osm,way/1185897175,68,고령산,,1.341,,23.5,16.8,토사,False,,
8237,osm,way/1185897179,68,고령산,,0.138,,2.4,1.7,,False,,
8238,osm,way/1185897179,68,고령산,,1.306,,22.8,16.3,,False,,
8239,osm,way/1185897179,68,고령산,,0.49,,8.6,6.1,,False,,
8240,osm,way/1185897182,68,고령산,,0.39,,6.8,4.9,토사,False,,
8241,osm,way/1185897183,68,고령산,,0.113,,2.0,1.4,,False,,
8242,osm,way/1185897183,68,고령산,,0.382,,6.7,4.8,,False,,
8243,osm,way/1185897185,68,고령산,,0.862,,15.1,10.8,토사,False,,
8244,osm,way/1185897186,68,고령산,,0.306,,5.3,3.8,토사,False,,
8245,osm,way/1185897186,68,고령산,,0.188,,3.3,2.3,토사,False,,
8246,osm,way/1185897189,68,고령산,5.913 km,0.393,,6.9,4.9,,False,,
8247,osm,way/1185897190,68,고령산,,0.596,,10.4,7.5,,False,,
8248,osm,way/1185897193,68,고령산,,0.05,,0.9,0.6,,False,,
8249,osm,way/1185897193,68,고령산,,0.004,,0.1,0.1,,False,,
8250,osm,way/1185897193,68,고령산,,0.512,,9.0,6.4,,False,,
8251,osm,way/1185897193,68,고령산,,0.449,,7.9,5.6,,False,,
8252,osm,way/1185897193,68,고령산,,0.016,,0.3,0.2,,False,,
8253,osm,way/1185897193,68,고령산,,0.033,,0.6,0.4,,False,,
8254,osm,way/1185897193,68,고령산,,0.46,,8.0,5.7,,False,,
8255,osm,way/1185897196,68,고령산,2.687 km,0.205,,3.6,2.6,,False,,
8256,osm,way/1185897197,68,고령산,3.01 km,0.144,,2.5,1.8,,False,,
8257,osm,way/1185897197,68,고령산,3.01 km,0.096,,1.7,1.2,,False,,
8258,osm,way/1185897197,68,고령산,3.01 km,0.046,,0.8,0.6,,False,,
8259,osm,way/1185897198,68,고령산,3.01 km,0.28,,4.9,3.5,,False,,
8260,osm,way/1185897200,68,고령산,,0.13,,2.3,1.6,토사,False,,
8261,osm,way/1185897201,68,고령산,,2.031,,35.5,25.4,,False,,
8262,osm,way/1185897201,68,고령산,,0.586,,10.3,7.3,,False,,
8263,osm,way/1185897201,68,고령산,,0.001,,0.0,0.0,,False,,
8264,osm,way/1185897202,68,고령산,,0.074,,1.3,0.9,토사,False,,
8265,osm,way/1271908947,68,고령산,,0.238,,4.2,3.0,,False,,
8266,osm,way/1271908947,68,고령산,,0.184,,3.2,2.3,,False,,
8267,osm,way/1287677327,68,고령산,,0.014,,0.2,0.2,,False,,
8268,osm,way/1287677328,68,고령산,,0.005,,0.1,0.1,,False,,
8269,osm,way/1415292605,68,고령산,,0.509,,8.9,6.4,,False,,
8270,osm,way/1415292605,68,고령산,,0.296,,5.2,3.7,,False,,
8271,osm,way/1415292609,68,고령산,,0.022,,0.4,0.3,,False,,
8272,osm,way/1415292610,68,고령산,,0.208,,3.6,2.6,,False,,
8273,osm,way/1415292611,68,고령산,,0.028,,0.5,0.3,,False,,
8274,osm,way/1415292613,68,고령산,,0.526,,9.2,6.6,,False,,
8275,osm,way/1415292614,68,고령산,,0.756,,13.2,9.4,,False,,
8276,osm,way/1415292614,68,고령산,,0.025,,0.4,0.3,,False,,
8277,osm,way/1415292618,68,고령산,,0.013,,0.2,0.2,,False,,
8278,osm,way/1415292619,68,고령산,,0.034,,0.6,0.4,,False,,
8279,osm,way/1415292619,68,고령산,,0.266,,4.7,3.3,,False,,
8280,osm,way/1415292620,68,고령산,,0.524,,9.2,6.5,,False,,
8281,osm,way/1415292621,68,고령산,,1.355,,23.7,16.9,,False,,
8282,osm,way/1415292622,68,고령산,,1.012,,17.7,12.6,,False,,
8283,osm,way/1436826069,68,고령산,,0.167,,2.9,2.1,,False,,
8284,osm,way/37538477,69,도봉산,,0.069,,1.2,0.9,,False,,
8285,osm,way/37749737,69,도봉산,,0.181,,3.2,2.3,토사,False,,
8286,osm,way/37750986,69,도봉산,,0.038,,0.7,0.5,,False,,
8287,osm,way/86165643,69,도봉산,,0.261,,4.6,3.3,,False,,
8288,osm,way/86165643,69,도봉산,,0.078,,1.4,1.0,,False,,
8289,osm,way/86165643,69,도봉산,,0.068,,1.2,0.9,,False,,
8290,osm,way/86165643,69,도봉산,,0.079,,1.4,1.0,,False,,
8291,osm,way/86165643,69,도봉산,,0.217,,3.8,2.7,,False,,
8292,osm,way/104368367,69,도봉산,1.4Km 00:48,0.411,,7.2,5.1,,False,,
8293,osm,way/104368367,69,도봉산,1.4Km 00:48,0.074,,1.3,0.9,,False,,
8294,osm,way/121993701,69,도봉산,0.2Km 00:08,0.027,,0.5,0.3,토사,False,,
8295,osm,way/121993701,69,도봉산,0.2Km 00:08,0.261,,4.6,3.3,토사,False,,
8296,osm,way/121993703,69,도봉산,,0.173,,3.0,2.2,,False,,
8297,osm,way/121993703,69,도봉산,,0.058,,1.0,0.7,,False,,
8298,osm,way/121993703,69,도봉산,,0.482,,8.4,6.0,,False,,
8299,osm,way/121993703,69,도봉산,,0.068,,1.2,0.9,,False,,
8300,osm,way/365444259,69,도봉산,,0.042,,0.7,0.5,,False,,
8301,osm,way/365444259,69,도봉산,,0.045,,0.8,0.6,,False,,
8302,osm,way/365444259,69,도봉산,,0.36,,6.3,4.5,,False,,
8303,osm,way/365444259,69,도봉산,,0.068,,1.2,0.8,,False,,
8304,osm,way/374756913,69,도봉산,1.4Km 00:47,1.382,,24.2,17.3,,False,,
8305,osm,way/374756913,69,도봉산,1.4Km 00:47,0.028,,0.5,0.4,,False,,
8306,osm,way/374756947,69,도봉산,,0.035,,0.6,0.4,,False,,
8307,osm,way/374757030,69,도봉산,,0.091,,1.6,1.1,,False,,
8308,osm,way/374757030,69,도봉산,,0.286,,5.0,3.6,,False,,
8309,osm,way/374757030,69,도봉산,,0.724,,12.7,9.0,,False,,
8310,osm,way/374757070,69,도봉산,,0.2,,3.5,2.5,,False,,
8311,osm,way/377023748,69,도봉산,0.3Km 00:09,0.022,,0.4,0.3,,False,,
8312,osm,way/377023748,69,도봉산,0.3Km 00:09,0.244,,4.3,3.0,,False,,
8313,osm,way/377023749,69,도봉산,0.5Km 00:15,0.351,,6.1,4.4,토사,False,,
8314,osm,way/377024822,69,도봉산,0.7Km 00:27,0.361,,6.3,4.5,,False,,
8315,osm,way/377024822,69,도봉산,0.7Km 00:27,0.416,,7.3,5.2,,False,,
8316,osm,way/377024823,69,도봉산,0.5Km 00:16,0.29,,5.1,3.6,,False,,
8317,osm,way/377024823,69,도봉산,0.5Km 00:16,0.074,,1.3,0.9,,False,,
8318,osm,way/377024823,69,도봉산,0.5Km 00:16,0.107,,1.9,1.3,,False,,
8319,osm,way/377024827,69,도봉산,0.3Km 00:12,0.382,,6.7,4.8,토사,False,,
8320,osm,way/377024830,69,도봉산,0.4Km 00:12,0.219,,3.8,2.7,,False,,
8321,osm,way/377024830,69,도봉산,0.4Km 00:12,0.146,,2.6,1.8,,False,,
8322,osm,way/377024830,69,도봉산,0.4Km 00:12,0.023,,0.4,0.3,,False,,
8323,osm,way/377030262,69,도봉산,북한산둘레길 18구간 도봉옛길,0.353,,6.2,4.4,토사,False,,
8324,osm,way/377030262,69,도봉산,북한산둘레길 18구간 도봉옛길,0.3,,5.2,3.7,토사,False,,
8325,osm,way/377030268,69,도봉산,0.6Km 00:20,0.258,,4.5,3.2,토사,False,,
8326,osm,way/377030268,69,도봉산,0.6Km 00:20,0.265,,4.6,3.3,토사,False,,
8327,osm,way/377030269,69,도봉산,0.8Km 00:28,0.023,,0.4,0.3,토사,False,,
8328,osm,way/377030269,69,도봉산,0.8Km 00:28,0.132,,2.3,1.7,토사,False,,
8329,osm,way/377030269,69,도봉산,0.8Km 00:28,0.497,,8.7,6.2,토사,False,,
8330,osm,way/377030269,69,도봉산,0.8Km 00:28,0.239,,4.2,3.0,토사,False,,
8331,osm,way/377030270,69,도봉산,0.3Km 00:11,0.302,,5.3,3.8,토사,False,,
8332,osm,way/377030270,69,도봉산,0.3Km 00:11,0.021,,0.4,0.3,토사,False,,
8333,osm,way/377030271,69,도봉산,0.8Km 00:27,0.27,,4.7,3.4,,False,,
8334,osm,way/377030271,69,도봉산,0.8Km 00:27,0.094,,1.6,1.2,,False,,
8335,osm,way/377030271,69,도봉산,0.8Km 00:27,0.448,,7.8,5.6,,False,,
8336,osm,way/377030272,69,도봉산,0.5Km 00:18,0.125,,2.2,1.6,토사,False,,
8337,osm,way/377030272,69,도봉산,0.5Km 00:18,0.112,,2.0,1.4,토사,False,,
8338,osm,way/377030272,69,도봉산,0.5Km 00:18,0.229,,4.0,2.9,토사,False,,
8339,osm,way/377030272,69,도봉산,0.5Km 00:18,0.066,,1.1,0.8,토사,False,,
8340,osm,way/377031238,69,도봉산,,0.016,,0.3,0.2,,False,,
8341,osm,way/377031238,69,도봉산,,0.541,,9.5,6.8,,False,,
8342,osm,way/377031238,69,도봉산,,0.08,,1.4,1.0,,False,,
8343,osm,way/377031238,69,도봉산,,0.419,,7.3,5.2,,False,,
8344,osm,way/377031238,69,도봉산,,0.002,,0.0,0.0,,False,,
8345,osm,way/377031238,69,도봉산,,0.051,,0.9,0.6,,False,,
8346,osm,way/377031240,69,도봉산,,0.399,,7.0,5.0,,False,,
8347,osm,way/377032236,69,도봉산,0.4Km 00:14,0.138,,2.4,1.7,,False,,
8348,osm,way/377032236,69,도봉산,0.4Km 00:14,0.282,,4.9,3.5,,False,,
8349,osm,way/377032237,69,도봉산,,0.437,,7.7,5.5,,False,,
8350,osm,way/377032237,69,도봉산,,0.492,,8.6,6.1,,False,,
8351,osm,way/377032237,69,도봉산,,0.175,,3.1,2.2,,False,,
8352,osm,way/377032237,69,도봉산,,0.101,,1.8,1.3,,False,,
8353,osm,way/377032237,69,도봉산,,0.032,,0.6,0.4,,False,,
8354,osm,way/377035622,69,도봉산,1.1Km 00:27,0.622,,10.9,7.8,,False,,
8355,osm,way/377035622,69,도봉산,1.1Km 00:27,0.245,,4.3,3.1,,False,,
8356,osm,way/377036179,69,도봉산,0.7Km 00:23,0.404,,7.1,5.1,,False,,
8357,osm,way/377036179,69,도봉산,0.7Km 00:23,0.274,,4.8,3.4,,False,,
8358,osm,way/377036725,69,도봉산,0.4Km 00:13,0.089,,1.6,1.1,,False,,
8359,osm,way/377036725,69,도봉산,0.4Km 00:13,0.011,,0.2,0.1,,False,,
8360,osm,way/377036725,69,도봉산,0.4Km 00:13,0.278,,4.9,3.5,,False,,
8361,osm,way/377036725,69,도봉산,0.4Km 00:13,0.01,,0.2,0.1,,False,,
8362,osm,way/377036727,69,도봉산,,0.128,,2.2,1.6,,False,,
8363,osm,way/377036727,69,도봉산,,0.336,,5.9,4.2,,False,,
8364,osm,way/377036727,69,도봉산,,0.13,,2.3,1.6,,False,,
8365,osm,way/377036727,69,도봉산,,0.217,,3.8,2.7,,False,,
8366,osm,way/377036727,69,도봉산,,0.277,,4.8,3.5,,False,,
8367,osm,way/377037356,69,도봉산,0.6Km 00:23,0.123,,2.1,1.5,토사,False,,
8368,osm,way/377037356,69,도봉산,0.6Km 00:23,0.099,,1.7,1.2,토사,False,,
8369,osm,way/377037356,69,도봉산,0.6Km 00:23,0.031,,0.5,0.4,토사,False,,
8370,osm,way/377037356,69,도봉산,0.6Km 00:23,0.008,,0.1,0.1,토사,False,,
8371,osm,way/377037356,69,도봉산,0.6Km 00:23,0.174,,3.0,2.2,토사,False,,
8372,osm,way/377037356,69,도봉산,0.6Km 00:23,0.222,,3.9,2.8,토사,False,,
8373,osm,way/377037356,69,도봉산,0.6Km 00:23,0.389,,6.8,4.9,토사,False,,
8374,osm,way/377037356,69,도봉산,0.6Km 00:23,0.183,,3.2,2.3,토사,False,,
8375,osm,way/377037356,69,도봉산,0.6Km 00:23,0.238,,4.2,3.0,토사,False,,
8376,osm,way/377037356,69,도봉산,0.6Km 00:23,0.065,,1.1,0.8,토사,False,,
8377,osm,way/377037356,69,도봉산,0.6Km 00:23,0.618,,10.8,7.7,토사,False,,
8378,osm,way/377037356,69,도봉산,0.6Km 00:23,0.298,,5.2,3.7,토사,False,,
8379,osm,way/377037357,69,도봉산,0.1Km 00:03,0.016,,0.3,0.2,,False,,
8380,osm,way/377037357,69,도봉산,0.1Km 00:03,0.099,,1.7,1.2,,False,,
8381,osm,way/377037967,69,도봉산,0.8Km 00:27,0.038,,0.7,0.5,,False,,
8382,osm,way/377037967,69,도봉산,0.8Km 00:27,0.07,,1.2,0.9,,False,,
8383,osm,way/377037967,69,도봉산,0.8Km 00:27,0.537,,9.4,6.7,,False,,
8384,osm,way/377037967,69,도봉산,0.8Km 00:27,0.277,,4.8,3.5,,False,,
8385,osm,way/377039736,69,도봉산,1.1Km 00:37,1.104,,19.3,13.8,,False,,
8386,osm,way/377039743,69,도봉산,무수골 매표소-원통사 2Km 1:007,0.309,,5.4,3.9,포장,False,,
8387,osm,way/377039743,69,도봉산,무수골 매표소-원통사 2Km 1:007,0.036,,0.6,0.5,포장,False,,
8388,osm,way/377042994,69,도봉산,0.9Km 00:29,0.761,,13.3,9.5,,False,,
8389,osm,way/377044786,69,도봉산,1.4Km 00:49,0.59,,10.3,7.4,,False,,
8390,osm,way/377044786,69,도봉산,1.4Km 00:49,0.632,,11.1,7.9,,False,,
8391,osm,way/377044786,69,도봉산,1.4Km 00:49,0.008,,0.1,0.1,,False,,
8392,osm,way/377044787,69,도봉산,1.7Km 00:54,0.519,,9.1,6.5,,False,,
8393,osm,way/377044787,69,도봉산,1.7Km 00:54,0.548,,9.6,6.9,,False,,
8394,osm,way/377044787,69,도봉산,1.7Km 00:54,0.057,,1.0,0.7,,False,,
8395,osm,way/377044788,69,도봉산,,0.36,,6.3,4.5,,False,,
8396,osm,way/377044791,69,도봉산,,0.459,,8.0,5.7,,False,,
8397,osm,way/377045399,69,도봉산,0.3Km 00:10,0.275,,4.8,3.4,,False,,
8398,osm,way/445161431,69,도봉산,,0.078,,1.4,1.0,,False,,
8399,osm,way/445163860,69,도봉산,,0.031,,0.5,0.4,,False,,
8400,osm,way/445172375,69,도봉산,0.5Km 00:15,0.053,,0.9,0.7,,False,,
8401,osm,way/445172376,69,도봉산,신선대,0.006,,0.1,0.1,metal,False,,
8402,osm,way/445172376,69,도봉산,신선대,0.02,,0.4,0.3,metal,False,,
8403,osm,way/445172376,69,도봉산,신선대,0.007,,0.1,0.1,metal,False,,
8404,osm,way/566960176,69,도봉산,,0.306,,5.4,3.8,,False,,
8405,osm,way/570190903,69,도봉산,와이계곡 우회길,0.132,,2.3,1.7,,False,,
8406,osm,way/570190903,69,도봉산,와이계곡 우회길,0.011,,0.2,0.1,,False,,
8407,osm,way/596121789,69,도봉산,,0.012,,0.2,0.2,,False,,
8408,osm,way/781442156,69,도봉산,,0.441,,7.7,5.5,,False,,
8409,osm,way/781442156,69,도봉산,,1.374,,24.1,17.2,,False,,
8410,osm,way/781442156,69,도봉산,,1.15,,20.1,14.4,,False,,
8411,osm,way/781442157,69,도봉산,,0.303,,5.3,3.8,,False,,
8412,osm,way/781442157,69,도봉산,,0.148,,2.6,1.8,,False,,
8413,osm,way/781442157,69,도봉산,,0.734,,12.9,9.2,,False,,
8414,osm,way/781442158,69,도봉산,,0.114,,2.0,1.4,,False,,
8415,osm,way/781442158,69,도봉산,,0.033,,0.6,0.4,,False,,
8416,osm,way/781442158,69,도봉산,,0.643,,11.2,8.0,,False,,
8417,osm,way/781442159,69,도봉산,,0.061,,1.1,0.8,,False,,
8418,osm,way/781442159,69,도봉산,,0.02,,0.4,0.3,,False,,
8419,osm,way/781442159,69,도봉산,,0.999,,17.5,12.5,,False,,
8420,osm,way/781442159,69,도봉산,,0.621,,10.9,7.8,,False,,
8421,osm,way/781442159,69,도봉산,,0.154,,2.7,1.9,,False,,
8422,osm,way/781442159,69,도봉산,,0.229,,4.0,2.9,,False,,
8423,osm,way/781442160,69,도봉산,,0.002,,0.0,0.0,,False,,
8424,osm,way/781442160,69,도봉산,,0.003,,0.1,0.0,,False,,
8425,osm,way/781442161,69,도봉산,,0.016,,0.3,0.2,,False,,
8426,osm,way/781446062,69,도봉산,북한산둘레길 19구간 방학동길,0.005,,0.1,0.1,토사,False,,
8427,osm,way/781446064,69,도봉산,,0.157,,2.8,2.0,,False,,
8428,osm,way/781446064,69,도봉산,,0.007,,0.1,0.1,,False,,
8429,osm,way/781446065,69,도봉산,,0.143,,2.5,1.8,토사,False,,
8430,osm,way/781446065,69,도봉산,,0.225,,3.9,2.8,토사,False,,
8431,osm,way/781446065,69,도봉산,,0.037,,0.7,0.5,토사,False,,
8432,osm,way/781446065,69,도봉산,,0.083,,1.5,1.0,토사,False,,
8433,osm,way/781446065,69,도봉산,,0.12,,2.1,1.5,토사,False,,
8434,osm,way/781446065,69,도봉산,,0.182,,3.2,2.3,토사,False,,
8435,osm,way/781446065,69,도봉산,,0.018,,0.3,0.2,토사,False,,
8436,osm,way/781446065,69,도봉산,,0.047,,0.8,0.6,토사,False,,
8437,osm,way/781446065,69,도봉산,,0.009,,0.2,0.1,토사,False,,
8438,osm,way/781446065,69,도봉산,,0.185,,3.2,2.3,토사,False,,
8439,osm,way/781446065,69,도봉산,,0.102,,1.8,1.3,토사,False,,
8440,osm,way/792319804,69,도봉산,석굴암길,0.695,,12.2,8.7,토사,False,,
8441,osm,way/792319805,69,도봉산,[북한산둘레길] 21구간 우이령길,1.018,,17.8,12.7,토사,False,,
8442,osm,way/807762187,69,도봉산,,1.176,,20.6,14.7,토사,False,,
8443,osm,way/807765107,69,도봉산,[북한산둘레길] 17구간 다락원길,0.32,,5.6,4.0,토사,False,,
8444,osm,way/809332513,69,도봉산,,0.018,,0.3,0.2,포장,False,,
8445,osm,way/809332514,69,도봉산,,0.036,,0.6,0.4,포장,False,,
8446,osm,way/809332519,69,도봉산,무수골 매표소-원통사 2Km 1:007,1.29,,22.6,16.1,토사,False,,
8447,osm,way/809332519,69,도봉산,무수골 매표소-원통사 2Km 1:007,0.153,,2.7,1.9,토사,False,,
8448,osm,way/817124738,69,도봉산,[북한산둘레길] 15구간 안골길,0.076,,1.3,0.9,토사,False,,
8449,osm,way/817124738,69,도봉산,[북한산둘레길] 15구간 안골길,0.259,,4.5,3.2,토사,False,,
8450,osm,way/817124738,69,도봉산,[북한산둘레길] 15구간 안골길,0.422,,7.4,5.3,토사,False,,
8451,osm,way/817124743,69,도봉산,,0.858,,15.0,10.7,토사,False,,
8452,osm,way/817124743,69,도봉산,,0.055,,1.0,0.7,토사,False,,
8453,osm,way/817124743,69,도봉산,,0.083,,1.4,1.0,토사,False,,
8454,osm,way/817125746,69,도봉산,,0.004,,0.1,0.0,토사,False,,
8455,osm,way/817125746,69,도봉산,,0.006,,0.1,0.1,토사,False,,
8456,osm,way/817125746,69,도봉산,,0.116,,2.0,1.5,토사,False,,
8457,osm,way/821434038,69,도봉산,,0.12,,2.1,1.5,포장,False,,
8458,osm,way/821434039,69,도봉산,,0.116,,2.0,1.4,포장,False,,
8459,osm,way/821434039,69,도봉산,,0.37,,6.5,4.6,포장,False,,
8460,osm,way/821434040,69,도봉산,,0.085,,1.5,1.1,목재,False,,
8461,osm,way/821434040,69,도봉산,,0.142,,2.5,1.8,목재,False,,
8462,osm,way/821434040,69,도봉산,,0.09,,1.6,1.1,목재,False,,
8463,osm,way/821434040,69,도봉산,,0.01,,0.2,0.1,목재,False,,
8464,osm,way/822232019,69,도봉산,북한산둘레길 18구간 도봉옛길,0.12,,2.1,1.5,목재,False,,
8465,osm,way/822547109,69,도봉산,,0.336,,5.9,4.2,토사,False,,
8466,osm,way/822547109,69,도봉산,,0.322,,5.6,4.0,토사,False,,
8467,osm,way/823244409,69,도봉산,,0.481,,8.4,6.0,토사,False,,
8468,osm,way/823244409,69,도봉산,,0.076,,1.3,0.9,토사,False,,
8469,osm,way/823244409,69,도봉산,,0.113,,2.0,1.4,토사,False,,
8470,osm,way/823244409,69,도봉산,,0.167,,2.9,2.1,토사,False,,
8471,osm,way/824712728,69,도봉산,,0.023,,0.4,0.3,,False,,
8472,osm,way/826286645,69,도봉산,,0.012,,0.2,0.1,토사,False,,
8473,osm,way/826286645,69,도봉산,,0.066,,1.2,0.8,토사,False,,
8474,osm,way/826286645,69,도봉산,,0.06,,1.1,0.8,토사,False,,
8475,osm,way/826286645,69,도봉산,,0.287,,5.0,3.6,토사,False,,
8476,osm,way/844841819,69,도봉산,[북한산둘레길] 15구간 송추마을길,0.272,,4.8,3.4,포장,False,,
8477,osm,way/844841822,69,도봉산,[북한산둘레길] 15구간 송추마을길,0.148,,2.6,1.8,포장,False,,
8478,osm,way/844856708,69,도봉산,[북한산둘레길] 15구간 송추마을길,0.164,,2.9,2.0,포장,False,,
8479,osm,way/844856709,69,도봉산,[북한산둘레길] 15구간 송추마을길,1.231,,21.5,15.4,토사,False,,
8480,osm,way/844856709,69,도봉산,[북한산둘레길] 15구간 송추마을길,0.023,,0.4,0.3,토사,False,,
8481,osm,way/845534673,69,도봉산,,0.628,,11.0,7.8,,False,,
8482,osm,way/846363567,69,도봉산,,0.835,,14.6,10.4,토사,False,,
8483,osm,way/846363568,69,도봉산,[북한산둘레길] 12구간 - 충의길,0.302,,5.3,3.8,토사,False,,
8484,osm,way/846363568,69,도봉산,[북한산둘레길] 12구간 - 충의길,0.339,,5.9,4.2,토사,False,,
8485,osm,way/846363568,69,도봉산,[북한산둘레길] 12구간 - 충의길,1.3,,22.7,16.2,토사,False,,
8486,osm,way/846363568,69,도봉산,[북한산둘레길] 12구간 - 충의길,0.198,,3.5,2.5,토사,False,,
8487,osm,way/846363569,69,도봉산,,0.295,,5.2,3.7,토사,False,,
8488,osm,way/846363569,69,도봉산,,0.248,,4.3,3.1,토사,False,,
8489,osm,way/846363569,69,도봉산,,0.771,,13.5,9.6,토사,False,,
8490,osm,way/846363569,69,도봉산,,0.333,,5.8,4.2,토사,False,,
8491,osm,way/846363570,69,도봉산,,0.899,,15.7,11.2,토사,False,,
8492,osm,way/846363573,69,도봉산,[북한산둘레길] 12구간 - 충의길,0.422,,7.4,5.3,포장,False,,
8493,osm,way/846363573,69,도봉산,[북한산둘레길] 12구간 - 충의길,0.232,,4.1,2.9,포장,False,,
8494,osm,way/846363573,69,도봉산,[북한산둘레길] 12구간 - 충의길,0.184,,3.2,2.3,포장,False,,
8495,osm,way/846363573,69,도봉산,[북한산둘레길] 12구간 - 충의길,0.067,,1.2,0.8,포장,False,,
8496,osm,way/846365667,69,도봉산,[북한산둘레길] 15구간 송추마을길,0.072,,1.3,0.9,포장,False,,
8497,osm,way/846365667,69,도봉산,[북한산둘레길] 15구간 송추마을길,0.368,,6.4,4.6,포장,False,,
8498,osm,way/846365667,69,도봉산,[북한산둘레길] 15구간 송추마을길,0.072,,1.3,0.9,포장,False,,
8499,osm,way/847557813,69,도봉산,삼양로181길,0.172,,3.0,2.2,포장,False,,
8500,osm,way/847557814,69,도봉산,,0.013,,0.2,0.2,토사,False,,
8501,osm,way/847557815,69,도봉산,,0.02,,0.4,0.3,토사,False,,
8502,osm,way/847557816,69,도봉산,,0.726,,12.7,9.1,,False,,
8503,osm,way/847557817,69,도봉산,,0.009,,0.2,0.1,토사,False,,
8504,osm,way/847557818,69,도봉산,석굴암길,1.254,,21.9,15.7,토사,False,,
8505,osm,way/855299917,69,도봉산,,0.444,,7.8,5.6,,False,,
8506,osm,way/855299917,69,도봉산,,0.005,,0.1,0.1,,False,,
8507,osm,way/868466279,69,도봉산,,0.239,,4.2,3.0,토사,False,,
8508,osm,way/868466280,69,도봉산,도봉산장 도봉대피소,0.035,,0.6,0.4,metal,False,,
8509,osm,way/868466281,69,도봉산,도봉산장 도봉대피소,0.014,,0.2,0.2,토사,False,,
8510,osm,way/880356051,69,도봉산,,1.123,,19.7,14.0,토사,False,,
8511,osm,way/880356053,69,도봉산,북한산둘레길 19구간 방학동길,0.034,,0.6,0.4,목재,False,,
8512,osm,way/882182119,69,도봉산,도봉산장 도봉대피소,0.003,,0.1,0.0,토사,False,,
8513,osm,way/882182119,69,도봉산,도봉산장 도봉대피소,0.007,,0.1,0.1,토사,False,,
8514,osm,way/884314746,69,도봉산,,0.148,,2.6,1.8,,False,,
8515,osm,way/884314747,69,도봉산,,0.01,,0.2,0.1,,False,,
8516,osm,way/893184369,69,도봉산,,0.976,,17.1,12.2,토사,False,,
8517,osm,way/904997365,69,도봉산,석굴암길,0.24,,4.2,3.0,토사,False,,
8518,osm,way/904997365,69,도봉산,석굴암길,0.101,,1.8,1.3,토사,False,,
8519,osm,way/904997366,69,도봉산,석굴암길,0.01,,0.2,0.1,토사,False,,
8520,osm,way/953991612,69,도봉산,,0.038,,0.7,0.5,목재,False,,
8521,osm,way/953992634,69,도봉산,,0.006,,0.1,0.1,목재,False,,
8522,osm,way/953992635,69,도봉산,,0.013,,0.2,0.2,암석,False,,
8523,osm,way/993652082,69,도봉산,,0.088,,1.5,1.1,,False,,
8524,osm,way/993652082,69,도봉산,,0.07,,1.2,0.9,,False,,
8525,osm,way/993652082,69,도봉산,,0.078,,1.4,1.0,,False,,
8526,osm,way/1033103188,69,도봉산,,0.59,,10.3,7.4,토사,False,,
8527,osm,way/1033103265,69,도봉산,,0.145,,2.5,1.8,unpaved,False,,
8528,osm,way/1034786124,69,도봉산,북한산둘레길 18구간 도봉옛길,0.501,,8.8,6.3,토사,False,,
8529,osm,way/1104852637,69,도봉산,,0.386,,6.8,4.8,토사,False,,
8530,osm,way/1104852637,69,도봉산,,0.007,,0.1,0.1,토사,False,,
8531,osm,way/1104852637,69,도봉산,,0.216,,3.8,2.7,토사,False,,
8532,osm,way/1104852637,69,도봉산,,0.114,,2.0,1.4,토사,False,,
8533,osm,way/1104852638,69,도봉산,,0.125,,2.2,1.6,토사,False,,
8534,osm,way/1104852638,69,도봉산,,0.137,,2.4,1.7,토사,False,,
8535,osm,way/1104853743,69,도봉산,,0.176,,3.1,2.2,토사,False,,
8536,osm,way/1104853744,69,도봉산,,0.049,,0.9,0.6,토사,False,,
8537,osm,way/1104853744,69,도봉산,,0.032,,0.6,0.4,토사,False,,
8538,osm,way/1104853744,69,도봉산,,0.013,,0.2,0.2,토사,False,,
8539,osm,way/1104853744,69,도봉산,,0.05,,0.9,0.6,토사,False,,
8540,osm,way/1104853744,69,도봉산,,0.393,,6.9,4.9,토사,False,,
8541,osm,way/1104853744,69,도봉산,,0.137,,2.4,1.7,토사,False,,
8542,osm,way/1104853744,69,도봉산,,0.286,,5.0,3.6,토사,False,,
8543,osm,way/1104853744,69,도봉산,,0.133,,2.3,1.7,토사,False,,
8544,osm,way/1104853744,69,도봉산,,0.196,,3.4,2.4,토사,False,,
8545,osm,way/1104853744,69,도봉산,,0.067,,1.2,0.8,토사,False,,
8546,osm,way/1104856595,69,도봉산,,0.316,,5.5,4.0,,False,,
8547,osm,way/1104856596,69,도봉산,,0.014,,0.2,0.2,,False,,
8548,osm,way/1104856597,69,도봉산,,0.005,,0.1,0.1,,False,,
8549,osm,way/1104856599,69,도봉산,,0.106,,1.9,1.3,,False,,
8550,osm,way/1104856599,69,도봉산,,0.222,,3.9,2.8,,False,,
8551,osm,way/1104856600,69,도봉산,,1.627,,28.5,20.3,,False,,
8552,osm,way/1104856601,69,도봉산,,0.01,,0.2,0.1,,False,,
8553,osm,way/1104860819,69,도봉산,,0.476,,8.3,6.0,토사,False,,
8554,osm,way/1104860822,69,도봉산,,0.886,,15.5,11.1,토사,False,,
8555,osm,way/1106534360,69,도봉산,,1.044,,18.3,13.1,토사,False,,
8556,osm,way/1106534360,69,도봉산,,0.782,,13.7,9.8,토사,False,,
8557,osm,way/1106534360,69,도봉산,,1.057,,18.5,13.2,토사,False,,
8558,osm,way/1106534361,69,도봉산,,0.068,,1.2,0.8,,False,,
8559,osm,way/1106534361,69,도봉산,,0.254,,4.4,3.2,,False,,
8560,osm,way/1106534361,69,도봉산,,0.662,,11.6,8.3,,False,,
8561,osm,way/1106534362,69,도봉산,,0.475,,8.3,5.9,,False,,
8562,osm,way/1106534364,69,도봉산,,0.079,,1.4,1.0,,False,,
8563,osm,way/1106534365,69,도봉산,,0.026,,0.5,0.3,,False,,
8564,osm,way/1106543178,69,도봉산,,0.156,,2.7,2.0,토사,False,,
8565,osm,way/1106543178,69,도봉산,,0.044,,0.8,0.6,토사,False,,
8566,osm,way/1106543178,69,도봉산,,0.032,,0.6,0.4,토사,False,,
8567,osm,way/1106543178,69,도봉산,,0.467,,8.2,5.8,토사,False,,
8568,osm,way/1106543178,69,도봉산,,0.451,,7.9,5.6,토사,False,,
8569,osm,way/1106543179,69,도봉산,,0.4,,7.0,5.0,토사,False,,
8570,osm,way/1115227598,69,도봉산,[북한산둘레길] 16구간 보루길,0.035,,0.6,0.4,포장,False,,
8571,osm,way/1115227599,69,도봉산,,0.161,,2.8,2.0,,False,,
8572,osm,way/1115227600,69,도봉산,,0.014,,0.2,0.2,,False,,
8573,osm,way/1115227601,69,도봉산,,0.223,,3.9,2.8,,False,,
8574,osm,way/1115227602,69,도봉산,,0.01,,0.2,0.1,,False,,
8575,osm,way/1115227603,69,도봉산,,0.154,,2.7,1.9,,False,,
8576,osm,way/1115227604,69,도봉산,,0.029,,0.5,0.4,,False,,
8577,osm,way/1115227606,69,도봉산,,0.048,,0.8,0.6,토사,False,,
8578,osm,way/1124073404,69,도봉산,,0.209,,3.7,2.6,토사,False,,
8579,osm,way/1124073404,69,도봉산,,0.379,,6.6,4.7,토사,False,,
8580,osm,way/1124073404,69,도봉산,,0.046,,0.8,0.6,토사,False,,
8581,osm,way/1124073405,69,도봉산,,0.088,,1.5,1.1,토사,False,,
8582,osm,way/1124073405,69,도봉산,,0.113,,2.0,1.4,토사,False,,
8583,osm,way/1124073406,69,도봉산,,0.751,,13.1,9.4,토사,False,,
8584,osm,way/1124073407,69,도봉산,,0.249,,4.4,3.1,토사,False,,
8585,osm,way/1124073408,69,도봉산,,0.986,,17.3,12.3,토사,False,,
8586,osm,way/1124073409,69,도봉산,,0.333,,5.8,4.2,토사,False,,
8587,osm,way/1124073412,69,도봉산,,0.088,,1.5,1.1,토사,False,,
8588,osm,way/1124073413,69,도봉산,,0.373,,6.5,4.7,토사,False,,
8589,osm,way/1124073413,69,도봉산,,0.135,,2.4,1.7,토사,False,,
8590,osm,way/1124073414,69,도봉산,,0.118,,2.1,1.5,토사,False,,
8591,osm,way/1124073415,69,도봉산,,0.081,,1.4,1.0,토사,False,,
8592,osm,way/1124073415,69,도봉산,,0.003,,0.1,0.0,토사,False,,
8593,osm,way/1124073415,69,도봉산,,0.212,,3.7,2.6,토사,False,,
8594,osm,way/1124073418,69,도봉산,,0.132,,2.3,1.6,,False,,
8595,osm,way/1124073420,69,도봉산,,0.149,,2.6,1.9,토사,False,,
8596,osm,way/1124073421,69,도봉산,,0.104,,1.8,1.3,토사,False,,
8597,osm,way/1124073422,69,도봉산,,0.163,,2.8,2.0,토사,False,,
8598,osm,way/1124073422,69,도봉산,,0.093,,1.6,1.2,토사,False,,
8599,osm,way/1124073423,69,도봉산,,0.386,,6.8,4.8,토사,False,,
8600,osm,way/1124073423,69,도봉산,,0.051,,0.9,0.6,토사,False,,
8601,osm,way/1124073424,69,도봉산,,0.267,,4.7,3.3,토사,False,,
8602,osm,way/1124073425,69,도봉산,,0.142,,2.5,1.8,토사,False,,
8603,osm,way/1124073426,69,도봉산,,0.41,,7.2,5.1,토사,False,,
8604,osm,way/1124073427,69,도봉산,,0.165,,2.9,2.1,토사,False,,
8605,osm,way/1124073428,69,도봉산,,0.149,,2.6,1.9,토사,False,,
8606,osm,way/1124073428,69,도봉산,,0.052,,0.9,0.6,토사,False,,
8607,osm,way/1124073429,69,도봉산,,0.696,,12.2,8.7,토사,False,,
8608,osm,way/1124073429,69,도봉산,,0.188,,3.3,2.4,토사,False,,
8609,osm,way/1124073430,69,도봉산,,0.669,,11.7,8.4,토사,False,,
8610,osm,way/1124073431,69,도봉산,,1.077,,18.8,13.5,토사,False,,
8611,osm,way/1124073431,69,도봉산,,0.004,,0.1,0.1,토사,False,,
8612,osm,way/1124073431,69,도봉산,,0.077,,1.3,1.0,토사,False,,
8613,osm,way/1124073432,69,도봉산,,0.945,,16.5,11.8,토사,False,,
8614,osm,way/1124073433,69,도봉산,,1.259,,22.0,15.7,토사,False,,
8615,osm,way/1124073434,69,도봉산,,0.844,,14.8,10.5,토사,False,,
8616,osm,way/1124073436,69,도봉산,,0.57,,10.0,7.1,토사,False,,
8617,osm,way/1124648168,69,도봉산,,0.055,,1.0,0.7,토사,False,,
8618,osm,way/1124648169,69,도봉산,,0.355,,6.2,4.4,토사,False,,
8619,osm,way/1124648170,69,도봉산,,0.559,,9.8,7.0,토사,False,,
8620,osm,way/1124648170,69,도봉산,,0.272,,4.8,3.4,토사,False,,
8621,osm,way/1124648171,69,도봉산,,0.426,,7.5,5.3,토사,False,,
8622,osm,way/1124648172,69,도봉산,,0.15,,2.6,1.9,토사,False,,
8623,osm,way/1124648173,69,도봉산,,0.199,,3.5,2.5,토사,False,,
8624,osm,way/1124648174,69,도봉산,,0.062,,1.1,0.8,토사,False,,
8625,osm,way/1124648175,69,도봉산,,0.112,,2.0,1.4,토사,False,,
8626,osm,way/1124648175,69,도봉산,,0.02,,0.3,0.2,토사,False,,
8627,osm,way/1124648176,69,도봉산,,0.04,,0.7,0.5,포장,False,,
8628,osm,way/1124648176,69,도봉산,,0.015,,0.3,0.2,포장,False,,
8629,osm,way/1124648176,69,도봉산,,0.052,,0.9,0.7,포장,False,,
8630,osm,way/1125527067,69,도봉산,,0.678,,11.9,8.5,토사,False,,
8631,osm,way/1125527068,69,도봉산,,0.387,,6.8,4.8,토사,False,,
8632,osm,way/1125527068,69,도봉산,,0.019,,0.3,0.2,토사,False,,
8633,osm,way/1125527069,69,도봉산,,0.013,,0.2,0.2,토사,False,,
8634,osm,way/1125527069,69,도봉산,,0.319,,5.6,4.0,토사,False,,
8635,osm,way/1125527069,69,도봉산,,0.187,,3.3,2.3,토사,False,,
8636,osm,way/1125527070,69,도봉산,,0.556,,9.7,6.9,토사,False,,
8637,osm,way/1125527071,69,도봉산,,0.047,,0.8,0.6,토사,False,,
8638,osm,way/1125527071,69,도봉산,,0.026,,0.5,0.3,토사,False,,
8639,osm,way/1159858384,69,도봉산,,1.59,,27.8,19.9,토사,False,,
8640,osm,way/1159858390,69,도봉산,,0.03,,0.5,0.4,토사,False,,
8641,osm,way/1159858390,69,도봉산,,0.013,,0.2,0.2,토사,False,,
8642,osm,way/1162958555,69,도봉산,,0.016,,0.3,0.2,토사,False,,
8643,osm,way/1162958556,69,도봉산,,0.159,,2.8,2.0,토사,False,,
8644,osm,way/1177624395,69,도봉산,1.4Km 00:49,0.03,,0.5,0.4,,False,,
8645,osm,way/1177624396,69,도봉산,1.4Km 00:49,0.006,,0.1,0.1,,False,,
8646,osm,way/1177624396,69,도봉산,1.4Km 00:49,0.021,,0.4,0.3,,False,,
8647,osm,way/1177624396,69,도봉산,1.4Km 00:49,0.194,,3.4,2.4,,False,,
8648,osm,way/1177624397,69,도봉산,,0.037,,0.6,0.5,토사,False,,
8649,osm,way/1177624400,69,도봉산,,0.218,,3.8,2.7,암석,False,,
8650,osm,way/1177624401,69,도봉산,,0.006,,0.1,0.1,,False,,
8651,osm,way/1177624401,69,도봉산,,0.268,,4.7,3.3,,False,,
8652,osm,way/1177624402,69,도봉산,,0.214,,3.7,2.7,토사,False,,
8653,osm,way/1177624403,69,도봉산,,0.084,,1.5,1.1,토사,False,,
8654,osm,way/1177624403,69,도봉산,,0.029,,0.5,0.4,토사,False,,
8655,osm,way/1177624404,69,도봉산,무수골 매표소-원통사 2Km 1:007,0.025,,0.4,0.3,토사,False,,
8656,osm,way/1177624404,69,도봉산,무수골 매표소-원통사 2Km 1:007,0.04,,0.7,0.5,토사,False,,
8657,osm,way/1177624404,69,도봉산,무수골 매표소-원통사 2Km 1:007,0.123,,2.2,1.5,토사,False,,
8658,osm,way/1177624404,69,도봉산,무수골 매표소-원통사 2Km 1:007,0.017,,0.3,0.2,토사,False,,
8659,osm,way/1177624404,69,도봉산,무수골 매표소-원통사 2Km 1:007,0.04,,0.7,0.5,토사,False,,
8660,osm,way/1177624405,69,도봉산,,0.012,,0.2,0.1,토사,False,,
8661,osm,way/1177624405,69,도봉산,,0.088,,1.5,1.1,토사,False,,
8662,osm,way/1177624405,69,도봉산,,0.032,,0.6,0.4,토사,False,,
8663,osm,way/1177624406,69,도봉산,,0.061,,1.1,0.8,토사,False,,
8664,osm,way/1177624406,69,도봉산,,0.008,,0.1,0.1,토사,False,,
8665,osm,way/1177624407,69,도봉산,,0.019,,0.3,0.2,,False,,
8666,osm,way/1177624408,69,도봉산,,0.017,,0.3,0.2,,False,,
8667,osm,way/1177624409,69,도봉산,,0.139,,2.4,1.7,토사,False,,
8668,osm,way/1177624410,69,도봉산,,0.133,,2.3,1.7,,False,,
8669,osm,way/1177624411,69,도봉산,,0.254,,4.4,3.2,,False,,
8670,osm,way/1177624412,69,도봉산,,0.44,,7.7,5.5,토사,False,,
8671,osm,way/1177624412,69,도봉산,,0.147,,2.6,1.8,토사,False,,
8672,osm,way/1177624414,69,도봉산,,0.231,,4.0,2.9,토사,False,,
8673,osm,way/1177624415,69,도봉산,,0.221,,3.9,2.8,토사,False,,
8674,osm,way/1177624416,69,도봉산,신선대,0.002,,0.0,0.0,metal,False,,
8675,osm,way/1177624416,69,도봉산,신선대,0.031,,0.5,0.4,metal,False,,
8676,osm,way/1177624416,69,도봉산,신선대,0.012,,0.2,0.1,metal,False,,
8677,osm,way/1185897114,69,도봉산,,0.032,,0.6,0.4,토사,False,,
8678,osm,way/1185897115,69,도봉산,,0.201,,3.5,2.5,토사,False,,
8679,osm,way/1185897119,69,도봉산,,1.16,,20.3,14.5,토사,False,,
8680,osm,way/1185897124,69,도봉산,,1.342,,23.5,16.8,토사,False,,
8681,osm,way/1185897126,69,도봉산,[북한산둘레길] 16구간 보루길,0.309,,5.4,3.9,토사,False,,
8682,osm,way/1185897126,69,도봉산,[북한산둘레길] 16구간 보루길,0.602,,10.5,7.5,토사,False,,
8683,osm,way/1185897130,69,도봉산,,0.11,,1.9,1.4,토사,False,,
8684,osm,way/1185897131,69,도봉산,,0.019,,0.3,0.2,토사,False,,
8685,osm,way/1185897131,69,도봉산,,0.006,,0.1,0.1,토사,False,,
8686,osm,way/1185897132,69,도봉산,,0.017,,0.3,0.2,토사,False,,
8687,osm,way/1185897132,69,도봉산,,0.047,,0.8,0.6,토사,False,,
8688,osm,way/1185897133,69,도봉산,,0.218,,3.8,2.7,토사,False,,
8689,osm,way/1185897134,69,도봉산,,0.021,,0.4,0.3,,False,,
8690,osm,way/1185897135,69,도봉산,,0.256,,4.5,3.2,토사,False,,
8691,osm,way/1185897138,69,도봉산,,1.359,,23.8,17.0,토사,False,,
8692,osm,way/1185897139,69,도봉산,,1.324,,23.2,16.6,토사,False,,
8693,osm,way/1189551592,69,도봉산,,0.331,,5.8,4.1,,False,,
8694,osm,way/1196334802,69,도봉산,[북한산둘레길] 21구간 우이령길,0.302,,5.3,3.8,토사,False,,
8695,osm,way/1196334802,69,도봉산,[북한산둘레길] 21구간 우이령길,0.226,,3.9,2.8,토사,False,,
8696,osm,way/1196334802,69,도봉산,[북한산둘레길] 21구간 우이령길,0.138,,2.4,1.7,토사,False,,
8697,osm,way/1226890803,69,도봉산,,0.062,,1.1,0.8,,False,,
8698,osm,way/1226895742,69,도봉산,,0.018,,0.3,0.2,,False,,
8699,osm,way/1226895743,69,도봉산,,0.006,,0.1,0.1,,False,,
8700,osm,way/1226895744,69,도봉산,,0.008,,0.1,0.1,,False,,
8701,osm,way/1227050701,69,도봉산,,0.005,,0.1,0.1,,False,,
8702,osm,way/1227050702,69,도봉산,,0.067,,1.2,0.8,,False,,
8703,osm,way/1227050704,69,도봉산,,0.055,,1.0,0.7,,False,,
8704,osm,way/1227050705,69,도봉산,,0.012,,0.2,0.1,,False,,
8705,osm,way/1227050705,69,도봉산,,0.013,,0.2,0.2,,False,,
8706,osm,way/1227050706,69,도봉산,,0.018,,0.3,0.2,,False,,
8707,osm,way/1227476615,69,도봉산,,0.033,,0.6,0.4,,False,,
8708,osm,way/1227478074,69,도봉산,,0.13,,2.3,1.6,,False,,
8709,osm,way/1227513473,69,도봉산,,0.037,,0.7,0.5,,False,,
8710,osm,way/1271908930,69,도봉산,[북한산둘레길] 12구간 - 충의길,0.195,,3.4,2.4,토사,False,,
8711,osm,way/1271908931,69,도봉산,,0.118,,2.1,1.5,토사,False,,
8712,osm,way/1271908931,69,도봉산,,0.51,,8.9,6.4,토사,False,,
8713,osm,way/1271908931,69,도봉산,,0.681,,11.9,8.5,토사,False,,
8714,osm,way/1271908932,69,도봉산,,1.944,,34.0,24.3,토사,False,,
8715,osm,way/1271908933,69,도봉산,[북한산둘레길] 21구간 우이령길,0.037,,0.6,0.5,토사,False,,
8716,osm,way/1271908934,69,도봉산,[북한산둘레길] 21구간 우이령길,0.114,,2.0,1.4,토사,False,,
8717,osm,way/1271908934,69,도봉산,[북한산둘레길] 21구간 우이령길,0.007,,0.1,0.1,토사,False,,
8718,osm,way/1271908935,69,도봉산,,0.031,,0.6,0.4,,False,,
8719,osm,way/1271908936,69,도봉산,,0.079,,1.4,1.0,,False,,
8720,osm,way/1271908936,69,도봉산,,0.125,,2.2,1.6,,False,,
8721,osm,way/1271908936,69,도봉산,,0.082,,1.4,1.0,,False,,
8722,osm,way/1271908937,69,도봉산,신선대,0.003,,0.1,0.0,metal,False,,
8723,osm,way/1271908938,69,도봉산,,0.037,,0.6,0.5,,False,,
8724,osm,way/1271908939,69,도봉산,0.4Km 00:13,0.015,,0.3,0.2,,False,,
8725,osm,way/1271908940,69,도봉산,,0.049,,0.9,0.6,,False,,
8726,osm,way/1273319754,69,도봉산,북한산둘레길 19구간 방학동길,0.008,,0.1,0.1,토사,False,,
8727,osm,way/1273319754,69,도봉산,북한산둘레길 19구간 방학동길,0.051,,0.9,0.6,토사,False,,
8728,osm,way/1273319756,69,도봉산,,0.041,,0.7,0.5,,False,,
8729,osm,way/1273319759,69,도봉산,북한산둘레길 19구간 방학동길,0.015,,0.3,0.2,목재,False,,
8730,osm,way/1273319763,69,도봉산,,0.006,,0.1,0.1,,False,,
8731,osm,way/1273319764,69,도봉산,,0.041,,0.7,0.5,,False,,
8732,osm,way/1273319765,69,도봉산,북한산둘레길 18구간 도봉옛길,0.019,,0.3,0.2,목재,False,,
8733,osm,way/1273319766,69,도봉산,,0.003,,0.0,0.0,,False,,
8734,osm,way/1273319767,69,도봉산,북한산둘레길 19구간 방학동길,0.051,,0.9,0.6,목재,False,,
8735,osm,way/1273319768,69,도봉산,북한산둘레길 19구간 방학동길,0.167,,2.9,2.1,토사,False,,
8736,osm,way/1273319768,69,도봉산,북한산둘레길 19구간 방학동길,0.165,,2.9,2.1,토사,False,,
8737,osm,way/1273319769,69,도봉산,북한산둘레길 19구간 방학동길,0.008,,0.1,0.1,목재,False,,
8738,osm,way/1273319772,69,도봉산,북한산둘레길 18구간 도봉옛길,0.108,,1.9,1.3,토사,False,,
8739,osm,way/1273319773,69,도봉산,북한산둘레길 19구간 방학동길,0.005,,0.1,0.1,토사,False,,
8740,osm,way/1273319774,69,도봉산,북한산둘레길 19구간 방학동길,0.014,,0.2,0.2,토사,False,,
8741,osm,way/1273319775,69,도봉산,,0.009,,0.2,0.1,,False,,
8742,osm,way/1273319775,69,도봉산,,0.003,,0.1,0.0,,False,,
8743,osm,way/1273319775,69,도봉산,,0.003,,0.1,0.0,,False,,
8744,osm,way/1273319776,69,도봉산,북한산둘레길 19구간 방학동길,0.021,,0.4,0.3,토사,False,,
8745,osm,way/1273319777,69,도봉산,,0.059,,1.0,0.7,,False,,
8746,osm,way/1273319778,69,도봉산,북한산둘레길 19구간 방학동길,0.014,,0.2,0.2,목재,False,,
8747,osm,way/1273319781,69,도봉산,,0.087,,1.5,1.1,,False,,
8748,osm,way/1273319783,69,도봉산,북한산둘레길 19구간 방학동길,0.015,,0.3,0.2,토사,False,,
8749,osm,way/1273319784,69,도봉산,북한산둘레길 18구간 도봉옛길,0.023,,0.4,0.3,토사,False,,
8750,osm,way/1273319784,69,도봉산,북한산둘레길 18구간 도봉옛길,0.004,,0.1,0.1,토사,False,,
8751,osm,way/1273319785,69,도봉산,북한산둘레길 19구간 방학동길,0.022,,0.4,0.3,토사,False,,
8752,osm,way/1273319787,69,도봉산,북한산둘레길 19구간 방학동길,0.009,,0.2,0.1,토사,False,,
8753,osm,way/1273319789,69,도봉산,북한산둘레길 19구간 방학동길,0.022,,0.4,0.3,토사,False,,
8754,osm,way/1273319791,69,도봉산,,0.015,,0.3,0.2,,False,,
8755,osm,way/1273319791,69,도봉산,,0.022,,0.4,0.3,,False,,
8756,osm,way/1273319792,69,도봉산,,0.06,,1.0,0.7,,False,,
8757,osm,way/1273319794,69,도봉산,북한산둘레길 19구간 방학동길,0.064,,1.1,0.8,토사,False,,
8758,osm,way/1273319795,69,도봉산,북한산둘레길 19구간 방학동길,0.02,,0.4,0.3,토사,False,,
8759,osm,way/1273319796,69,도봉산,,0.042,,0.7,0.5,,False,,
8760,osm,way/1273319798,69,도봉산,북한산둘레길 19구간 방학동길,0.005,,0.1,0.1,토사,False,,
8761,osm,way/1273319801,69,도봉산,북한산둘레길 18구간 도봉옛길,0.085,,1.5,1.1,토사,False,,
8762,osm,way/1273319801,69,도봉산,북한산둘레길 18구간 도봉옛길,0.162,,2.8,2.0,토사,False,,
8763,osm,way/1273319803,69,도봉산,북한산둘레길 19구간 방학동길,0.019,,0.3,0.2,목재,False,,
8764,osm,way/1273319804,69,도봉산,,0.003,,0.1,0.0,,False,,
8765,osm,way/1273319804,69,도봉산,,0.005,,0.1,0.1,,False,,
8766,osm,way/1273319806,69,도봉산,,0.071,,1.2,0.9,,False,,
8767,osm,way/1273319808,69,도봉산,북한산둘레길 19구간 방학동길,0.101,,1.8,1.3,토사,False,,
8768,osm,way/1273319809,69,도봉산,,0.034,,0.6,0.4,,False,,
8769,osm,way/1273319809,69,도봉산,,0.02,,0.3,0.2,,False,,
8770,osm,way/1273319811,69,도봉산,,0.023,,0.4,0.3,,False,,
8771,osm,way/1273319812,69,도봉산,북한산둘레길 19구간 방학동길,0.054,,1.0,0.7,토사,False,,
8772,osm,way/1273319812,69,도봉산,북한산둘레길 19구간 방학동길,0.019,,0.3,0.2,토사,False,,
8773,osm,way/1273319813,69,도봉산,북한산둘레길 19구간 방학동길,0.015,,0.3,0.2,토사,False,,
8774,osm,way/1273319814,69,도봉산,북한산둘레길 19구간 방학동길,0.01,,0.2,0.1,토사,False,,
8775,osm,way/1273319815,69,도봉산,북한산둘레길 19구간 방학동길,0.037,,0.6,0.5,토사,False,,
8776,osm,way/1273319817,69,도봉산,북한산둘레길 19구간 방학동길,0.017,,0.3,0.2,목재,False,,
8777,osm,way/1273319819,69,도봉산,북한산둘레길 19구간 방학동길,0.02,,0.3,0.2,목재,False,,
8778,osm,way/1273319820,69,도봉산,북한산둘레길 19구간 방학동길,0.016,,0.3,0.2,토사,False,,
8779,osm,way/1273319821,69,도봉산,북한산둘레길 19구간 방학동길,0.015,,0.3,0.2,토사,False,,
8780,osm,way/1273319822,69,도봉산,,0.035,,0.6,0.4,,False,,
8781,osm,way/1273319823,69,도봉산,북한산둘레길 19구간 방학동길,0.032,,0.6,0.4,토사,False,,
8782,osm,way/1273319824,69,도봉산,,0.002,,0.0,0.0,,False,,
8783,osm,way/1273319824,69,도봉산,,0.013,,0.2,0.2,,False,,
8784,osm,way/1273319825,69,도봉산,,0.029,,0.5,0.4,,False,,
8785,osm,way/1273319826,69,도봉산,북한산둘레길 19구간 방학동길,0.03,,0.5,0.4,토사,False,,
8786,osm,way/1273319829,69,도봉산,북한산둘레길 19구간 방학동길,0.048,,0.8,0.6,토사,False,,
8787,osm,way/1273319830,69,도봉산,,0.061,,1.1,0.8,,False,,
8788,osm,way/1273319833,69,도봉산,,0.003,,0.0,0.0,,False,,
8789,osm,way/1273319834,69,도봉산,북한산둘레길 19구간 방학동길,0.29,,5.1,3.6,토사,False,,
8790,osm,way/1273319834,69,도봉산,북한산둘레길 19구간 방학동길,0.046,,0.8,0.6,토사,False,,
8791,osm,way/1273319834,69,도봉산,북한산둘레길 19구간 방학동길,0.129,,2.3,1.6,토사,False,,
8792,osm,way/1273319834,69,도봉산,북한산둘레길 19구간 방학동길,0.055,,1.0,0.7,토사,False,,
8793,osm,way/1273319835,69,도봉산,북한산둘레길 19구간 방학동길,0.009,,0.2,0.1,토사,False,,
8794,osm,way/1273319835,69,도봉산,북한산둘레길 19구간 방학동길,0.067,,1.2,0.8,토사,False,,
8795,osm,way/1273319835,69,도봉산,북한산둘레길 19구간 방학동길,0.056,,1.0,0.7,토사,False,,
8796,osm,way/1273319835,69,도봉산,북한산둘레길 19구간 방학동길,0.018,,0.3,0.2,토사,False,,
8797,osm,way/1273319835,69,도봉산,북한산둘레길 19구간 방학동길,0.05,,0.9,0.6,토사,False,,
8798,osm,way/1273319836,69,도봉산,,0.008,,0.1,0.1,,False,,
8799,osm,way/1273319836,69,도봉산,,0.022,,0.4,0.3,,False,,
8800,osm,way/1273319838,69,도봉산,북한산둘레길 19구간 방학동길,0.005,,0.1,0.1,토사,False,,
8801,osm,way/1273319839,69,도봉산,북한산둘레길 19구간 방학동길,0.006,,0.1,0.1,토사,False,,
8802,osm,way/1273319840,69,도봉산,북한산둘레길 19구간 방학동길,0.011,,0.2,0.1,목재,False,,
8803,osm,way/1273319843,69,도봉산,,0.043,,0.8,0.5,,False,,
8804,osm,way/1273319846,69,도봉산,북한산둘레길 19구간 방학동길,0.008,,0.1,0.1,목재,False,,
8805,osm,way/1273319847,69,도봉산,북한산둘레길 19구간 방학동길,0.007,,0.1,0.1,토사,False,,
8806,osm,way/1273319848,69,도봉산,,0.006,,0.1,0.1,,False,,
8807,osm,way/1273319852,69,도봉산,북한산둘레길 19구간 방학동길,0.01,,0.2,0.1,토사,False,,
8808,osm,way/1273319856,69,도봉산,북한산둘레길 18구간 도봉옛길,0.057,,1.0,0.7,목재,False,,
8809,osm,way/1273319859,69,도봉산,북한산둘레길 18구간 도봉옛길,0.024,,0.4,0.3,목재,False,,
8810,osm,way/1273319860,69,도봉산,북한산둘레길 19구간 방학동길,0.012,,0.2,0.2,토사,False,,
8811,osm,way/1273319861,69,도봉산,북한산둘레길 19구간 방학동길,0.018,,0.3,0.2,토사,False,,
8812,osm,way/1273319864,69,도봉산,북한산둘레길 19구간 방학동길,0.005,,0.1,0.1,토사,False,,
8813,osm,way/1273319865,69,도봉산,,0.502,,8.8,6.3,토사,False,,
8814,osm,way/1273319865,69,도봉산,,0.87,,15.2,10.9,토사,False,,
8815,osm,way/1273319866,69,도봉산,북한산둘레길 19구간 방학동길,0.033,,0.6,0.4,토사,False,,
8816,osm,way/1273319866,69,도봉산,북한산둘레길 19구간 방학동길,0.015,,0.3,0.2,토사,False,,
8817,osm,way/1273319869,69,도봉산,북한산둘레길 19구간 방학동길,0.024,,0.4,0.3,토사,False,,
8818,osm,way/1273319869,69,도봉산,북한산둘레길 19구간 방학동길,0.009,,0.2,0.1,토사,False,,
8819,osm,way/1273319873,69,도봉산,북한산둘레길 19구간 방학동길,0.03,,0.5,0.4,토사,False,,
8820,osm,way/1273319875,69,도봉산,북한산둘레길 19구간 방학동길,0.019,,0.3,0.2,토사,False,,
8821,osm,way/1273319877,69,도봉산,,0.006,,0.1,0.1,,False,,
8822,osm,way/1273319879,69,도봉산,북한산둘레길 18구간 도봉옛길,0.007,,0.1,0.1,토사,False,,
8823,osm,way/1273319881,69,도봉산,,0.015,,0.3,0.2,,False,,
8824,osm,way/1273319882,69,도봉산,북한산둘레길 19구간 방학동길,0.023,,0.4,0.3,토사,False,,
8825,osm,way/1273319884,69,도봉산,북한산둘레길 19구간 방학동길,0.013,,0.2,0.2,토사,False,,
8826,osm,way/1273319888,69,도봉산,북한산둘레길 19구간 방학동길,0.003,,0.1,0.0,목재,False,,
8827,osm,way/1273319891,69,도봉산,,0.077,,1.3,1.0,,False,,
8828,osm,way/1273319892,69,도봉산,북한산둘레길 19구간 방학동길,0.03,,0.5,0.4,토사,False,,
8829,osm,way/1273319894,69,도봉산,북한산둘레길 19구간 방학동길,0.038,,0.7,0.5,목재,False,,
8830,osm,way/1273319897,69,도봉산,북한산둘레길 18코스 도봉옛길 (무장애 탐방구간),0.068,,1.2,0.8,목재,False,,
8831,osm,way/1273319898,69,도봉산,북한산둘레길 19구간 방학동길,0.02,,0.4,0.3,목재,False,,
8832,osm,way/1273319899,69,도봉산,북한산둘레길 19구간 방학동길,0.031,,0.5,0.4,토사,False,,
8833,osm,way/1273977751,69,도봉산,,0.005,,0.1,0.1,,False,,
8834,osm,way/1273977752,69,도봉산,,0.058,,1.0,0.7,포장,False,,
8835,osm,way/1273977753,69,도봉산,,0.006,,0.1,0.1,,False,,
8836,osm,way/1273977754,69,도봉산,,0.021,,0.4,0.3,토사,False,,
8837,osm,way/1273977755,69,도봉산,,0.029,,0.5,0.4,토사,False,,
8838,osm,way/1273977755,69,도봉산,,0.074,,1.3,0.9,토사,False,,
8839,osm,way/1273977756,69,도봉산,,0.019,,0.3,0.2,토사,False,,
8840,osm,way/1273977757,69,도봉산,,0.065,,1.1,0.8,토사,False,,
8841,osm,way/1273977757,69,도봉산,,0.117,,2.1,1.5,토사,False,,
8842,osm,way/1273977757,69,도봉산,,0.029,,0.5,0.4,토사,False,,
8843,osm,way/1273977758,69,도봉산,,0.017,,0.3,0.2,,False,,
8844,osm,way/1273977759,69,도봉산,,0.032,,0.6,0.4,,False,,
8845,osm,way/1273977760,69,도봉산,,0.017,,0.3,0.2,,False,,
8846,osm,way/1273977760,69,도봉산,,0.052,,0.9,0.7,,False,,
8847,osm,way/1273977761,69,도봉산,,0.035,,0.6,0.4,,False,,
8848,osm,way/1273977762,69,도봉산,,0.024,,0.4,0.3,,False,,
8849,osm,way/1273977763,69,도봉산,,0.171,,3.0,2.1,,False,,
8850,osm,way/1273977764,69,도봉산,,0.219,,3.8,2.7,,False,,
8851,osm,way/1273977765,69,도봉산,,0.125,,2.2,1.6,,False,,
8852,osm,way/1273977765,69,도봉산,,0.457,,8.0,5.7,,False,,
8853,osm,way/1273977765,69,도봉산,,0.077,,1.3,1.0,,False,,
8854,osm,way/1273977765,69,도봉산,,0.339,,5.9,4.2,,False,,
8855,osm,way/1273977766,69,도봉산,,0.037,,0.6,0.5,,False,,
8856,osm,way/1273977767,69,도봉산,,0.016,,0.3,0.2,토사,False,,
8857,osm,way/1273977768,69,도봉산,,0.12,,2.1,1.5,,False,,
8858,osm,way/1273977769,69,도봉산,,0.029,,0.5,0.4,토사,False,,
8859,osm,way/1273977770,69,도봉산,,0.037,,0.6,0.5,토사,False,,
8860,osm,way/1273977771,69,도봉산,,0.048,,0.8,0.6,토사,False,,
8861,osm,way/1273981170,69,도봉산,,0.02,,0.4,0.3,,False,,
8862,osm,way/1273981171,69,도봉산,,0.028,,0.5,0.3,,False,,
8863,osm,way/1273981171,69,도봉산,,0.103,,1.8,1.3,,False,,
8864,osm,way/1273981172,69,도봉산,,0.063,,1.1,0.8,,False,,
8865,osm,way/1273981173,69,도봉산,,0.03,,0.5,0.4,,False,,
8866,osm,way/1273981174,69,도봉산,,0.005,,0.1,0.1,,False,,
8867,osm,way/1273981175,69,도봉산,,0.052,,0.9,0.7,,False,,
8868,osm,way/1273981176,69,도봉산,,0.028,,0.5,0.4,토사,False,,
8869,osm,way/1273981176,69,도봉산,,0.011,,0.2,0.1,토사,False,,
8870,osm,way/1273981176,69,도봉산,,0.02,,0.3,0.2,토사,False,,
8871,osm,way/1273981177,69,도봉산,,0.017,,0.3,0.2,토사,False,,
8872,osm,way/1273981177,69,도봉산,,0.079,,1.4,1.0,토사,False,,
8873,osm,way/1273981245,69,도봉산,,0.016,,0.3,0.2,,False,,
8874,osm,way/1273981246,69,도봉산,,0.037,,0.7,0.5,,False,,
8875,osm,way/1274340702,69,도봉산,,0.005,,0.1,0.1,,False,,
8876,osm,way/1274340703,69,도봉산,,0.004,,0.1,0.0,,False,,
8877,osm,way/1393434099,69,도봉산,,0.111,,1.9,1.4,,False,,
8878,osm,way/1393434100,69,도봉산,0.6Km 00:20,0.009,,0.2,0.1,토사,False,,
8879,osm,way/1393434101,69,도봉산,0.6Km 00:20,0.029,,0.5,0.4,토사,False,,
8880,osm,way/1393434101,69,도봉산,0.6Km 00:20,0.027,,0.5,0.3,토사,False,,
8881,osm,way/1393434102,69,도봉산,,0.015,,0.3,0.2,토사,False,,
8882,osm,way/1393434104,69,도봉산,극락교,0.011,,0.2,0.1,,False,,
8883,osm,way/1393434115,69,도봉산,,0.041,,0.7,0.5,,False,,
8884,osm,way/1393434117,69,도봉산,,0.016,,0.3,0.2,,False,,
8885,osm,way/1393434119,69,도봉산,,0.018,,0.3,0.2,토사,False,,
8886,osm,way/1393434120,69,도봉산,,0.011,,0.2,0.1,토사,False,,
8887,osm,way/1393434120,69,도봉산,,0.039,,0.7,0.5,토사,False,,
8888,osm,way/1393434129,69,도봉산,1.4Km 00:48,0.012,,0.2,0.2,,False,,
8889,osm,way/1393434130,69,도봉산,1.4Km 00:48,0.024,,0.4,0.3,,False,,
8890,osm,way/1393434131,69,도봉산,1.4Km 00:48,0.011,,0.2,0.1,,False,,
8891,osm,way/1393434132,69,도봉산,1.4Km 00:48,0.36,,6.3,4.5,,False,,
8892,osm,way/1393434133,69,도봉산,천중교,0.016,,0.3,0.2,,False,,
8893,osm,way/1393434134,69,도봉산,1.4Km 00:48,0.194,,3.4,2.4,,False,,
8894,osm,way/1393434135,69,도봉산,중생교,0.011,,0.2,0.1,,False,,
8895,osm,way/1393434136,69,도봉산,1.4Km 00:48,0.328,,5.7,4.1,,False,,
8896,osm,way/1408682192,69,도봉산,,0.6,,10.5,7.5,,False,,
8897,osm,way/1449539402,69,도봉산,,0.024,,0.4,0.3,,False,,
8898,osm,way/1449539403,69,도봉산,,0.008,,0.1,0.1,,False,,
8899,osm,way/1449539413,69,도봉산,,0.022,,0.4,0.3,,False,,
8900,osm,way/1449539414,69,도봉산,,0.045,,0.8,0.6,,False,,
8901,osm,way/1449539418,69,도봉산,,0.193,,3.4,2.4,,False,,
8902,osm,way/1449539419,69,도봉산,육목교,0.014,,0.2,0.2,,False,,
8903,osm,way/1449539421,69,도봉산,,0.012,,0.2,0.1,,False,,
8904,osm,way/1449539422,69,도봉산,,0.061,,1.1,0.8,,False,,
8905,osm,way/1449539423,69,도봉산,,0.014,,0.2,0.2,,False,,
8906,osm,way/1449539424,69,도봉산,,0.306,,5.3,3.8,,False,,
8907,osm,way/1449539425,69,도봉산,,0.011,,0.2,0.1,,False,,
8908,osm,way/1449539426,69,도봉산,,0.015,,0.3,0.2,,False,,
8909,osm,way/1449539427,69,도봉산,,0.013,,0.2,0.2,,False,,
8910,osm,way/37750986,72,오봉산 (양주),,0.038,,0.7,0.5,,False,,
8911,osm,way/104368367,72,오봉산 (양주),1.4Km 00:48,0.411,,7.2,5.1,,False,,
8912,osm,way/104368367,72,오봉산 (양주),1.4Km 00:48,0.074,,1.3,0.9,,False,,
8913,osm,way/121993701,72,오봉산 (양주),0.2Km 00:08,0.027,,0.5,0.3,토사,False,,
8914,osm,way/121993701,72,오봉산 (양주),0.2Km 00:08,0.261,,4.6,3.3,토사,False,,
8915,osm,way/121993703,72,오봉산 (양주),,0.173,,3.0,2.2,,False,,
8916,osm,way/121993703,72,오봉산 (양주),,0.058,,1.0,0.7,,False,,
8917,osm,way/121993703,72,오봉산 (양주),,0.482,,8.4,6.0,,False,,
8918,osm,way/121993703,72,오봉산 (양주),,0.068,,1.2,0.9,,False,,
8919,osm,way/374756947,72,오봉산 (양주),,0.035,,0.6,0.4,,False,,
8920,osm,way/374757070,72,오봉산 (양주),,0.2,,3.5,2.5,,False,,
8921,osm,way/377023748,72,오봉산 (양주),0.3Km 00:09,0.022,,0.4,0.3,,False,,
8922,osm,way/377023748,72,오봉산 (양주),0.3Km 00:09,0.244,,4.3,3.0,,False,,
8923,osm,way/377023749,72,오봉산 (양주),0.5Km 00:15,0.351,,6.1,4.4,토사,False,,
8924,osm,way/377024822,72,오봉산 (양주),0.7Km 00:27,0.361,,6.3,4.5,,False,,
8925,osm,way/377024822,72,오봉산 (양주),0.7Km 00:27,0.416,,7.3,5.2,,False,,
8926,osm,way/377024823,72,오봉산 (양주),0.5Km 00:16,0.29,,5.1,3.6,,False,,
8927,osm,way/377024823,72,오봉산 (양주),0.5Km 00:16,0.074,,1.3,0.9,,False,,
8928,osm,way/377024823,72,오봉산 (양주),0.5Km 00:16,0.107,,1.9,1.3,,False,,
8929,osm,way/377024830,72,오봉산 (양주),0.4Km 00:12,0.219,,3.8,2.7,,False,,
8930,osm,way/377024830,72,오봉산 (양주),0.4Km 00:12,0.169,,2.9,2.1,,False,,
8931,osm,way/377030268,72,오봉산 (양주),0.6Km 00:20,0.258,,4.5,3.2,토사,False,,
8932,osm,way/377030268,72,오봉산 (양주),0.6Km 00:20,0.265,,4.6,3.3,토사,False,,
8933,osm,way/377030269,72,오봉산 (양주),0.8Km 00:28,0.023,,0.4,0.3,토사,False,,
8934,osm,way/377030269,72,오봉산 (양주),0.8Km 00:28,0.132,,2.3,1.7,토사,False,,
8935,osm,way/377030269,72,오봉산 (양주),0.8Km 00:28,0.497,,8.7,6.2,토사,False,,
8936,osm,way/377030269,72,오봉산 (양주),0.8Km 00:28,0.239,,4.2,3.0,토사,False,,
8937,osm,way/377030270,72,오봉산 (양주),0.3Km 00:11,0.302,,5.3,3.8,토사,False,,
8938,osm,way/377030270,72,오봉산 (양주),0.3Km 00:11,0.021,,0.4,0.3,토사,False,,
8939,osm,way/377030271,72,오봉산 (양주),0.8Km 00:27,0.27,,4.7,3.4,,False,,
8940,osm,way/377030271,72,오봉산 (양주),0.8Km 00:27,0.094,,1.6,1.2,,False,,
8941,osm,way/377030271,72,오봉산 (양주),0.8Km 00:27,0.448,,7.8,5.6,,False,,
8942,osm,way/377030272,72,오봉산 (양주),0.5Km 00:18,0.125,,2.2,1.6,토사,False,,
8943,osm,way/377030272,72,오봉산 (양주),0.5Km 00:18,0.112,,2.0,1.4,토사,False,,
8944,osm,way/377030272,72,오봉산 (양주),0.5Km 00:18,0.229,,4.0,2.9,토사,False,,
8945,osm,way/377030272,72,오봉산 (양주),0.5Km 00:18,0.066,,1.1,0.8,토사,False,,
8946,osm,way/377031238,72,오봉산 (양주),,0.016,,0.3,0.2,,False,,
8947,osm,way/377031238,72,오봉산 (양주),,0.541,,9.5,6.8,,False,,
8948,osm,way/377031238,72,오봉산 (양주),,0.08,,1.4,1.0,,False,,
8949,osm,way/377031238,72,오봉산 (양주),,0.419,,7.3,5.2,,False,,
8950,osm,way/377031238,72,오봉산 (양주),,0.002,,0.0,0.0,,False,,
8951,osm,way/377031238,72,오봉산 (양주),,0.051,,0.9,0.6,,False,,
8952,osm,way/377031240,72,오봉산 (양주),,0.399,,7.0,5.0,,False,,
8953,osm,way/377032236,72,오봉산 (양주),0.4Km 00:14,0.138,,2.4,1.7,,False,,
8954,osm,way/377032236,72,오봉산 (양주),0.4Km 00:14,0.282,,4.9,3.5,,False,,
8955,osm,way/377032237,72,오봉산 (양주),,0.437,,7.7,5.5,,False,,
8956,osm,way/377032237,72,오봉산 (양주),,0.492,,8.6,6.1,,False,,
8957,osm,way/377032237,72,오봉산 (양주),,0.175,,3.1,2.2,,False,,
8958,osm,way/377032237,72,오봉산 (양주),,0.101,,1.8,1.3,,False,,
8959,osm,way/377032237,72,오봉산 (양주),,0.032,,0.6,0.4,,False,,
8960,osm,way/377035622,72,오봉산 (양주),1.1Km 00:27,0.867,,15.2,10.8,,False,,
8961,osm,way/377036179,72,오봉산 (양주),0.7Km 00:23,0.404,,7.1,5.1,,False,,
8962,osm,way/377036179,72,오봉산 (양주),0.7Km 00:23,0.274,,4.8,3.4,,False,,
8963,osm,way/377036725,72,오봉산 (양주),0.4Km 00:13,0.089,,1.6,1.1,,False,,
8964,osm,way/377036725,72,오봉산 (양주),0.4Km 00:13,0.011,,0.2,0.1,,False,,
8965,osm,way/377036725,72,오봉산 (양주),0.4Km 00:13,0.278,,4.9,3.5,,False,,
8966,osm,way/377036725,72,오봉산 (양주),0.4Km 00:13,0.01,,0.2,0.1,,False,,
8967,osm,way/377036727,72,오봉산 (양주),,0.128,,2.2,1.6,,False,,
8968,osm,way/377036727,72,오봉산 (양주),,0.336,,5.9,4.2,,False,,
8969,osm,way/377036727,72,오봉산 (양주),,0.13,,2.3,1.6,,False,,
8970,osm,way/377036727,72,오봉산 (양주),,0.494,,8.6,6.2,,False,,
8971,osm,way/377037356,72,오봉산 (양주),0.6Km 00:23,0.123,,2.1,1.5,토사,False,,
8972,osm,way/377037356,72,오봉산 (양주),0.6Km 00:23,0.099,,1.7,1.2,토사,False,,
8973,osm,way/377037356,72,오봉산 (양주),0.6Km 00:23,0.031,,0.5,0.4,토사,False,,
8974,osm,way/377037356,72,오봉산 (양주),0.6Km 00:23,0.008,,0.1,0.1,토사,False,,
8975,osm,way/377037356,72,오봉산 (양주),0.6Km 00:23,0.174,,3.0,2.2,토사,False,,
8976,osm,way/377037356,72,오봉산 (양주),0.6Km 00:23,0.222,,3.9,2.8,토사,False,,
8977,osm,way/377037356,72,오봉산 (양주),0.6Km 00:23,0.389,,6.8,4.9,토사,False,,
8978,osm,way/377037356,72,오봉산 (양주),0.6Km 00:23,0.183,,3.2,2.3,토사,False,,
8979,osm,way/377037356,72,오봉산 (양주),0.6Km 00:23,0.238,,4.2,3.0,토사,False,,
8980,osm,way/377037356,72,오봉산 (양주),0.6Km 00:23,0.065,,1.1,0.8,토사,False,,
8981,osm,way/377037356,72,오봉산 (양주),0.6Km 00:23,0.618,,10.8,7.7,토사,False,,
8982,osm,way/377037356,72,오봉산 (양주),0.6Km 00:23,0.298,,5.2,3.7,토사,False,,
8983,osm,way/377037357,72,오봉산 (양주),0.1Km 00:03,0.016,,0.3,0.2,,False,,
8984,osm,way/377037357,72,오봉산 (양주),0.1Km 00:03,0.099,,1.7,1.2,,False,,
8985,osm,way/377037967,72,오봉산 (양주),0.8Km 00:27,0.038,,0.7,0.5,,False,,
8986,osm,way/377037967,72,오봉산 (양주),0.8Km 00:27,0.07,,1.2,0.9,,False,,
8987,osm,way/377037967,72,오봉산 (양주),0.8Km 00:27,0.537,,9.4,6.7,,False,,
8988,osm,way/377037967,72,오봉산 (양주),0.8Km 00:27,0.277,,4.8,3.5,,False,,
8989,osm,way/377039736,72,오봉산 (양주),1.1Km 00:37,1.104,,19.3,13.8,,False,,
8990,osm,way/377042994,72,오봉산 (양주),0.9Km 00:29,0.761,,13.3,9.5,,False,,
8991,osm,way/377044787,72,오봉산 (양주),1.7Km 00:54,0.519,,9.1,6.5,,False,,
8992,osm,way/377044787,72,오봉산 (양주),1.7Km 00:54,0.548,,9.6,6.9,,False,,
8993,osm,way/377044787,72,오봉산 (양주),1.7Km 00:54,0.057,,1.0,0.7,,False,,
8994,osm,way/445161431,72,오봉산 (양주),,0.078,,1.4,1.0,,False,,
8995,osm,way/445172375,72,오봉산 (양주),0.5Km 00:15,0.053,,0.9,0.7,,False,,
8996,osm,way/445172376,72,오봉산 (양주),신선대,0.006,,0.1,0.1,metal,False,,
8997,osm,way/445172376,72,오봉산 (양주),신선대,0.02,,0.4,0.3,metal,False,,
8998,osm,way/445172376,72,오봉산 (양주),신선대,0.007,,0.1,0.1,metal,False,,
8999,osm,way/566960176,72,오봉산 (양주),,0.306,,5.4,3.8,,False,,
9000,osm,way/570190903,72,오봉산 (양주),와이계곡 우회길,0.132,,2.3,1.7,,False,,
9001,osm,way/570190903,72,오봉산 (양주),와이계곡 우회길,0.011,,0.2,0.1,,False,,
9002,osm,way/781442156,72,오봉산 (양주),,0.441,,7.7,5.5,,False,,
9003,osm,way/781442156,72,오봉산 (양주),,1.374,,24.1,17.2,,False,,
9004,osm,way/781442156,72,오봉산 (양주),,1.15,,20.1,14.4,,False,,
9005,osm,way/781442157,72,오봉산 (양주),,0.303,,5.3,3.8,,False,,
9006,osm,way/781442157,72,오봉산 (양주),,0.148,,2.6,1.8,,False,,
9007,osm,way/781442157,72,오봉산 (양주),,0.734,,12.9,9.2,,False,,
9008,osm,way/781442158,72,오봉산 (양주),,0.114,,2.0,1.4,,False,,
9009,osm,way/781442158,72,오봉산 (양주),,0.033,,0.6,0.4,,False,,
9010,osm,way/781442158,72,오봉산 (양주),,0.643,,11.2,8.0,,False,,
9011,osm,way/781442159,72,오봉산 (양주),,0.061,,1.1,0.8,,False,,
9012,osm,way/781442159,72,오봉산 (양주),,0.02,,0.4,0.3,,False,,
9013,osm,way/781442159,72,오봉산 (양주),,0.999,,17.5,12.5,,False,,
9014,osm,way/781442159,72,오봉산 (양주),,1.004,,17.6,12.5,,False,,
9015,osm,way/781446064,72,오봉산 (양주),,0.157,,2.8,2.0,,False,,
9016,osm,way/781446064,72,오봉산 (양주),,0.007,,0.1,0.1,,False,,
9017,osm,way/781446065,72,오봉산 (양주),,0.143,,2.5,1.8,토사,False,,
9018,osm,way/781446065,72,오봉산 (양주),,0.225,,3.9,2.8,토사,False,,
9019,osm,way/781446065,72,오봉산 (양주),,0.037,,0.7,0.5,토사,False,,
9020,osm,way/781446065,72,오봉산 (양주),,0.083,,1.5,1.0,토사,False,,
9021,osm,way/781446065,72,오봉산 (양주),,0.12,,2.1,1.5,토사,False,,
9022,osm,way/781446065,72,오봉산 (양주),,0.182,,3.2,2.3,토사,False,,
9023,osm,way/781446065,72,오봉산 (양주),,0.018,,0.3,0.2,토사,False,,
9024,osm,way/781446065,72,오봉산 (양주),,0.047,,0.8,0.6,토사,False,,
9025,osm,way/781446065,72,오봉산 (양주),,0.009,,0.2,0.1,토사,False,,
9026,osm,way/781446065,72,오봉산 (양주),,0.185,,3.2,2.3,토사,False,,
9027,osm,way/781446065,72,오봉산 (양주),,0.102,,1.8,1.3,토사,False,,
9028,osm,way/792319804,72,오봉산 (양주),석굴암길,0.695,,12.2,8.7,토사,False,,
9029,osm,way/792319805,72,오봉산 (양주),[북한산둘레길] 21구간 우이령길,1.018,,17.8,12.7,토사,False,,
9030,osm,way/809332519,72,오봉산 (양주),무수골 매표소-원통사 2Km 1:007,1.29,,22.6,16.1,토사,False,,
9031,osm,way/809332519,72,오봉산 (양주),무수골 매표소-원통사 2Km 1:007,0.153,,2.7,1.9,토사,False,,
9032,osm,way/817125746,72,오봉산 (양주),,0.004,,0.1,0.0,토사,False,,
9033,osm,way/817125746,72,오봉산 (양주),,0.006,,0.1,0.1,토사,False,,
9034,osm,way/817125746,72,오봉산 (양주),,0.116,,2.0,1.5,토사,False,,
9035,osm,way/822547109,72,오봉산 (양주),,0.336,,5.9,4.2,토사,False,,
9036,osm,way/822547109,72,오봉산 (양주),,0.322,,5.6,4.0,토사,False,,
9037,osm,way/844856709,72,오봉산 (양주),[북한산둘레길] 15구간 송추마을길,1.231,,21.5,15.4,토사,False,,
9038,osm,way/844856709,72,오봉산 (양주),[북한산둘레길] 15구간 송추마을길,0.023,,0.4,0.3,토사,False,,
9039,osm,way/846363569,72,오봉산 (양주),,0.295,,5.2,3.7,토사,False,,
9040,osm,way/846363569,72,오봉산 (양주),,0.248,,4.3,3.1,토사,False,,
9041,osm,way/846363569,72,오봉산 (양주),,0.771,,13.5,9.6,토사,False,,
9042,osm,way/846363569,72,오봉산 (양주),,0.333,,5.8,4.2,토사,False,,
9043,osm,way/847557813,72,오봉산 (양주),삼양로181길,0.172,,3.0,2.2,포장,False,,
9044,osm,way/847557814,72,오봉산 (양주),,0.013,,0.2,0.2,토사,False,,
9045,osm,way/847557815,72,오봉산 (양주),,0.02,,0.4,0.3,토사,False,,
9046,osm,way/847557816,72,오봉산 (양주),,0.726,,12.7,9.1,,False,,
9047,osm,way/847557817,72,오봉산 (양주),,0.009,,0.2,0.1,토사,False,,
9048,osm,way/847557818,72,오봉산 (양주),석굴암길,1.254,,21.9,15.7,토사,False,,
9049,osm,way/868466280,72,오봉산 (양주),도봉산장 도봉대피소,0.035,,0.6,0.4,metal,False,,
9050,osm,way/868466281,72,오봉산 (양주),도봉산장 도봉대피소,0.014,,0.2,0.2,토사,False,,
9051,osm,way/882182119,72,오봉산 (양주),도봉산장 도봉대피소,0.003,,0.1,0.0,토사,False,,
9052,osm,way/882182119,72,오봉산 (양주),도봉산장 도봉대피소,0.007,,0.1,0.1,토사,False,,
9053,osm,way/904997365,72,오봉산 (양주),석굴암길,0.24,,4.2,3.0,토사,False,,
9054,osm,way/904997365,72,오봉산 (양주),석굴암길,0.101,,1.8,1.3,토사,False,,
9055,osm,way/904997366,72,오봉산 (양주),석굴암길,0.01,,0.2,0.1,토사,False,,
9056,osm,way/993652082,72,오봉산 (양주),,0.088,,1.5,1.1,,False,,
9057,osm,way/993652082,72,오봉산 (양주),,0.07,,1.2,0.9,,False,,
9058,osm,way/993652082,72,오봉산 (양주),,0.078,,1.4,1.0,,False,,
9059,osm,way/1033103265,72,오봉산 (양주),,0.145,,2.5,1.8,unpaved,False,,
9060,osm,way/1104852637,72,오봉산 (양주),,0.386,,6.8,4.8,토사,False,,
9061,osm,way/1104852637,72,오봉산 (양주),,0.007,,0.1,0.1,토사,False,,
9062,osm,way/1104852637,72,오봉산 (양주),,0.216,,3.8,2.7,토사,False,,
9063,osm,way/1104852637,72,오봉산 (양주),,0.114,,2.0,1.4,토사,False,,
9064,osm,way/1104852638,72,오봉산 (양주),,0.125,,2.2,1.6,토사,False,,
9065,osm,way/1104852638,72,오봉산 (양주),,0.137,,2.4,1.7,토사,False,,
9066,osm,way/1104853743,72,오봉산 (양주),,0.176,,3.1,2.2,토사,False,,
9067,osm,way/1104853744,72,오봉산 (양주),,0.049,,0.9,0.6,토사,False,,
9068,osm,way/1104853744,72,오봉산 (양주),,0.032,,0.6,0.4,토사,False,,
9069,osm,way/1104853744,72,오봉산 (양주),,0.013,,0.2,0.2,토사,False,,
9070,osm,way/1104853744,72,오봉산 (양주),,0.05,,0.9,0.6,토사,False,,
9071,osm,way/1104853744,72,오봉산 (양주),,1.211,,21.2,15.1,토사,False,,
9072,osm,way/1104856595,72,오봉산 (양주),,0.316,,5.5,4.0,,False,,
9073,osm,way/1104856596,72,오봉산 (양주),,0.014,,0.2,0.2,,False,,
9074,osm,way/1104856597,72,오봉산 (양주),,0.005,,0.1,0.1,,False,,
9075,osm,way/1104856599,72,오봉산 (양주),,0.106,,1.9,1.3,,False,,
9076,osm,way/1104856599,72,오봉산 (양주),,0.222,,3.9,2.8,,False,,
9077,osm,way/1104856600,72,오봉산 (양주),,1.627,,28.5,20.3,,False,,
9078,osm,way/1104856601,72,오봉산 (양주),,0.01,,0.2,0.1,,False,,
9079,osm,way/1106534360,72,오봉산 (양주),,1.044,,18.3,13.1,토사,False,,
9080,osm,way/1106534360,72,오봉산 (양주),,0.782,,13.7,9.8,토사,False,,
9081,osm,way/1106534360,72,오봉산 (양주),,1.057,,18.5,13.2,토사,False,,
9082,osm,way/1106534361,72,오봉산 (양주),,0.068,,1.2,0.8,,False,,
9083,osm,way/1106534361,72,오봉산 (양주),,0.254,,4.4,3.2,,False,,
9084,osm,way/1106534361,72,오봉산 (양주),,0.662,,11.6,8.3,,False,,
9085,osm,way/1115227603,72,오봉산 (양주),,0.154,,2.7,1.9,,False,,
9086,osm,way/1115227604,72,오봉산 (양주),,0.029,,0.5,0.4,,False,,
9087,osm,way/1124073404,72,오봉산 (양주),,0.209,,3.7,2.6,토사,False,,
9088,osm,way/1124073404,72,오봉산 (양주),,0.379,,6.6,4.7,토사,False,,
9089,osm,way/1124073404,72,오봉산 (양주),,0.046,,0.8,0.6,토사,False,,
9090,osm,way/1124073405,72,오봉산 (양주),,0.088,,1.5,1.1,토사,False,,
9091,osm,way/1124073405,72,오봉산 (양주),,0.113,,2.0,1.4,토사,False,,
9092,osm,way/1124073406,72,오봉산 (양주),,0.751,,13.1,9.4,토사,False,,
9093,osm,way/1124073407,72,오봉산 (양주),,0.249,,4.4,3.1,토사,False,,
9094,osm,way/1124073408,72,오봉산 (양주),,0.986,,17.3,12.3,토사,False,,
9095,osm,way/1124073409,72,오봉산 (양주),,0.333,,5.8,4.2,토사,False,,
9096,osm,way/1124073414,72,오봉산 (양주),,0.118,,2.1,1.5,토사,False,,
9097,osm,way/1124073421,72,오봉산 (양주),,0.104,,1.8,1.3,토사,False,,
9098,osm,way/1124073422,72,오봉산 (양주),,0.163,,2.8,2.0,토사,False,,
9099,osm,way/1124073422,72,오봉산 (양주),,0.093,,1.6,1.2,토사,False,,
9100,osm,way/1124073423,72,오봉산 (양주),,0.386,,6.8,4.8,토사,False,,
9101,osm,way/1124073423,72,오봉산 (양주),,0.051,,0.9,0.6,토사,False,,
9102,osm,way/1124073426,72,오봉산 (양주),,0.41,,7.2,5.1,토사,False,,
9103,osm,way/1124073427,72,오봉산 (양주),,0.165,,2.9,2.1,토사,False,,
9104,osm,way/1124073428,72,오봉산 (양주),,0.149,,2.6,1.9,토사,False,,
9105,osm,way/1124073428,72,오봉산 (양주),,0.052,,0.9,0.6,토사,False,,
9106,osm,way/1124073429,72,오봉산 (양주),,0.696,,12.2,8.7,토사,False,,
9107,osm,way/1124073429,72,오봉산 (양주),,0.188,,3.3,2.4,토사,False,,
9108,osm,way/1124073431,72,오봉산 (양주),,1.081,,18.9,13.5,토사,False,,
9109,osm,way/1124073431,72,오봉산 (양주),,0.077,,1.3,1.0,토사,False,,
9110,osm,way/1124073432,72,오봉산 (양주),,0.945,,16.5,11.8,토사,False,,
9111,osm,way/1124073433,72,오봉산 (양주),,1.259,,22.0,15.7,토사,False,,
9112,osm,way/1124073434,72,오봉산 (양주),,0.844,,14.8,10.5,토사,False,,
9113,osm,way/1124073436,72,오봉산 (양주),,0.57,,10.0,7.1,토사,False,,
9114,osm,way/1124648168,72,오봉산 (양주),,0.055,,1.0,0.7,토사,False,,
9115,osm,way/1124648169,72,오봉산 (양주),,0.355,,6.2,4.4,토사,False,,
9116,osm,way/1124648170,72,오봉산 (양주),,0.559,,9.8,7.0,토사,False,,
9117,osm,way/1124648170,72,오봉산 (양주),,0.272,,4.8,3.4,토사,False,,
9118,osm,way/1124648171,72,오봉산 (양주),,0.426,,7.5,5.3,토사,False,,
9119,osm,way/1124648172,72,오봉산 (양주),,0.15,,2.6,1.9,토사,False,,
9120,osm,way/1124648173,72,오봉산 (양주),,0.199,,3.5,2.5,토사,False,,
9121,osm,way/1124648174,72,오봉산 (양주),,0.062,,1.1,0.8,토사,False,,
9122,osm,way/1125527070,72,오봉산 (양주),,0.556,,9.7,6.9,토사,False,,
9123,osm,way/1125527071,72,오봉산 (양주),,0.047,,0.8,0.6,토사,False,,
9124,osm,way/1125527071,72,오봉산 (양주),,0.026,,0.5,0.3,토사,False,,
9125,osm,way/1162958555,72,오봉산 (양주),,0.016,,0.3,0.2,토사,False,,
9126,osm,way/1177624400,72,오봉산 (양주),,0.218,,3.8,2.7,암석,False,,
9127,osm,way/1177624401,72,오봉산 (양주),,0.006,,0.1,0.1,,False,,
9128,osm,way/1177624401,72,오봉산 (양주),,0.268,,4.7,3.3,,False,,
9129,osm,way/1177624402,72,오봉산 (양주),,0.214,,3.7,2.7,토사,False,,
9130,osm,way/1177624403,72,오봉산 (양주),,0.084,,1.5,1.1,토사,False,,
9131,osm,way/1177624403,72,오봉산 (양주),,0.029,,0.5,0.4,토사,False,,
9132,osm,way/1177624404,72,오봉산 (양주),무수골 매표소-원통사 2Km 1:007,0.025,,0.4,0.3,토사,False,,
9133,osm,way/1177624404,72,오봉산 (양주),무수골 매표소-원통사 2Km 1:007,0.04,,0.7,0.5,토사,False,,
9134,osm,way/1177624404,72,오봉산 (양주),무수골 매표소-원통사 2Km 1:007,0.123,,2.2,1.5,토사,False,,
9135,osm,way/1177624404,72,오봉산 (양주),무수골 매표소-원통사 2Km 1:007,0.017,,0.3,0.2,토사,False,,
9136,osm,way/1177624404,72,오봉산 (양주),무수골 매표소-원통사 2Km 1:007,0.04,,0.7,0.5,토사,False,,
9137,osm,way/1177624405,72,오봉산 (양주),,0.012,,0.2,0.1,토사,False,,
9138,osm,way/1177624405,72,오봉산 (양주),,0.088,,1.5,1.1,토사,False,,
9139,osm,way/1177624405,72,오봉산 (양주),,0.032,,0.6,0.4,토사,False,,
9140,osm,way/1177624406,72,오봉산 (양주),,0.061,,1.1,0.8,토사,False,,
9141,osm,way/1177624406,72,오봉산 (양주),,0.008,,0.1,0.1,토사,False,,
9142,osm,way/1177624407,72,오봉산 (양주),,0.019,,0.3,0.2,,False,,
9143,osm,way/1177624408,72,오봉산 (양주),,0.017,,0.3,0.2,,False,,
9144,osm,way/1177624409,72,오봉산 (양주),,0.139,,2.4,1.7,토사,False,,
9145,osm,way/1177624410,72,오봉산 (양주),,0.133,,2.3,1.7,,False,,
9146,osm,way/1177624411,72,오봉산 (양주),,0.254,,4.4,3.2,,False,,
9147,osm,way/1177624412,72,오봉산 (양주),,0.44,,7.7,5.5,토사,False,,
9148,osm,way/1177624412,72,오봉산 (양주),,0.147,,2.6,1.8,토사,False,,
9149,osm,way/1177624414,72,오봉산 (양주),,0.231,,4.0,2.9,토사,False,,
9150,osm,way/1177624415,72,오봉산 (양주),,0.221,,3.9,2.8,토사,False,,
9151,osm,way/1177624416,72,오봉산 (양주),신선대,0.002,,0.0,0.0,metal,False,,
9152,osm,way/1177624416,72,오봉산 (양주),신선대,0.031,,0.5,0.4,metal,False,,
9153,osm,way/1177624416,72,오봉산 (양주),신선대,0.012,,0.2,0.1,metal,False,,
9154,osm,way/1185897114,72,오봉산 (양주),,0.032,,0.6,0.4,토사,False,,
9155,osm,way/1185897115,72,오봉산 (양주),,0.201,,3.5,2.5,토사,False,,
9156,osm,way/1185897138,72,오봉산 (양주),,1.359,,23.8,17.0,토사,False,,
9157,osm,way/1185897139,72,오봉산 (양주),,1.324,,23.2,16.6,토사,False,,
9158,osm,way/1189551592,72,오봉산 (양주),,0.331,,5.8,4.1,,False,,
9159,osm,way/1196334802,72,오봉산 (양주),[북한산둘레길] 21구간 우이령길,0.302,,5.3,3.8,토사,False,,
9160,osm,way/1196334802,72,오봉산 (양주),[북한산둘레길] 21구간 우이령길,0.226,,3.9,2.8,토사,False,,
9161,osm,way/1196334802,72,오봉산 (양주),[북한산둘레길] 21구간 우이령길,0.138,,2.4,1.7,토사,False,,
9162,osm,way/1226895742,72,오봉산 (양주),,0.018,,0.3,0.2,,False,,
9163,osm,way/1226895743,72,오봉산 (양주),,0.006,,0.1,0.1,,False,,
9164,osm,way/1226895744,72,오봉산 (양주),,0.008,,0.1,0.1,,False,,
9165,osm,way/1271908932,72,오봉산 (양주),,1.944,,34.0,24.3,토사,False,,
9166,osm,way/1271908933,72,오봉산 (양주),[북한산둘레길] 21구간 우이령길,0.037,,0.6,0.5,토사,False,,
9167,osm,way/1271908934,72,오봉산 (양주),[북한산둘레길] 21구간 우이령길,0.114,,2.0,1.4,토사,False,,
9168,osm,way/1271908934,72,오봉산 (양주),[북한산둘레길] 21구간 우이령길,0.007,,0.1,0.1,토사,False,,
9169,osm,way/1271908935,72,오봉산 (양주),,0.031,,0.6,0.4,,False,,
9170,osm,way/1271908936,72,오봉산 (양주),,0.079,,1.4,1.0,,False,,
9171,osm,way/1271908936,72,오봉산 (양주),,0.125,,2.2,1.6,,False,,
9172,osm,way/1271908936,72,오봉산 (양주),,0.082,,1.4,1.0,,False,,
9173,osm,way/1271908937,72,오봉산 (양주),신선대,0.003,,0.1,0.0,metal,False,,
9174,osm,way/1271908938,72,오봉산 (양주),,0.037,,0.6,0.5,,False,,
9175,osm,way/1271908939,72,오봉산 (양주),0.4Km 00:13,0.015,,0.3,0.2,,False,,
9176,osm,way/1273977762,72,오봉산 (양주),,0.024,,0.4,0.3,,False,,
9177,osm,way/1273977763,72,오봉산 (양주),,0.171,,3.0,2.1,,False,,
9178,osm,way/1273977764,72,오봉산 (양주),,0.219,,3.8,2.7,,False,,
9179,osm,way/1273977765,72,오봉산 (양주),,0.125,,2.2,1.6,,False,,
9180,osm,way/1273977765,72,오봉산 (양주),,0.457,,8.0,5.7,,False,,
9181,osm,way/1273977765,72,오봉산 (양주),,0.077,,1.3,1.0,,False,,
9182,osm,way/1273977765,72,오봉산 (양주),,0.339,,5.9,4.2,,False,,
9183,osm,way/1273977766,72,오봉산 (양주),,0.037,,0.6,0.5,,False,,
9184,osm,way/1273977767,72,오봉산 (양주),,0.016,,0.3,0.2,토사,False,,
9185,osm,way/1273977768,72,오봉산 (양주),,0.12,,2.1,1.5,,False,,
9186,osm,way/1273977769,72,오봉산 (양주),,0.029,,0.5,0.4,토사,False,,
9187,osm,way/1273977770,72,오봉산 (양주),,0.037,,0.6,0.5,토사,False,,
9188,osm,way/1273977771,72,오봉산 (양주),,0.048,,0.8,0.6,토사,False,,
9189,osm,way/1273981170,72,오봉산 (양주),,0.02,,0.4,0.3,,False,,
9190,osm,way/1273981171,72,오봉산 (양주),,0.028,,0.5,0.3,,False,,
9191,osm,way/1273981171,72,오봉산 (양주),,0.103,,1.8,1.3,,False,,
9192,osm,way/1273981172,72,오봉산 (양주),,0.063,,1.1,0.8,,False,,
9193,osm,way/1273981173,72,오봉산 (양주),,0.03,,0.5,0.4,,False,,
9194,osm,way/1273981174,72,오봉산 (양주),,0.005,,0.1,0.1,,False,,
9195,osm,way/1273981175,72,오봉산 (양주),,0.052,,0.9,0.7,,False,,
9196,osm,way/1273981176,72,오봉산 (양주),,0.028,,0.5,0.4,토사,False,,
9197,osm,way/1273981176,72,오봉산 (양주),,0.011,,0.2,0.1,토사,False,,
9198,osm,way/1273981176,72,오봉산 (양주),,0.02,,0.3,0.2,토사,False,,
9199,osm,way/1273981177,72,오봉산 (양주),,0.017,,0.3,0.2,토사,False,,
9200,osm,way/1273981177,72,오봉산 (양주),,0.079,,1.4,1.0,토사,False,,
9201,osm,way/1393434099,72,오봉산 (양주),,0.111,,1.9,1.4,,False,,
9202,osm,way/1393434100,72,오봉산 (양주),0.6Km 00:20,0.009,,0.2,0.1,토사,False,,
9203,osm,way/1393434101,72,오봉산 (양주),0.6Km 00:20,0.029,,0.5,0.4,토사,False,,
9204,osm,way/1393434101,72,오봉산 (양주),0.6Km 00:20,0.027,,0.5,0.3,토사,False,,
9205,osm,way/1393434102,72,오봉산 (양주),,0.015,,0.3,0.2,토사,False,,
9206,osm,way/1393434104,72,오봉산 (양주),극락교,0.011,,0.2,0.1,,False,,
9207,osm,way/1393434115,72,오봉산 (양주),,0.041,,0.7,0.5,,False,,
9208,osm,way/1393434117,72,오봉산 (양주),,0.016,,0.3,0.2,,False,,
9209,osm,way/1393434119,72,오봉산 (양주),,0.018,,0.3,0.2,토사,False,,
9210,osm,way/1393434120,72,오봉산 (양주),,0.011,,0.2,0.1,토사,False,,
9211,osm,way/1393434120,72,오봉산 (양주),,0.039,,0.7,0.5,토사,False,,
9212,osm,way/1393434131,72,오봉산 (양주),1.4Km 00:48,0.011,,0.2,0.1,,False,,
9213,osm,way/1393434132,72,오봉산 (양주),1.4Km 00:48,0.36,,6.3,4.5,,False,,
9214,osm,way/1449539418,72,오봉산 (양주),,0.193,,3.4,2.4,,False,,
9215,osm,way/1449539419,72,오봉산 (양주),육목교,0.014,,0.2,0.2,,False,,
9216,osm,way/1449539421,72,오봉산 (양주),,0.012,,0.2,0.1,,False,,
9217,osm,way/1449539422,72,오봉산 (양주),,0.061,,1.1,0.8,,False,,
9218,osm,way/1449539423,72,오봉산 (양주),,0.014,,0.2,0.2,,False,,
9219,osm,way/1449539424,72,오봉산 (양주),,0.306,,5.3,3.8,,False,,
9220,osm,way/1449539425,72,오봉산 (양주),,0.011,,0.2,0.1,,False,,
9221,osm,way/1449539426,72,오봉산 (양주),,0.015,,0.3,0.2,,False,,
9222,osm,way/1449539427,72,오봉산 (양주),,0.013,,0.2,0.2,,False,,
9223,osm,way/883188071,83,편전산,,1.347,,23.6,16.8,,False,,
9224,osm,way/883188071,83,편전산,,0.638,,11.2,8.0,,False,,
9225,osm,way/883188071,83,편전산,,0.556,,9.7,6.9,,False,,
9226,osm,way/883188071,83,편전산,,0.117,,2.0,1.5,,False,,
9227,osm,way/883188071,83,편전산,,0.132,,2.3,1.7,,False,,
9228,osm,way/883188071,83,편전산,,0.203,,3.6,2.5,,False,,
9229,osm,way/883188071,83,편전산,,0.032,,0.6,0.4,,False,,
9230,osm,way/883188071,83,편전산,,0.713,,12.5,8.9,,False,,
9231,osm,way/1094659211,83,편전산,,0.02,,0.4,0.3,,False,,
9232,osm,way/1094659211,83,편전산,,0.129,,2.3,1.6,,False,,
9233,osm,way/1094659211,83,편전산,,0.262,,4.6,3.3,,False,,
9234,osm,way/1094659211,83,편전산,,0.053,,0.9,0.7,,False,,
9235,osm,way/1094659211,83,편전산,,0.428,,7.5,5.3,,False,,
9236,osm,way/1094659212,83,편전산,,0.222,,3.9,2.8,,False,,
9237,osm,way/1094659212,83,편전산,,0.334,,5.8,4.2,,False,,
9238,osm,way/1094659213,83,편전산,,3.817,,66.8,47.7,,False,,
9239,osm,way/1120783693,83,편전산,,0.155,,2.7,1.9,,False,,
9240,osm,way/1120784738,83,편전산,,0.754,,13.2,9.4,,False,,
9241,osm,way/1126627294,83,편전산,,2.599,,45.5,32.5,토사,False,,
9242,osm,way/1126627294,83,편전산,,1.698,,29.7,21.2,토사,False,,
9243,osm,way/1126627295,83,편전산,,0.487,,8.5,6.1,토사,False,,
9244,osm,way/1126627295,83,편전산,,2.464,,43.1,30.8,토사,False,,
9245,osm,way/1374002621,87,황학산,,1.353,,23.7,16.9,,False,,
9246,osm,way/1374002621,87,황학산,,0.55,,9.6,6.9,,False,,
9247,osm,way/428238029,88,고대산 (경기/강원),,0.27,,4.7,3.4,,False,,
9248,osm,way/428238029,88,고대산 (경기/강원),,0.483,,8.5,6.0,,False,,
9249,osm,way/428238029,88,고대산 (경기/강원),,4.213,,73.7,52.7,,False,,
9250,osm,way/428238029,88,고대산 (경기/강원),,0.135,,2.4,1.7,,False,,
9251,osm,way/428238029,88,고대산 (경기/강원),,0.421,,7.4,5.3,,False,,
9252,osm,way/433233517,88,고대산 (경기/강원),,0.451,,7.9,5.6,,False,,
9253,osm,way/433233529,88,고대산 (경기/강원),,0.015,,0.3,0.2,,False,,
9254,osm,way/433233531,88,고대산 (경기/강원),,0.022,,0.4,0.3,,False,,
9255,osm,way/433233535,88,고대산 (경기/강원),,0.021,,0.4,0.3,,False,,
9256,osm,way/433233539,88,고대산 (경기/강원),,0.836,,14.6,10.5,,False,,
9257,osm,way/433233542,88,고대산 (경기/강원),,1.413,,24.7,17.7,,False,,
9258,osm,way/823055319,88,고대산 (경기/강원),,2.228,,39.0,27.8,포장,False,,
9259,osm,way/823055319,88,고대산 (경기/강원),,0.014,,0.3,0.2,포장,False,,
9260,osm,way/823055319,88,고대산 (경기/강원),,0.013,,0.2,0.2,포장,False,,
9261,osm,way/823055319,88,고대산 (경기/강원),,4.121,,72.1,51.5,포장,False,,
9262,osm,way/823055368,88,고대산 (경기/강원),,1.698,,29.7,21.2,,False,,
9263,osm,way/823056419,88,고대산 (경기/강원),,0.552,,9.7,6.9,토사,False,,
9264,osm,way/823056419,88,고대산 (경기/강원),,0.391,,6.8,4.9,토사,False,,
9265,osm,way/823056419,88,고대산 (경기/강원),,0.269,,4.7,3.4,토사,False,,
9266,osm,way/823057273,88,고대산 (경기/강원),,0.939,,16.4,11.7,토사,False,,
9267,osm,way/823058094,88,고대산 (경기/강원),,2.484,,43.5,31.0,,False,,
9268,osm,way/823059239,88,고대산 (경기/강원),고대산 숲길 1코스,1.111,,19.4,13.9,unpaved,False,,
9269,osm,way/823059672,88,고대산 (경기/강원),고대산 숲길 2코스,0.007,,0.1,0.1,unpaved,False,,
9270,osm,way/823059672,88,고대산 (경기/강원),고대산 숲길 2코스,1.111,,19.4,13.9,unpaved,False,,
9271,osm,way/823059672,88,고대산 (경기/강원),고대산 숲길 2코스,0.127,,2.2,1.6,unpaved,False,,
9272,osm,way/823059672,88,고대산 (경기/강원),고대산 숲길 2코스,0.396,,6.9,5.0,unpaved,False,,
9273,osm,way/823059672,88,고대산 (경기/강원),고대산 숲길 2코스,0.49,,8.6,6.1,unpaved,False,,
9274,osm,way/823060164,88,고대산 (경기/강원),,0.366,,6.4,4.6,unpaved,False,,
9275,osm,way/951696039,88,고대산 (경기/강원),94 내산임도,2.2,,38.5,27.5,토사,False,,
9276,osm,way/951696039,88,고대산 (경기/강원),94 내산임도,4.663,,81.6,58.3,토사,False,,
9277,osm,way/951696044,88,고대산 (경기/강원),,2.002,,35.0,25.0,,False,,
9278,osm,way/1032888045,88,고대산 (경기/강원),,0.03,,0.5,0.4,토사,False,,
9279,osm,way/1032888045,88,고대산 (경기/강원),,0.049,,0.9,0.6,토사,False,,
9280,osm,way/1032888046,88,고대산 (경기/강원),,0.042,,0.7,0.5,토사,False,,
9281,osm,way/1054957465,88,고대산 (경기/강원),고대산 숲길 2코스,0.15,,2.6,1.9,unpaved,False,,
9282,osm,way/1081634361,88,고대산 (경기/강원),,2.639,,46.2,33.0,,False,,
9283,osm,way/1119497417,88,고대산 (경기/강원),,0.631,,11.0,7.9,토사,False,,
9284,osm,way/1119497418,88,고대산 (경기/강원),,0.007,,0.1,0.1,토사,False,,
9285,osm,way/1119497418,88,고대산 (경기/강원),,0.107,,1.9,1.3,토사,False,,
9286,osm,way/1119497418,88,고대산 (경기/강원),,0.097,,1.7,1.2,토사,False,,
9287,osm,way/1119497418,88,고대산 (경기/강원),,0.089,,1.6,1.1,토사,False,,
9288,osm,way/1119498933,88,고대산 (경기/강원),,0.484,,8.5,6.1,,False,,
9289,osm,way/1119498934,88,고대산 (경기/강원),,0.013,,0.2,0.2,,False,,
9290,osm,way/1182185624,88,고대산 (경기/강원),,1.214,,21.2,15.2,토사,False,,
9291,osm,way/1182185624,88,고대산 (경기/강원),,3.703,,64.8,46.3,토사,False,,
9292,osm,way/1182185625,88,고대산 (경기/강원),,2.12,,37.1,26.5,토사,False,,
9293,osm,way/1182185625,88,고대산 (경기/강원),,1.725,,30.2,21.6,토사,False,,
9294,osm,way/1182185635,88,고대산 (경기/강원),,0.618,,10.8,7.7,,False,,
9295,osm,way/1182185635,88,고대산 (경기/강원),,0.193,,3.4,2.4,,False,,
9296,osm,way/1182185636,88,고대산 (경기/강원),,0.506,,8.9,6.3,,False,,
9297,osm,way/1182185636,88,고대산 (경기/강원),,0.655,,11.5,8.2,,False,,
9298,osm,way/1182185637,88,고대산 (경기/강원),,1.014,,17.8,12.7,토사,False,,
9299,osm,way/1182185638,88,고대산 (경기/강원),,0.085,,1.5,1.1,토사,False,,
9300,osm,way/1182185638,88,고대산 (경기/강원),,0.034,,0.6,0.4,토사,False,,
9301,osm,way/1182185638,88,고대산 (경기/강원),,0.068,,1.2,0.9,토사,False,,
9302,osm,way/1182185638,88,고대산 (경기/강원),,0.033,,0.6,0.4,토사,False,,
9303,osm,way/1182185639,88,고대산 (경기/강원),,0.145,,2.5,1.8,토사,False,,
9304,osm,way/1182185640,88,고대산 (경기/강원),,0.452,,7.9,5.7,토사,False,,
9305,osm,way/1182185641,88,고대산 (경기/강원),,0.289,,5.1,3.6,토사,False,,
9306,osm,way/1275160266,88,고대산 (경기/강원),,0.013,,0.2,0.2,,False,,
9307,osm,way/1275160267,88,고대산 (경기/강원),,0.542,,9.5,6.8,토사,False,,
9308,osm,way/1275160267,88,고대산 (경기/강원),,0.014,,0.2,0.2,토사,False,,
9309,osm,way/1275160267,88,고대산 (경기/강원),,0.169,,3.0,2.1,토사,False,,
9310,osm,way/1275160267,88,고대산 (경기/강원),,0.035,,0.6,0.4,토사,False,,
9311,osm,way/1275160273,88,고대산 (경기/강원),,0.044,,0.8,0.5,토사,False,,
9312,osm,way/1275160274,88,고대산 (경기/강원),,0.305,,5.3,3.8,토사,False,,
9313,osm,way/1275160275,88,고대산 (경기/강원),,0.85,,14.9,10.6,토사,False,,
9314,osm,way/1275160276,88,고대산 (경기/강원),,0.009,,0.2,0.1,,False,,
9315,osm,way/1275160277,88,고대산 (경기/강원),,0.009,,0.2,0.1,토사,False,,
9316,osm,way/1275160278,88,고대산 (경기/강원),,0.017,,0.3,0.2,토사,False,,
9317,osm,way/1275160279,88,고대산 (경기/강원),,0.005,,0.1,0.1,,False,,
9318,osm,way/1275160280,88,고대산 (경기/강원),,0.05,,0.9,0.6,,False,,
9319,osm,way/1275160281,88,고대산 (경기/강원),,0.074,,1.3,0.9,,False,,
9320,osm,way/1275160282,88,고대산 (경기/강원),,0.248,,4.3,3.1,,False,,
9321,osm,way/1275160282,88,고대산 (경기/강원),,0.022,,0.4,0.3,,False,,
9322,osm,way/1275160287,88,고대산 (경기/강원),,0.07,,1.2,0.9,토사,False,,
9323,osm,way/1275160288,88,고대산 (경기/강원),,0.276,,4.8,3.4,토사,False,,
9324,osm,way/1275160288,88,고대산 (경기/강원),,0.399,,7.0,5.0,토사,False,,
9325,osm,way/1275160288,88,고대산 (경기/강원),,0.147,,2.6,1.8,토사,False,,
9326,osm,way/1275160289,88,고대산 (경기/강원),고대산 숲길 1코스,0.03,,0.5,0.4,unpaved,False,,
9327,osm,way/1275160290,88,고대산 (경기/강원),고대산 숲길 1코스,0.456,,8.0,5.7,unpaved,False,,
9328,osm,way/1275160291,88,고대산 (경기/강원),고대산 숲길 1코스,0.05,,0.9,0.6,unpaved,False,,
9329,osm,way/1275160292,88,고대산 (경기/강원),고대산 숲길 1코스,0.433,,7.6,5.4,unpaved,False,,
9330,osm,way/1275160293,88,고대산 (경기/강원),고대산 숲길 1코스,0.047,,0.8,0.6,unpaved,False,,
9331,osm,way/1275160294,88,고대산 (경기/강원),고대산 숲길 1코스,0.278,,4.9,3.5,unpaved,False,,
9332,osm,way/1557976452,88,고대산 (경기/강원),,0.393,,6.9,4.9,,False,,
9333,osm,way/1559218743,88,고대산 (경기/강원),,0.25,,4.4,3.1,,False,,
9334,osm,way/964966314,92,달봉산,,0.326,,5.7,4.1,,False,,
9335,osm,way/964966314,92,달봉산,,0.123,,2.2,1.5,,False,,
9336,osm,way/1200748987,92,달봉산,,0.898,,15.7,11.2,토사,False,,
9337,osm,way/1200748987,92,달봉산,,0.909,,15.9,11.4,토사,False,,
9338,osm,way/1200748987,92,달봉산,,0.047,,0.8,0.6,토사,False,,
9339,osm,way/1285069008,92,달봉산,,1.488,,26.0,18.6,,False,,
9340,osm,way/1285069008,92,달봉산,,1.96,,34.3,24.5,,False,,
9341,osm,way/1321716342,92,달봉산,,0.61,,10.7,7.6,,False,,
9342,osm,way/1321716343,92,달봉산,,0.187,,3.3,2.3,,False,,
9343,osm,way/1321716343,92,달봉산,,0.316,,5.5,3.9,,False,,
9344,osm,way/1321716344,92,달봉산,,1.035,,18.1,12.9,,False,,
9345,osm,way/1321716345,92,달봉산,,0.093,,1.6,1.2,,False,,
9346,osm,way/1321716345,92,달봉산,,0.744,,13.0,9.3,,False,,
9347,osm,way/1321716345,92,달봉산,,3.057,,53.5,38.2,,False,,
9348,osm,way/1321716346,92,달봉산,,0.523,,9.1,6.5,,False,,
9349,osm,way/1321716347,92,달봉산,,0.392,,6.9,4.9,,False,,
9350,osm,way/326869041,93,매미산,,0.038,,0.7,0.5,,False,,
9351,osm,way/326869041,93,매미산,,0.101,,1.8,1.3,,False,,
9352,osm,way/330616092,93,매미산,,0.105,,1.8,1.3,포장,False,,
9353,osm,way/330616448,93,매미산,,0.061,,1.1,0.8,,False,,
9354,osm,way/330616920,93,매미산,,0.128,,2.2,1.6,포장,False,,
9355,osm,way/330616920,93,매미산,,0.077,,1.4,1.0,포장,False,,
9356,osm,way/330616920,93,매미산,,0.011,,0.2,0.1,포장,False,,
9357,osm,way/330616994,93,매미산,,0.151,,2.6,1.9,포장,False,,
9358,osm,way/330617045,93,매미산,,0.031,,0.5,0.4,포장,False,,
9359,osm,way/330617046,93,매미산,,0.051,,0.9,0.6,포장,False,,
9360,osm,way/423471656,93,매미산,,0.087,,1.5,1.1,,False,,
9361,osm,way/423471656,93,매미산,,0.149,,2.6,1.9,,False,,
9362,osm,way/470675924,93,매미산,,0.041,,0.7,0.5,,False,,
9363,osm,way/470675924,93,매미산,,0.055,,1.0,0.7,,False,,
9364,osm,way/739014976,93,매미산,,0.007,,0.1,0.1,,False,,
9365,osm,way/739014976,93,매미산,,0.057,,1.0,0.7,,False,,
9366,osm,way/739014976,93,매미산,,0.037,,0.6,0.5,,False,,
9367,osm,way/739014976,93,매미산,,0.027,,0.5,0.3,,False,,
9368,osm,way/739014977,93,매미산,,0.052,,0.9,0.6,,False,,
9369,osm,way/739014977,93,매미산,,0.061,,1.1,0.8,,False,,
9370,osm,way/739014978,93,매미산,,0.041,,0.7,0.5,,False,,
9371,osm,way/739014978,93,매미산,,0.043,,0.8,0.5,,False,,
9372,osm,way/739014979,93,매미산,,0.034,,0.6,0.4,,False,,
9373,osm,way/739014979,93,매미산,,0.02,,0.3,0.2,,False,,
9374,osm,way/739014980,93,매미산,,0.004,,0.1,0.1,,False,,
9375,osm,way/739014980,93,매미산,,0.02,,0.3,0.2,,False,,
9376,osm,way/739014980,93,매미산,,0.027,,0.5,0.3,,False,,
9377,osm,way/739014980,93,매미산,,0.025,,0.4,0.3,,False,,
9378,osm,way/739014980,93,매미산,,0.02,,0.3,0.2,,False,,
9379,osm,way/739014980,93,매미산,,0.009,,0.2,0.1,,False,,
9380,osm,way/739014980,93,매미산,,0.005,,0.1,0.1,,False,,
9381,osm,way/739014981,93,매미산,,0.026,,0.5,0.3,,False,,
9382,osm,way/739014981,93,매미산,,0.02,,0.4,0.3,,False,,
9383,osm,way/739014982,93,매미산,,0.033,,0.6,0.4,,False,,
9384,osm,way/739014983,93,매미산,,0.074,,1.3,0.9,,False,,
9385,osm,way/739014983,93,매미산,,0.021,,0.4,0.3,,False,,
9386,osm,way/739014983,93,매미산,,0.024,,0.4,0.3,,False,,
9387,osm,way/739014983,93,매미산,,0.014,,0.2,0.2,,False,,
9388,osm,way/739014984,93,매미산,,0.165,,2.9,2.1,,False,,
9389,osm,way/739014984,93,매미산,,0.045,,0.8,0.6,,False,,
9390,osm,way/798963105,93,매미산,,0.201,,3.5,2.5,토사,False,,
9391,osm,way/798963105,93,매미산,,0.364,,6.4,4.5,토사,False,,
9392,osm,way/798963105,93,매미산,,0.134,,2.3,1.7,토사,False,,
9393,osm,way/798963105,93,매미산,,0.149,,2.6,1.9,토사,False,,
9394,osm,way/798963105,93,매미산,,0.101,,1.8,1.3,토사,False,,
9395,osm,way/798963105,93,매미산,,0.025,,0.4,0.3,토사,False,,
9396,osm,way/798970599,93,매미산,기흥호수공원 순환산책로,0.115,,2.0,1.4,토사,False,,
9397,osm,way/798970599,93,매미산,기흥호수공원 순환산책로,0.662,,11.6,8.3,토사,False,,
9398,osm,way/798970599,93,매미산,기흥호수공원 순환산책로,0.366,,6.4,4.6,토사,False,,
9399,osm,way/798971972,93,매미산,,0.068,,1.2,0.8,토사,False,,
9400,osm,way/798971972,93,매미산,,0.02,,0.3,0.2,토사,False,,
9401,osm,way/798971972,93,매미산,,0.555,,9.7,6.9,토사,False,,
9402,osm,way/836018710,93,매미산,기흥호수공원 순환산책로,0.2,,3.5,2.5,토사,False,,
9403,osm,way/836018710,93,매미산,기흥호수공원 순환산책로,0.036,,0.6,0.4,토사,False,,
9404,osm,way/1035972188,93,매미산,,0.02,,0.4,0.3,포장,False,,
9405,osm,way/1131936888,93,매미산,,0.166,,2.9,2.1,토사,False,,
9406,osm,way/1131936889,93,매미산,,0.053,,0.9,0.7,토사,False,,
9407,osm,way/1131936890,93,매미산,,0.026,,0.5,0.3,토사,False,,
9408,osm,way/1131936891,93,매미산,,0.106,,1.8,1.3,,False,,
9409,osm,way/1131941402,93,매미산,,0.004,,0.1,0.1,토사,False,,
9410,osm,way/1131941403,93,매미산,,0.194,,3.4,2.4,토사,False,,
9411,osm,way/1163754338,93,매미산,기흥호수공원 순환산책로,0.301,,5.3,3.8,토사,False,,
9412,osm,way/1163754340,93,매미산,,0.054,,1.0,0.7,목재,False,,
9413,osm,way/1184918376,93,매미산,,0.117,,2.0,1.5,,False,,
9414,osm,way/1184918381,93,매미산,,0.005,,0.1,0.1,토사,False,,
9415,osm,way/1184918382,93,매미산,,0.346,,6.1,4.3,토사,False,,
9416,osm,way/1184918383,93,매미산,,0.046,,0.8,0.6,목재,False,,
9417,osm,way/1184918384,93,매미산,,0.056,,1.0,0.7,토사,False,,
9418,osm,way/1184918385,93,매미산,,0.068,,1.2,0.8,목재,False,,
9419,osm,way/1184918386,93,매미산,,0.15,,2.6,1.9,토사,False,,
9420,osm,way/1184918387,93,매미산,,0.007,,0.1,0.1,토사,False,,
9421,osm,way/1184918388,93,매미산,,0.041,,0.7,0.5,토사,False,,
9422,osm,way/1184918389,93,매미산,,0.036,,0.6,0.5,목재,False,,
9423,osm,way/1184918390,93,매미산,,0.049,,0.9,0.6,토사,False,,
9424,osm,way/1184918390,93,매미산,,0.079,,1.4,1.0,토사,False,,
9425,osm,way/1184918390,93,매미산,,0.296,,5.2,3.7,토사,False,,
9426,osm,way/1184918390,93,매미산,,0.037,,0.6,0.5,토사,False,,
9427,osm,way/1184918390,93,매미산,,0.048,,0.8,0.6,토사,False,,
9428,osm,way/1184918391,93,매미산,,0.015,,0.3,0.2,목재,False,,
9429,osm,way/1184918392,93,매미산,,0.122,,2.1,1.5,토사,False,,
9430,osm,way/1184918392,93,매미산,,0.021,,0.4,0.3,토사,False,,
9431,osm,way/1184918393,93,매미산,,0.155,,2.7,1.9,토사,False,,
9432,osm,way/1216954455,93,매미산,,0.022,,0.4,0.3,토사,False,,
9433,osm,way/1216954455,93,매미산,,0.129,,2.2,1.6,토사,False,,
9434,osm,way/1216954455,93,매미산,,0.071,,1.2,0.9,토사,False,,
9435,osm,way/1216954455,93,매미산,,0.058,,1.0,0.7,토사,False,,
9436,osm,way/1216954455,93,매미산,,0.045,,0.8,0.6,토사,False,,
9437,osm,way/1216954455,93,매미산,,0.032,,0.6,0.4,토사,False,,
9438,osm,way/1216954455,93,매미산,,0.047,,0.8,0.6,토사,False,,
9439,osm,way/1216954456,93,매미산,,0.034,,0.6,0.4,토사,False,,
9440,osm,way/1216954457,93,매미산,,0.032,,0.6,0.4,토사,False,,
9441,osm,way/1216954458,93,매미산,,0.088,,1.5,1.1,토사,False,,
9442,osm,way/1216954458,93,매미산,,0.016,,0.3,0.2,토사,False,,
9443,osm,way/1216954458,93,매미산,,0.079,,1.4,1.0,토사,False,,
9444,osm,way/1216954458,93,매미산,,0.066,,1.2,0.8,토사,False,,
9445,osm,way/1216954459,93,매미산,,0.022,,0.4,0.3,토사,False,,
9446,osm,way/1216954460,93,매미산,,0.053,,0.9,0.7,토사,False,,
9447,osm,way/1216954460,93,매미산,,0.074,,1.3,0.9,토사,False,,
9448,osm,way/1216954460,93,매미산,,0.068,,1.2,0.9,토사,False,,
9449,osm,way/1216954461,93,매미산,,0.122,,2.1,1.5,토사,False,,
9450,osm,way/1216954461,93,매미산,,0.032,,0.6,0.4,토사,False,,
9451,osm,way/1216954461,93,매미산,,0.037,,0.6,0.5,토사,False,,
9452,osm,way/1216954461,93,매미산,,0.013,,0.2,0.2,토사,False,,
9453,osm,way/1216954462,93,매미산,,0.032,,0.6,0.4,토사,False,,
9454,osm,way/1216954462,93,매미산,,0.272,,4.8,3.4,토사,False,,
9455,osm,way/1216954462,93,매미산,,0.154,,2.7,1.9,토사,False,,
9456,osm,way/1216954463,93,매미산,,0.158,,2.8,2.0,토사,False,,
9457,osm,way/1216954463,93,매미산,,0.49,,8.6,6.1,토사,False,,
9458,osm,way/1216954464,93,매미산,,0.075,,1.3,0.9,포장,False,,
9459,osm,way/1216954464,93,매미산,,0.026,,0.5,0.3,포장,False,,
9460,osm,way/1216954465,93,매미산,,0.059,,1.0,0.7,토사,False,,
9461,osm,way/1216954466,93,매미산,,0.027,,0.5,0.3,토사,False,,
9462,osm,way/1217040796,93,매미산,,0.046,,0.8,0.6,,False,,
9463,osm,way/1217040797,93,매미산,,0.05,,0.9,0.6,토사,False,,
9464,osm,way/1225833913,93,매미산,,0.167,,2.9,2.1,,False,,
9465,osm,way/1225833915,93,매미산,,0.058,,1.0,0.7,,False,,
9466,osm,way/1225833915,93,매미산,,0.042,,0.7,0.5,,False,,
9467,osm,way/1225833915,93,매미산,,0.029,,0.5,0.4,,False,,
9468,osm,way/1225833916,93,매미산,,0.048,,0.8,0.6,,False,,
9469,osm,way/1225833916,93,매미산,,0.096,,1.7,1.2,,False,,
9470,osm,way/1225833916,93,매미산,,0.134,,2.3,1.7,,False,,
9471,osm,way/1250178423,93,매미산,,0.069,,1.2,0.9,,False,,
9472,osm,way/1250178424,93,매미산,,0.063,,1.1,0.8,,False,,
9473,osm,way/1250178425,93,매미산,,0.051,,0.9,0.6,,False,,
9474,osm,way/1250178426,93,매미산,,0.012,,0.2,0.2,,False,,
9475,osm,way/1250178426,93,매미산,,0.02,,0.3,0.2,,False,,
9476,osm,way/1250178426,93,매미산,,0.004,,0.1,0.0,,False,,
9477,osm,way/1281378540,93,매미산,,0.143,,2.5,1.8,,False,,
9478,osm,way/1288944005,93,매미산,기흥호수공원 순환산책로,0.195,,3.4,2.4,포장,False,,
9479,osm,way/1389719862,93,매미산,,0.02,,0.3,0.2,,False,,
9480,osm,way/1416205221,93,매미산,,0.063,,1.1,0.8,,False,,
9481,osm,way/1416205222,93,매미산,,0.138,,2.4,1.7,,False,,
9482,osm,way/1416205223,93,매미산,,0.403,,7.1,5.0,,False,,
9483,osm,way/1416205224,93,매미산,,0.014,,0.2,0.2,토사,False,,
9484,osm,way/1416205225,93,매미산,,0.013,,0.2,0.2,토사,False,,
9485,osm,way/1416205226,93,매미산,,0.009,,0.2,0.1,토사,False,,
9486,osm,way/1416205227,93,매미산,,0.165,,2.9,2.1,토사,False,,
9487,osm,way/1416205227,93,매미산,,0.037,,0.6,0.5,토사,False,,
9488,osm,way/1416205227,93,매미산,,0.145,,2.5,1.8,토사,False,,
9489,osm,way/1485581787,93,매미산,,0.043,,0.8,0.5,,False,,
9490,osm,way/1485582546,93,매미산,,0.017,,0.3,0.2,,False,,
9491,osm,way/1485582547,93,매미산,,0.01,,0.2,0.1,,False,,
9492,osm,way/1485582548,93,매미산,,0.019,,0.3,0.2,,False,,
9493,osm,way/1485584045,93,매미산,,0.038,,0.7,0.5,,False,,
9494,osm,way/799568358,96,부아산 (경기),한남정맥,0.658,,11.5,8.2,,False,,
9495,osm,way/799581285,96,부아산 (경기),,0.389,,6.8,4.9,,False,,
9496,osm,way/799581285,96,부아산 (경기),,0.329,,5.8,4.1,,False,,
9497,osm,way/799581285,96,부아산 (경기),,0.029,,0.5,0.4,,False,,
9498,osm,way/799581285,96,부아산 (경기),,1.875,,32.8,23.4,,False,,
9499,osm,way/799581285,96,부아산 (경기),,0.618,,10.8,7.7,,False,,
9500,osm,way/799581285,96,부아산 (경기),,3.757,,65.7,47.0,,False,,
9501,osm,way/799581979,96,부아산 (경기),한남정맥,1.594,,27.9,19.9,,False,,
9502,osm,way/799581979,96,부아산 (경기),한남정맥,2.357,,41.2,29.5,,False,,
9503,osm,way/799581979,96,부아산 (경기),한남정맥,0.579,,10.1,7.2,,False,,
9504,osm,way/799581979,96,부아산 (경기),한남정맥,0.703,,12.3,8.8,,False,,
9505,osm,way/799581979,96,부아산 (경기),한남정맥,0.009,,0.2,0.1,,False,,
9506,osm,way/799581979,96,부아산 (경기),한남정맥,0.394,,6.9,4.9,,False,,
9507,osm,way/868618907,96,부아산 (경기),부아산 등산로,0.027,,0.5,0.3,토사,False,,
9508,osm,way/868618907,96,부아산 (경기),부아산 등산로,0.19,,3.3,2.4,토사,False,,
9509,osm,way/868618907,96,부아산 (경기),부아산 등산로,0.559,,9.8,7.0,토사,False,,
9510,osm,way/1182154030,96,부아산 (경기),,0.099,,1.7,1.2,토사,False,,
9511,osm,way/1182154031,96,부아산 (경기),,0.216,,3.8,2.7,토사,False,,
9512,osm,way/1182154032,96,부아산 (경기),,0.37,,6.5,4.6,토사,False,,
9513,osm,way/1182154035,96,부아산 (경기),,1.205,,21.1,15.1,토사,False,,
9514,osm,way/1182157881,96,부아산 (경기),,0.209,,3.7,2.6,토사,False,,
9515,osm,way/1182157881,96,부아산 (경기),,0.95,,16.6,11.9,토사,False,,
9516,osm,way/1182158824,96,부아산 (경기),,0.719,,12.6,9.0,,False,,
9517,osm,way/1182158825,96,부아산 (경기),,0.588,,10.3,7.3,토사,False,,
9518,osm,way/1182158826,96,부아산 (경기),,0.061,,1.1,0.8,토사,False,,
9519,osm,way/1182158826,96,부아산 (경기),,0.072,,1.3,0.9,토사,False,,
9520,osm,way/1182158826,96,부아산 (경기),,0.605,,10.6,7.6,토사,False,,
9521,osm,way/1182158827,96,부아산 (경기),,0.121,,2.1,1.5,토사,False,,
9522,osm,way/1182160055,96,부아산 (경기),,1.04,,18.2,13.0,토사,False,,
9523,osm,way/1285071153,96,부아산 (경기),,0.645,,11.3,8.1,,False,,
9524,osm,way/1285071154,96,부아산 (경기),,0.123,,2.2,1.5,,False,,
9525,osm,way/1285071155,96,부아산 (경기),,0.208,,3.6,2.6,,False,,
9526,osm,way/1485863042,96,부아산 (경기),,0.179,,3.1,2.2,,False,,
9527,osm,way/1550149281,96,부아산 (경기),,0.259,,4.5,3.2,,False,,
9528,osm,way/1550149281,96,부아산 (경기),,0.166,,2.9,2.1,,False,,
9529,osm,way/88108442,98,아람산 (용인),,0.075,,1.3,0.9,,False,,
9530,osm,way/798970598,98,아람산 (용인),,0.05,,0.9,0.6,토사,False,,
9531,osm,way/798970598,98,아람산 (용인),,0.11,,1.9,1.4,토사,False,,
9532,osm,way/798970598,98,아람산 (용인),,0.061,,1.1,0.8,토사,False,,
9533,osm,way/798970598,98,아람산 (용인),,0.092,,1.6,1.2,토사,False,,
9534,osm,way/798970598,98,아람산 (용인),,0.704,,12.3,8.8,토사,False,,
9535,osm,way/798970598,98,아람산 (용인),,0.343,,6.0,4.3,토사,False,,
9536,osm,way/798970598,98,아람산 (용인),,0.238,,4.2,3.0,토사,False,,
9537,osm,way/798982618,98,아람산 (용인),,0.01,,0.2,0.1,,False,,
9538,osm,way/798982618,98,아람산 (용인),,0.136,,2.4,1.7,,False,,
9539,osm,way/799391131,98,아람산 (용인),,0.104,,1.8,1.3,,False,,
9540,osm,way/799393117,98,아람산 (용인),,0.356,,6.2,4.4,,False,,
9541,osm,way/836018707,98,아람산 (용인),,0.025,,0.4,0.3,,False,,
9542,osm,way/836018708,98,아람산 (용인),기흥호수공원 순환산책로,0.242,,4.2,3.0,토사,False,,
9543,osm,way/836018708,98,아람산 (용인),기흥호수공원 순환산책로,0.047,,0.8,0.6,토사,False,,
9544,osm,way/836018708,98,아람산 (용인),기흥호수공원 순환산책로,0.228,,4.0,2.9,토사,False,,
9545,osm,way/836018709,98,아람산 (용인),기흥호수공원 순환산책로,0.01,,0.2,0.1,토사,False,,
9546,osm,way/836402067,98,아람산 (용인),기흥호수공원 순환산책로,0.316,,5.5,4.0,토사,False,,
9547,osm,way/836402067,98,아람산 (용인),기흥호수공원 순환산책로,0.446,,7.8,5.6,토사,False,,
9548,osm,way/836402067,98,아람산 (용인),기흥호수공원 순환산책로,0.003,,0.1,0.0,토사,False,,
9549,osm,way/836402067,98,아람산 (용인),기흥호수공원 순환산책로,0.006,,0.1,0.1,토사,False,,
9550,osm,way/975210368,98,아람산 (용인),,0.036,,0.6,0.5,,False,,
9551,osm,way/975210368,98,아람산 (용인),,0.017,,0.3,0.2,,False,,
9552,osm,way/975210368,98,아람산 (용인),,0.019,,0.3,0.2,,False,,
9553,osm,way/975210368,98,아람산 (용인),,0.115,,2.0,1.4,,False,,
9554,osm,way/975210368,98,아람산 (용인),,0.057,,1.0,0.7,,False,,
9555,osm,way/975210368,98,아람산 (용인),,0.02,,0.4,0.3,,False,,
9556,osm,way/975210368,98,아람산 (용인),,0.018,,0.3,0.2,,False,,
9557,osm,way/975210368,98,아람산 (용인),,0.059,,1.0,0.7,,False,,
9558,osm,way/975210368,98,아람산 (용인),,0.022,,0.4,0.3,,False,,
9559,osm,way/975210368,98,아람산 (용인),,0.068,,1.2,0.9,,False,,
9560,osm,way/975210368,98,아람산 (용인),,0.09,,1.6,1.1,,False,,
9561,osm,way/975210368,98,아람산 (용인),,0.024,,0.4,0.3,,False,,
9562,osm,way/975210369,98,아람산 (용인),,0.025,,0.4,0.3,,False,,
9563,osm,way/975210369,98,아람산 (용인),,0.02,,0.3,0.2,,False,,
9564,osm,way/975210370,98,아람산 (용인),,0.039,,0.7,0.5,,False,,
9565,osm,way/975210370,98,아람산 (용인),,0.023,,0.4,0.3,,False,,
9566,osm,way/975210370,98,아람산 (용인),,0.011,,0.2,0.1,,False,,
9567,osm,way/975210370,98,아람산 (용인),,0.026,,0.5,0.3,,False,,
9568,osm,way/975210370,98,아람산 (용인),,0.046,,0.8,0.6,,False,,
9569,osm,way/975210370,98,아람산 (용인),,0.059,,1.0,0.7,,False,,
9570,osm,way/975210371,98,아람산 (용인),,0.024,,0.4,0.3,,False,,
9571,osm,way/975210371,98,아람산 (용인),,0.011,,0.2,0.1,,False,,
9572,osm,way/975210372,98,아람산 (용인),,0.031,,0.5,0.4,,False,,
9573,osm,way/975210373,98,아람산 (용인),,0.024,,0.4,0.3,,False,,
9574,osm,way/975210374,98,아람산 (용인),,0.291,,5.1,3.6,,False,,
9575,osm,way/975210374,98,아람산 (용인),,0.068,,1.2,0.8,,False,,
9576,osm,way/975210374,98,아람산 (용인),,0.049,,0.9,0.6,,False,,
9577,osm,way/975210374,98,아람산 (용인),,0.122,,2.1,1.5,,False,,
9578,osm,way/975210374,98,아람산 (용인),,0.12,,2.1,1.5,,False,,
9579,osm,way/975210374,98,아람산 (용인),,0.113,,2.0,1.4,,False,,
9580,osm,way/975210374,98,아람산 (용인),,0.023,,0.4,0.3,,False,,
9581,osm,way/975210374,98,아람산 (용인),,0.042,,0.7,0.5,,False,,
9582,osm,way/975210374,98,아람산 (용인),,0.047,,0.8,0.6,,False,,
9583,osm,way/975210374,98,아람산 (용인),,0.052,,0.9,0.7,,False,,
9584,osm,way/975210374,98,아람산 (용인),,0.071,,1.2,0.9,,False,,
9585,osm,way/975210374,98,아람산 (용인),,0.163,,2.9,2.0,,False,,
9586,osm,way/975210374,98,아람산 (용인),,0.14,,2.5,1.8,,False,,
9587,osm,way/975210374,98,아람산 (용인),,0.068,,1.2,0.8,,False,,
9588,osm,way/975210374,98,아람산 (용인),,0.054,,0.9,0.7,,False,,
9589,osm,way/975210374,98,아람산 (용인),,0.059,,1.0,0.7,,False,,
9590,osm,way/975210374,98,아람산 (용인),,0.003,,0.1,0.0,,False,,
9591,osm,way/975210374,98,아람산 (용인),,0.097,,1.7,1.2,,False,,
9592,osm,way/975210374,98,아람산 (용인),,0.034,,0.6,0.4,,False,,
9593,osm,way/975210374,98,아람산 (용인),,0.015,,0.3,0.2,,False,,
9594,osm,way/975210375,98,아람산 (용인),,0.011,,0.2,0.1,,False,,
9595,osm,way/1058407524,98,아람산 (용인),기흥호수공원 순환산책로,0.047,,0.8,0.6,토사,False,,
9596,osm,way/1058407524,98,아람산 (용인),기흥호수공원 순환산책로,0.163,,2.9,2.0,토사,False,,
9597,osm,way/1058407524,98,아람산 (용인),기흥호수공원 순환산책로,0.042,,0.7,0.5,토사,False,,
9598,osm,way/1058407525,98,아람산 (용인),기흥호수공원순환산책로,0.295,,5.2,3.7,,False,,
9599,osm,way/1058407525,98,아람산 (용인),기흥호수공원순환산책로,0.182,,3.2,2.3,,False,,
9600,osm,way/1058407525,98,아람산 (용인),기흥호수공원순환산책로,0.338,,5.9,4.2,,False,,
9601,osm,way/1058407525,98,아람산 (용인),기흥호수공원순환산책로,0.031,,0.5,0.4,,False,,
9602,osm,way/1058407526,98,아람산 (용인),,0.095,,1.7,1.2,,False,,
9603,osm,way/1131936894,98,아람산 (용인),,0.241,,4.2,3.0,토사,False,,
9604,osm,way/1131936894,98,아람산 (용인),,0.362,,6.3,4.5,토사,False,,
9605,osm,way/1184918378,98,아람산 (용인),,0.029,,0.5,0.4,토사,False,,
9606,osm,way/1184918378,98,아람산 (용인),,0.065,,1.1,0.8,토사,False,,
9607,osm,way/1184918378,98,아람산 (용인),,0.04,,0.7,0.5,토사,False,,
9608,osm,way/1224608720,98,아람산 (용인),,0.213,,3.7,2.7,,False,,
9609,osm,way/1377393839,98,아람산 (용인),,0.324,,5.7,4.1,,False,,
9610,osm,way/1416205171,98,아람산 (용인),,0.004,,0.1,0.1,,False,,
9611,osm,way/1416205172,98,아람산 (용인),,0.026,,0.5,0.3,,False,,
9612,osm,way/1416205173,98,아람산 (용인),,0.007,,0.1,0.1,,False,,
9613,osm,way/1416205174,98,아람산 (용인),,0.061,,1.1,0.8,,False,,
9614,osm,way/1416205175,98,아람산 (용인),,0.064,,1.1,0.8,,False,,
9615,osm,way/1416205176,98,아람산 (용인),,0.19,,3.3,2.4,,False,,
9616,osm,way/1416205177,98,아람산 (용인),,0.059,,1.0,0.7,,False,,
9617,osm,way/1416205178,98,아람산 (용인),,0.057,,1.0,0.7,,False,,
9618,osm,way/1416205179,98,아람산 (용인),,0.084,,1.5,1.1,,False,,
9619,osm,way/1416205179,98,아람산 (용인),,0.012,,0.2,0.2,,False,,
9620,osm,way/1416205179,98,아람산 (용인),,0.117,,2.1,1.5,,False,,
9621,osm,way/1416205179,98,아람산 (용인),,0.029,,0.5,0.4,,False,,
9622,osm,way/1416205179,98,아람산 (용인),,0.11,,1.9,1.4,,False,,
9623,osm,way/1416205180,98,아람산 (용인),,0.08,,1.4,1.0,,False,,
9624,osm,way/1416205180,98,아람산 (용인),,0.06,,1.1,0.8,,False,,
9625,osm,way/1416205181,98,아람산 (용인),,0.098,,1.7,1.2,,False,,
9626,osm,way/1416205182,98,아람산 (용인),,0.022,,0.4,0.3,,False,,
9627,osm,way/1416205183,98,아람산 (용인),제1보도교,0.135,,2.4,1.7,,False,,
9628,osm,way/1416205184,98,아람산 (용인),,0.005,,0.1,0.1,,False,,
9629,osm,way/1416205185,98,아람산 (용인),,0.019,,0.3,0.2,,False,,
9630,osm,way/1416205186,98,아람산 (용인),,0.053,,0.9,0.7,,False,,
9631,osm,way/1416205187,98,아람산 (용인),,0.041,,0.7,0.5,,False,,
9632,osm,way/1416205220,98,아람산 (용인),,0.084,,1.5,1.1,,False,,
9633,osm,way/1492440519,98,아람산 (용인),,0.112,,2.0,1.4,,False,,
9634,osm,way/1492440520,98,아람산 (용인),기흥호수공원 순환산책로,0.016,,0.3,0.2,토사,False,,
9635,osm,way/1492440521,98,아람산 (용인),기흥호수공원 순환산책로,0.024,,0.4,0.3,토사,False,,
9636,osm,way/1492440522,98,아람산 (용인),기흥호수공원 순환산책로,0.004,,0.1,0.1,토사,False,,
9637,osm,way/1492440522,98,아람산 (용인),기흥호수공원 순환산책로,0.058,,1.0,0.7,토사,False,,
9638,osm,way/1492440523,98,아람산 (용인),,0.067,,1.2,0.8,,False,,
9639,osm,way/799581979,100,함박산 (경기),한남정맥,0.495,,8.7,6.2,,False,,
9640,osm,way/799581979,100,함박산 (경기),한남정맥,1.099,,19.2,13.7,,False,,
9641,osm,way/799581979,100,함박산 (경기),한남정맥,2.357,,41.2,29.5,,False,,
9642,osm,way/799581979,100,함박산 (경기),한남정맥,0.579,,10.1,7.2,,False,,
9643,osm,way/799581979,100,함박산 (경기),한남정맥,0.703,,12.3,8.8,,False,,
9644,osm,way/799581979,100,함박산 (경기),한남정맥,0.403,,7.0,5.0,,False,,
9645,osm,way/799581980,100,함박산 (경기),한남정맥,0.009,,0.1,0.1,,False,,
9646,osm,way/799585065,100,함박산 (경기),한남정맥,0.015,,0.3,0.2,,False,,
9647,osm,way/799585066,100,함박산 (경기),한남정맥,0.025,,0.4,0.3,,False,,
9648,osm,way/868618907,100,함박산 (경기),부아산 등산로,0.027,,0.5,0.3,토사,False,,
9649,osm,way/868618907,100,함박산 (경기),부아산 등산로,0.19,,3.3,2.4,토사,False,,
9650,osm,way/868618907,100,함박산 (경기),부아산 등산로,0.559,,9.8,7.0,토사,False,,
9651,osm,way/1182154030,100,함박산 (경기),,0.099,,1.7,1.2,토사,False,,
9652,osm,way/1182154031,100,함박산 (경기),,0.216,,3.8,2.7,토사,False,,
9653,osm,way/1182154032,100,함박산 (경기),,0.37,,6.5,4.6,토사,False,,
9654,osm,way/1182157881,100,함박산 (경기),,0.209,,3.7,2.6,토사,False,,
9655,osm,way/1182157881,100,함박산 (경기),,0.95,,16.6,11.9,토사,False,,
9656,osm,way/1182158824,100,함박산 (경기),,0.719,,12.6,9.0,,False,,
9657,osm,way/1182158825,100,함박산 (경기),,0.588,,10.3,7.3,토사,False,,
9658,osm,way/1182158826,100,함박산 (경기),,0.061,,1.1,0.8,토사,False,,
9659,osm,way/1182158826,100,함박산 (경기),,0.072,,1.3,0.9,토사,False,,
9660,osm,way/1182158826,100,함박산 (경기),,0.605,,10.6,7.6,토사,False,,
9661,osm,way/1182158827,100,함박산 (경기),,0.121,,2.1,1.5,토사,False,,
9662,osm,way/1182160055,100,함박산 (경기),,0.009,,0.2,0.1,토사,False,,
9663,osm,way/1182160055,100,함박산 (경기),,1.031,,18.0,12.9,토사,False,,
9664,osm,way/1485863042,100,함박산 (경기),,0.179,,3.1,2.2,,False,,
9665,osm,way/1550149281,100,함박산 (경기),,0.259,,4.5,3.2,,False,,
9666,osm,way/1550149281,100,함박산 (경기),,0.166,,2.9,2.1,,False,,
9667,osm,way/1147774120,102,형제봉 (용인),,0.12,,2.1,1.5,토사,False,,
9668,osm,way/1147774126,102,형제봉 (용인),,1.005,,17.6,12.6,토사,False,,
9669,osm,way/1147774142,102,형제봉 (용인),,0.486,,8.5,6.1,토사,False,,
9670,osm,way/1147774143,102,형제봉 (용인),,0.502,,8.8,6.3,토사,False,,
9671,osm,way/1147774144,102,형제봉 (용인),,0.571,,10.0,7.1,토사,False,,
9672,osm,way/1147774145,102,형제봉 (용인),,0.204,,3.6,2.5,토사,False,,
9673,osm,way/1147774146,102,형제봉 (용인),,0.788,,13.8,9.8,토사,False,,
9674,osm,way/1147774147,102,형제봉 (용인),,0.302,,5.3,3.8,토사,False,,
9675,osm,way/1147774170,102,형제봉 (용인),,1.741,,30.5,21.8,토사,False,,
9676,osm,way/1147774171,102,형제봉 (용인),,0.476,,8.3,6.0,토사,False,,
9677,osm,way/1147774171,102,형제봉 (용인),,0.019,,0.3,0.2,토사,False,,
9678,osm,way/1147774172,102,형제봉 (용인),,1.368,,23.9,17.1,토사,False,,
9679,osm,way/1147774173,102,형제봉 (용인),,1.111,,19.4,13.9,토사,False,,
9680,osm,way/60274029,105,백운산 (의왕시),,0.968,,16.9,12.1,,False,,
9681,osm,way/181382255,105,백운산 (의왕시),한남정맥,0.675,,11.8,8.4,,False,,
9682,osm,way/181382255,105,백운산 (의왕시),한남정맥,0.073,,1.3,0.9,,False,,
9683,osm,way/181382255,105,백운산 (의왕시),한남정맥,0.004,,0.1,0.1,,False,,
9684,osm,way/181382266,105,백운산 (의왕시),,0.091,,1.6,1.1,토사,False,,
9685,osm,way/181382266,105,백운산 (의왕시),,0.253,,4.4,3.2,토사,False,,
9686,osm,way/181382266,105,백운산 (의왕시),,0.04,,0.7,0.5,토사,False,,
9687,osm,way/181382266,105,백운산 (의왕시),,0.005,,0.1,0.1,토사,False,,
9688,osm,way/181382266,105,백운산 (의왕시),,0.446,,7.8,5.6,토사,False,,
9689,osm,way/181390193,105,백운산 (의왕시),한남정맥,0.023,,0.4,0.3,,False,,
9690,osm,way/181390193,105,백운산 (의왕시),한남정맥,0.005,,0.1,0.1,,False,,
9691,osm,way/181390193,105,백운산 (의왕시),한남정맥,0.58,,10.2,7.3,,False,,
9692,osm,way/181390195,105,백운산 (의왕시),,0.241,,4.2,3.0,,False,,
9693,osm,way/181390195,105,백운산 (의왕시),,0.071,,1.2,0.9,,False,,
9694,osm,way/181390195,105,백운산 (의왕시),,0.012,,0.2,0.2,,False,,
9695,osm,way/181390195,105,백운산 (의왕시),,0.067,,1.2,0.8,,False,,
9696,osm,way/181390195,105,백운산 (의왕시),,0.001,,0.0,0.0,,False,,
9697,osm,way/181390195,105,백운산 (의왕시),,0.356,,6.2,4.4,,False,,
9698,osm,way/181390199,105,백운산 (의왕시),한남정맥,0.251,,4.4,3.1,,False,,
9699,osm,way/181390199,105,백운산 (의왕시),한남정맥,0.219,,3.8,2.7,,False,,
9700,osm,way/181392290,105,백운산 (의왕시),한남정맥,0.039,,0.7,0.5,,False,,
9701,osm,way/181392290,105,백운산 (의왕시),한남정맥,0.777,,13.6,9.7,,False,,
9702,osm,way/181392290,105,백운산 (의왕시),한남정맥,0.033,,0.6,0.4,,False,,
9703,osm,way/181392290,105,백운산 (의왕시),한남정맥,0.045,,0.8,0.6,,False,,
9704,osm,way/181392290,105,백운산 (의왕시),한남정맥,0.202,,3.5,2.5,,False,,
9705,osm,way/181392290,105,백운산 (의왕시),한남정맥,0.049,,0.9,0.6,,False,,
9706,osm,way/181392294,105,백운산 (의왕시),,0.074,,1.3,0.9,,False,,
9707,osm,way/181392294,105,백운산 (의왕시),,1.42,,24.8,17.7,,False,,
9708,osm,way/181392294,105,백운산 (의왕시),,0.484,,8.5,6.1,,False,,
9709,osm,way/181392294,105,백운산 (의왕시),,0.219,,3.8,2.7,,False,,
9710,osm,way/181392294,105,백운산 (의왕시),,0.076,,1.3,0.9,,False,,
9711,osm,way/181392295,105,백운산 (의왕시),한남정맥,0.063,,1.1,0.8,목재,False,,
9712,osm,way/181530810,105,백운산 (의왕시),한남정맥,0.052,,0.9,0.6,,False,,
9713,osm,way/181530810,105,백운산 (의왕시),한남정맥,0.559,,9.8,7.0,,False,,
9714,osm,way/181530810,105,백운산 (의왕시),한남정맥,0.306,,5.4,3.8,,False,,
9715,osm,way/181530810,105,백운산 (의왕시),한남정맥,0.04,,0.7,0.5,,False,,
9716,osm,way/181530810,105,백운산 (의왕시),한남정맥,0.108,,1.9,1.3,,False,,
9717,osm,way/181530810,105,백운산 (의왕시),한남정맥,0.059,,1.0,0.7,,False,,
9718,osm,way/181530810,105,백운산 (의왕시),한남정맥,0.046,,0.8,0.6,,False,,
9719,osm,way/181530810,105,백운산 (의왕시),한남정맥,0.088,,1.5,1.1,,False,,
9720,osm,way/181530810,105,백운산 (의왕시),한남정맥,0.15,,2.6,1.9,,False,,
9721,osm,way/183094297,105,백운산 (의왕시),,0.962,,16.8,12.0,토사,False,,
9722,osm,way/367628098,105,백운산 (의왕시),한남정맥,2.742,,48.0,34.3,,False,,
9723,osm,way/367628098,105,백운산 (의왕시),한남정맥,0.577,,10.1,7.2,,False,,
9724,osm,way/367628098,105,백운산 (의왕시),한남정맥,0.028,,0.5,0.3,,False,,
9725,osm,way/367628098,105,백운산 (의왕시),한남정맥,0.001,,0.0,0.0,,False,,
9726,osm,way/367628098,105,백운산 (의왕시),한남정맥,0.271,,4.7,3.4,,False,,
9727,osm,way/367628098,105,백운산 (의왕시),한남정맥,0.028,,0.5,0.3,,False,,
9728,osm,way/367702065,105,백운산 (의왕시),한남정맥,0.056,,1.0,0.7,,False,,
9729,osm,way/497849355,105,백운산 (의왕시),,0.217,,3.8,2.7,,False,,
9730,osm,way/497849355,105,백운산 (의왕시),,0.049,,0.9,0.6,,False,,
9731,osm,way/497849355,105,백운산 (의왕시),,0.036,,0.6,0.4,,False,,
9732,osm,way/497849356,105,백운산 (의왕시),,0.102,,1.8,1.3,,False,,
9733,osm,way/497849356,105,백운산 (의왕시),,0.152,,2.7,1.9,,False,,
9734,osm,way/497849357,105,백운산 (의왕시),,0.017,,0.3,0.2,,False,,
9735,osm,way/497849357,105,백운산 (의왕시),,0.044,,0.8,0.6,,False,,
9736,osm,way/497849357,105,백운산 (의왕시),,0.105,,1.8,1.3,,False,,
9737,osm,way/497849357,105,백운산 (의왕시),,0.137,,2.4,1.7,,False,,
9738,osm,way/497849357,105,백운산 (의왕시),,0.966,,16.9,12.1,,False,,
9739,osm,way/497849359,105,백운산 (의왕시),,0.084,,1.5,1.0,,False,,
9740,osm,way/497849359,105,백운산 (의왕시),,0.099,,1.7,1.2,,False,,
9741,osm,way/497849359,105,백운산 (의왕시),,0.062,,1.1,0.8,,False,,
9742,osm,way/497849359,105,백운산 (의왕시),,0.143,,2.5,1.8,,False,,
9743,osm,way/497849359,105,백운산 (의왕시),,0.257,,4.5,3.2,,False,,
9744,osm,way/497849359,105,백운산 (의왕시),,0.163,,2.9,2.0,,False,,
9745,osm,way/497849359,105,백운산 (의왕시),,0.267,,4.7,3.3,,False,,
9746,osm,way/497849359,105,백운산 (의왕시),,0.264,,4.6,3.3,,False,,
9747,osm,way/544300745,105,백운산 (의왕시),,0.275,,4.8,3.4,,False,,
9748,osm,way/544300745,105,백운산 (의왕시),,0.711,,12.4,8.9,,False,,
9749,osm,way/544300746,105,백운산 (의왕시),,0.223,,3.9,2.8,,False,,
9750,osm,way/544300746,105,백운산 (의왕시),,0.001,,0.0,0.0,,False,,
9751,osm,way/544300746,105,백운산 (의왕시),,0.535,,9.4,6.7,,False,,
9752,osm,way/544300746,105,백운산 (의왕시),,0.04,,0.7,0.5,,False,,
9753,osm,way/544300746,105,백운산 (의왕시),,0.287,,5.0,3.6,,False,,
9754,osm,way/544300746,105,백운산 (의왕시),,0.333,,5.8,4.2,,False,,
9755,osm,way/544300747,105,백운산 (의왕시),,0.478,,8.4,6.0,,False,,
9756,osm,way/544300747,105,백운산 (의왕시),,0.625,,10.9,7.8,,False,,
9757,osm,way/544300749,105,백운산 (의왕시),,0.021,,0.4,0.3,,False,,
9758,osm,way/544300749,105,백운산 (의왕시),,0.007,,0.1,0.1,,False,,
9759,osm,way/544300749,105,백운산 (의왕시),,0.123,,2.2,1.5,,False,,
9760,osm,way/544300750,105,백운산 (의왕시),,0.304,,5.3,3.8,,False,,
9761,osm,way/544300751,105,백운산 (의왕시),,0.413,,7.2,5.2,,False,,
9762,osm,way/544300751,105,백운산 (의왕시),,0.344,,6.0,4.3,,False,,
9763,osm,way/544300752,105,백운산 (의왕시),,0.43,,7.5,5.4,,False,,
9764,osm,way/544300752,105,백운산 (의왕시),,0.006,,0.1,0.1,,False,,
9765,osm,way/544300752,105,백운산 (의왕시),,0.002,,0.0,0.0,,False,,
9766,osm,way/544300752,105,백운산 (의왕시),,0.308,,5.4,3.8,,False,,
9767,osm,way/544300752,105,백운산 (의왕시),,0.237,,4.1,3.0,,False,,
9768,osm,way/544300753,105,백운산 (의왕시),,0.171,,3.0,2.1,,False,,
9769,osm,way/544300753,105,백운산 (의왕시),,0.755,,13.2,9.4,,False,,
9770,osm,way/544300753,105,백운산 (의왕시),,0.303,,5.3,3.8,,False,,
9771,osm,way/544300753,105,백운산 (의왕시),,0.254,,4.5,3.2,,False,,
9772,osm,way/544300753,105,백운산 (의왕시),,0.175,,3.1,2.2,,False,,
9773,osm,way/544300753,105,백운산 (의왕시),,0.699,,12.2,8.7,,False,,
9774,osm,way/544300753,105,백운산 (의왕시),,0.048,,0.8,0.6,,False,,
9775,osm,way/580149835,105,백운산 (의왕시),,0.074,,1.3,0.9,,False,,
9776,osm,way/580149852,105,백운산 (의왕시),,0.337,,5.9,4.2,,False,,
9777,osm,way/580149852,105,백운산 (의왕시),,0.149,,2.6,1.9,,False,,
9778,osm,way/621670357,105,백운산 (의왕시),한남정맥,0.088,,1.5,1.1,,False,,
9779,osm,way/621670357,105,백운산 (의왕시),한남정맥,0.008,,0.1,0.1,,False,,
9780,osm,way/627320553,105,백운산 (의왕시),,0.284,,5.0,3.5,,False,,
9781,osm,way/627320555,105,백운산 (의왕시),,0.064,,1.1,0.8,,False,,
9782,osm,way/627320557,105,백운산 (의왕시),,0.205,,3.6,2.6,,False,,
9783,osm,way/627320560,105,백운산 (의왕시),,0.223,,3.9,2.8,,False,,
9784,osm,way/627320560,105,백운산 (의왕시),,0.035,,0.6,0.4,,False,,
9785,osm,way/627320560,105,백운산 (의왕시),,0.07,,1.2,0.9,,False,,
9786,osm,way/627320560,105,백운산 (의왕시),,0.05,,0.9,0.6,,False,,
9787,osm,way/627320560,105,백운산 (의왕시),,0.985,,17.2,12.3,,False,,
9788,osm,way/627320560,105,백운산 (의왕시),,0.02,,0.3,0.2,,False,,
9789,osm,way/627320560,105,백운산 (의왕시),,0.034,,0.6,0.4,,False,,
9790,osm,way/696845969,105,백운산 (의왕시),,0.061,,1.1,0.8,,False,,
9791,osm,way/696845969,105,백운산 (의왕시),,0.26,,4.6,3.3,,False,,
9792,osm,way/696845969,105,백운산 (의왕시),,0.65,,11.4,8.1,,False,,
9793,osm,way/696845969,105,백운산 (의왕시),,0.097,,1.7,1.2,,False,,
9794,osm,way/696857998,105,백운산 (의왕시),,0.927,,16.2,11.6,,False,,
9795,osm,way/706146098,105,백운산 (의왕시),,0.29,,5.1,3.6,,False,,
9796,osm,way/706146098,105,백운산 (의왕시),,0.156,,2.7,2.0,,False,,
9797,osm,way/706146102,105,백운산 (의왕시),,0.05,,0.9,0.6,,False,,
9798,osm,way/706146103,105,백운산 (의왕시),,0.206,,3.6,2.6,,False,,
9799,osm,way/706146104,105,백운산 (의왕시),,0.038,,0.7,0.5,,False,,
9800,osm,way/706146104,105,백운산 (의왕시),,0.03,,0.5,0.4,,False,,
9801,osm,way/706146104,105,백운산 (의왕시),,0.097,,1.7,1.2,,False,,
9802,osm,way/799319833,105,백운산 (의왕시),,0.529,,9.3,6.6,,False,,
9803,osm,way/799319833,105,백운산 (의왕시),,0.372,,6.5,4.7,,False,,
9804,osm,way/799319833,105,백운산 (의왕시),,0.327,,5.7,4.1,,False,,
9805,osm,way/799319833,105,백운산 (의왕시),,0.018,,0.3,0.2,,False,,
9806,osm,way/799323536,105,백운산 (의왕시),,0.169,,3.0,2.1,토사,False,,
9807,osm,way/799323536,105,백운산 (의왕시),,0.335,,5.9,4.2,토사,False,,
9808,osm,way/799323536,105,백운산 (의왕시),,0.089,,1.6,1.1,토사,False,,
9809,osm,way/799323536,105,백운산 (의왕시),,1.428,,25.0,17.8,토사,False,,
9810,osm,way/799324981,105,백운산 (의왕시),,0.978,,17.1,12.2,,False,,
9811,osm,way/799324981,105,백운산 (의왕시),,0.605,,10.6,7.6,,False,,
9812,osm,way/799324981,105,백운산 (의왕시),,0.066,,1.1,0.8,,False,,
9813,osm,way/799324983,105,백운산 (의왕시),,0.114,,2.0,1.4,,False,,
9814,osm,way/799328268,105,백운산 (의왕시),,0.687,,12.0,8.6,,False,,
9815,osm,way/799340806,105,백운산 (의왕시),,0.397,,6.9,5.0,,False,,
9816,osm,way/799340806,105,백운산 (의왕시),,0.163,,2.9,2.0,,False,,
9817,osm,way/799340806,105,백운산 (의왕시),,0.392,,6.9,4.9,,False,,
9818,osm,way/799340806,105,백운산 (의왕시),,0.448,,7.8,5.6,,False,,
9819,osm,way/799340806,105,백운산 (의왕시),,0.055,,1.0,0.7,,False,,
9820,osm,way/799340806,105,백운산 (의왕시),,0.071,,1.2,0.9,,False,,
9821,osm,way/799348883,105,백운산 (의왕시),,1.274,,22.3,15.9,토사,False,,
9822,osm,way/799361075,105,백운산 (의왕시),,0.14,,2.4,1.7,토사,False,,
9823,osm,way/799361819,105,백운산 (의왕시),,0.328,,5.7,4.1,토사,False,,
9824,osm,way/799361819,105,백운산 (의왕시),,0.912,,16.0,11.4,토사,False,,
9825,osm,way/799361819,105,백운산 (의왕시),,0.483,,8.5,6.0,토사,False,,
9826,osm,way/799364744,105,백운산 (의왕시),,0.034,,0.6,0.4,토사,False,,
9827,osm,way/799364744,105,백운산 (의왕시),,0.188,,3.3,2.4,토사,False,,
9828,osm,way/799364744,105,백운산 (의왕시),,0.013,,0.2,0.2,토사,False,,
9829,osm,way/799364744,105,백운산 (의왕시),,0.054,,0.9,0.7,토사,False,,
9830,osm,way/799364744,105,백운산 (의왕시),,0.054,,0.9,0.7,토사,False,,
9831,osm,way/799364744,105,백운산 (의왕시),,0.051,,0.9,0.6,토사,False,,
9832,osm,way/799364744,105,백운산 (의왕시),,0.134,,2.3,1.7,토사,False,,
9833,osm,way/799364744,105,백운산 (의왕시),,0.033,,0.6,0.4,토사,False,,
9834,osm,way/799364744,105,백운산 (의왕시),,0.412,,7.2,5.2,토사,False,,
9835,osm,way/799364745,105,백운산 (의왕시),,0.082,,1.4,1.0,,False,,
9836,osm,way/799364745,105,백운산 (의왕시),,0.096,,1.7,1.2,,False,,
9837,osm,way/799367720,105,백운산 (의왕시),,0.394,,6.9,4.9,,False,,
9838,osm,way/799367720,105,백운산 (의왕시),,0.502,,8.8,6.3,,False,,
9839,osm,way/799367720,105,백운산 (의왕시),,0.262,,4.6,3.3,,False,,
9840,osm,way/799367720,105,백운산 (의왕시),,0.001,,0.0,0.0,,False,,
9841,osm,way/799374957,105,백운산 (의왕시),,0.133,,2.3,1.7,,False,,
9842,osm,way/799374957,105,백운산 (의왕시),,2.701,,47.3,33.8,,False,,
9843,osm,way/799827269,105,백운산 (의왕시),,0.257,,4.5,3.2,,False,,
9844,osm,way/799827269,105,백운산 (의왕시),,0.143,,2.5,1.8,,False,,
9845,osm,way/799827269,105,백운산 (의왕시),,0.061,,1.1,0.8,,False,,
9846,osm,way/799827269,105,백운산 (의왕시),,0.245,,4.3,3.1,,False,,
9847,osm,way/799827269,105,백운산 (의왕시),,0.087,,1.5,1.1,,False,,
9848,osm,way/799827269,105,백운산 (의왕시),,0.406,,7.1,5.1,,False,,
9849,osm,way/799827269,105,백운산 (의왕시),,0.111,,1.9,1.4,,False,,
9850,osm,way/799827270,105,백운산 (의왕시),,0.065,,1.1,0.8,토사,False,,
9851,osm,way/799827270,105,백운산 (의왕시),,1.393,,24.4,17.4,토사,False,,
9852,osm,way/799827271,105,백운산 (의왕시),,0.924,,16.2,11.5,,False,,
9853,osm,way/815171693,105,백운산 (의왕시),,0.432,,7.6,5.4,,False,,
9854,osm,way/815171694,105,백운산 (의왕시),,0.958,,16.8,12.0,,False,,
9855,osm,way/815171694,105,백운산 (의왕시),,1.163,,20.3,14.5,,False,,
9856,osm,way/815171694,105,백운산 (의왕시),,0.757,,13.3,9.5,,False,,
9857,osm,way/815171695,105,백운산 (의왕시),,0.295,,5.2,3.7,,False,,
9858,osm,way/815171696,105,백운산 (의왕시),,0.147,,2.6,1.8,,False,,
9859,osm,way/815177612,105,백운산 (의왕시),,0.517,,9.1,6.5,,False,,
9860,osm,way/815177613,105,백운산 (의왕시),,0.179,,3.1,2.2,,False,,
9861,osm,way/815177614,105,백운산 (의왕시),,0.289,,5.1,3.6,,False,,
9862,osm,way/815177615,105,백운산 (의왕시),,0.01,,0.2,0.1,,False,,
9863,osm,way/815177619,105,백운산 (의왕시),,0.123,,2.2,1.5,,False,,
9864,osm,way/815177619,105,백운산 (의왕시),,0.049,,0.9,0.6,,False,,
9865,osm,way/815177619,105,백운산 (의왕시),,0.188,,3.3,2.4,,False,,
9866,osm,way/933225927,105,백운산 (의왕시),,0.509,,8.9,6.4,,False,,
9867,osm,way/934158664,105,백운산 (의왕시),,0.113,,2.0,1.4,,False,,
9868,osm,way/934158664,105,백운산 (의왕시),,0.809,,14.2,10.1,,False,,
9869,osm,way/934158664,105,백운산 (의왕시),,0.156,,2.7,2.0,,False,,
9870,osm,way/934158664,105,백운산 (의왕시),,0.016,,0.3,0.2,,False,,
9871,osm,way/934158664,105,백운산 (의왕시),,0.429,,7.5,5.4,,False,,
9872,osm,way/934158664,105,백운산 (의왕시),,0.456,,8.0,5.7,,False,,
9873,osm,way/965501941,105,백운산 (의왕시),,0.095,,1.7,1.2,,False,,
9874,osm,way/965501941,105,백운산 (의왕시),,0.439,,7.7,5.5,,False,,
9875,osm,way/965501942,105,백운산 (의왕시),,0.614,,10.8,7.7,,False,,
9876,osm,way/965501943,105,백운산 (의왕시),바라산숲길,0.61,,10.7,7.6,unpaved,False,,
9877,osm,way/965501943,105,백운산 (의왕시),바라산숲길,0.063,,1.1,0.8,unpaved,False,,
9878,osm,way/965501943,105,백운산 (의왕시),바라산숲길,0.514,,9.0,6.4,unpaved,False,,
9879,osm,way/965501943,105,백운산 (의왕시),바라산숲길,2.666,,46.7,33.3,unpaved,False,,
9880,osm,way/965501948,105,백운산 (의왕시),,0.039,,0.7,0.5,,False,,
9881,osm,way/965501949,105,백운산 (의왕시),,0.056,,1.0,0.7,,False,,
9882,osm,way/965501950,105,백운산 (의왕시),,0.06,,1.0,0.7,,False,,
9883,osm,way/965501951,105,백운산 (의왕시),,0.042,,0.7,0.5,,False,,
9884,osm,way/965501953,105,백운산 (의왕시),,0.039,,0.7,0.5,,False,,
9885,osm,way/965501954,105,백운산 (의왕시),,0.048,,0.8,0.6,,False,,
9886,osm,way/965501955,105,백운산 (의왕시),,0.359,,6.3,4.5,,False,,
9887,osm,way/965501955,105,백운산 (의왕시),,0.104,,1.8,1.3,,False,,
9888,osm,way/965501955,105,백운산 (의왕시),,0.213,,3.7,2.7,,False,,
9889,osm,way/965501955,105,백운산 (의왕시),,0.006,,0.1,0.1,,False,,
9890,osm,way/965501955,105,백운산 (의왕시),,0.073,,1.3,0.9,,False,,
9891,osm,way/965501955,105,백운산 (의왕시),,0.011,,0.2,0.1,,False,,
9892,osm,way/965501955,105,백운산 (의왕시),,0.036,,0.6,0.4,,False,,
9893,osm,way/965501955,105,백운산 (의왕시),,0.049,,0.9,0.6,,False,,
9894,osm,way/965501956,105,백운산 (의왕시),,0.336,,5.9,4.2,,False,,
9895,osm,way/965501956,105,백운산 (의왕시),,0.092,,1.6,1.2,,False,,
9896,osm,way/965501956,105,백운산 (의왕시),,0.104,,1.8,1.3,,False,,
9897,osm,way/965501956,105,백운산 (의왕시),,0.459,,8.0,5.7,,False,,
9898,osm,way/965501956,105,백운산 (의왕시),,0.014,,0.2,0.2,,False,,
9899,osm,way/965501957,105,백운산 (의왕시),,0.035,,0.6,0.4,,False,,
9900,osm,way/965501957,105,백운산 (의왕시),,0.044,,0.8,0.5,,False,,
9901,osm,way/965501957,105,백운산 (의왕시),,0.001,,0.0,0.0,,False,,
9902,osm,way/965501957,105,백운산 (의왕시),,0.077,,1.4,1.0,,False,,
9903,osm,way/965501957,105,백운산 (의왕시),,0.017,,0.3,0.2,,False,,
9904,osm,way/965501957,105,백운산 (의왕시),,0.198,,3.5,2.5,,False,,
9905,osm,way/965501957,105,백운산 (의왕시),,0.032,,0.6,0.4,,False,,
9906,osm,way/965501957,105,백운산 (의왕시),,0.311,,5.4,3.9,,False,,
9907,osm,way/1028967577,105,백운산 (의왕시),,0.18,,3.1,2.2,,False,,
9908,osm,way/1028967577,105,백운산 (의왕시),,0.058,,1.0,0.7,,False,,
9909,osm,way/1028967578,105,백운산 (의왕시),,0.057,,1.0,0.7,,False,,
9910,osm,way/1028967579,105,백운산 (의왕시),,0.012,,0.2,0.1,,False,,
9911,osm,way/1028967580,105,백운산 (의왕시),,0.002,,0.0,0.0,,False,,
9912,osm,way/1028967581,105,백운산 (의왕시),,0.002,,0.0,0.0,,False,,
9913,osm,way/1028967582,105,백운산 (의왕시),,0.009,,0.2,0.1,,False,,
9914,osm,way/1028967583,105,백운산 (의왕시),,0.003,,0.0,0.0,,False,,
9915,osm,way/1028967584,105,백운산 (의왕시),,0.003,,0.0,0.0,,False,,
9916,osm,way/1028967585,105,백운산 (의왕시),,0.012,,0.2,0.1,,False,,
9917,osm,way/1028967586,105,백운산 (의왕시),,0.003,,0.1,0.0,,False,,
9918,osm,way/1028967587,105,백운산 (의왕시),,0.003,,0.1,0.0,,False,,
9919,osm,way/1028967588,105,백운산 (의왕시),,0.04,,0.7,0.5,,False,,
9920,osm,way/1028967589,105,백운산 (의왕시),,0.013,,0.2,0.2,,False,,
9921,osm,way/1028967590,105,백운산 (의왕시),,0.003,,0.1,0.0,,False,,
9922,osm,way/1028967591,105,백운산 (의왕시),,0.003,,0.1,0.0,,False,,
9923,osm,way/1028967592,105,백운산 (의왕시),,0.013,,0.2,0.2,,False,,
9924,osm,way/1028967593,105,백운산 (의왕시),,0.003,,0.0,0.0,,False,,
9925,osm,way/1028967594,105,백운산 (의왕시),,0.002,,0.0,0.0,,False,,
9926,osm,way/1108834680,105,백운산 (의왕시),,0.743,,13.0,9.3,,False,,
9927,osm,way/1108834680,105,백운산 (의왕시),,0.112,,2.0,1.4,,False,,
9928,osm,way/1108834681,105,백운산 (의왕시),,0.293,,5.1,3.7,,False,,
9929,osm,way/1116689110,105,백운산 (의왕시),,0.311,,5.4,3.9,,False,,
9930,osm,way/1116689110,105,백운산 (의왕시),,0.287,,5.0,3.6,,False,,
9931,osm,way/1116689110,105,백운산 (의왕시),,0.442,,7.7,5.5,,False,,
9932,osm,way/1116689110,105,백운산 (의왕시),,0.334,,5.8,4.2,,False,,
9933,osm,way/1116689110,105,백운산 (의왕시),,0.017,,0.3,0.2,,False,,
9934,osm,way/1116689111,105,백운산 (의왕시),바라365희망계단,0.125,,2.2,1.6,,False,,
9935,osm,way/1116689112,105,백운산 (의왕시),한남정맥,0.269,,4.7,3.4,,False,,
9936,osm,way/1116689113,105,백운산 (의왕시),한남정맥,0.026,,0.5,0.3,,False,,
9937,osm,way/1116689114,105,백운산 (의왕시),한남정맥,0.032,,0.6,0.4,,False,,
9938,osm,way/1116689115,105,백운산 (의왕시),한남정맥,0.139,,2.4,1.7,,False,,
9939,osm,way/1116689116,105,백운산 (의왕시),한남정맥,0.068,,1.2,0.8,,False,,
9940,osm,way/1116689117,105,백운산 (의왕시),한남정맥,0.083,,1.5,1.0,,False,,
9941,osm,way/1116689118,105,백운산 (의왕시),한남정맥,0.055,,1.0,0.7,,False,,
9942,osm,way/1116689119,105,백운산 (의왕시),한남정맥,0.08,,1.4,1.0,,False,,
9943,osm,way/1116689119,105,백운산 (의왕시),한남정맥,0.394,,6.9,4.9,,False,,
9944,osm,way/1116689120,105,백운산 (의왕시),한남정맥,0.088,,1.5,1.1,목재,False,,
9945,osm,way/1116689120,105,백운산 (의왕시),한남정맥,0.006,,0.1,0.1,목재,False,,
9946,osm,way/1116689121,105,백운산 (의왕시),한남정맥,0.038,,0.7,0.5,토사,False,,
9947,osm,way/1116689121,105,백운산 (의왕시),한남정맥,0.087,,1.5,1.1,토사,False,,
9948,osm,way/1116689122,105,백운산 (의왕시),한남정맥,0.028,,0.5,0.3,,False,,
9949,osm,way/1120968619,105,백운산 (의왕시),,0.037,,0.6,0.5,토사,False,,
9950,osm,way/1120968621,105,백운산 (의왕시),,0.336,,5.9,4.2,토사,False,,
9951,osm,way/1120968621,105,백운산 (의왕시),,0.808,,14.1,10.1,토사,False,,
9952,osm,way/1120968622,105,백운산 (의왕시),,2.37,,41.5,29.6,토사,False,,
9953,osm,way/1120968622,105,백운산 (의왕시),,0.103,,1.8,1.3,토사,False,,
9954,osm,way/1120968623,105,백운산 (의왕시),,0.167,,2.9,2.1,토사,False,,
9955,osm,way/1120971463,105,백운산 (의왕시),,0.015,,0.3,0.2,토사,False,,
9956,osm,way/1120971464,105,백운산 (의왕시),,0.12,,2.1,1.5,토사,False,,
9957,osm,way/1120971464,105,백운산 (의왕시),,0.058,,1.0,0.7,토사,False,,
9958,osm,way/1120971464,105,백운산 (의왕시),,0.007,,0.1,0.1,토사,False,,
9959,osm,way/1120971465,105,백운산 (의왕시),,0.096,,1.7,1.2,토사,False,,
9960,osm,way/1120971466,105,백운산 (의왕시),,0.159,,2.8,2.0,토사,False,,
9961,osm,way/1120971466,105,백운산 (의왕시),,0.054,,0.9,0.7,토사,False,,
9962,osm,way/1120971467,105,백운산 (의왕시),,0.021,,0.4,0.3,토사,False,,
9963,osm,way/1120971468,105,백운산 (의왕시),,0.053,,0.9,0.7,토사,False,,
9964,osm,way/1120971468,105,백운산 (의왕시),,0.055,,1.0,0.7,토사,False,,
9965,osm,way/1120971468,105,백운산 (의왕시),,0.18,,3.1,2.2,토사,False,,
9966,osm,way/1120971468,105,백운산 (의왕시),,0.007,,0.1,0.1,토사,False,,
9967,osm,way/1120971469,105,백운산 (의왕시),,0.044,,0.8,0.5,토사,False,,
9968,osm,way/1120978289,105,백운산 (의왕시),,0.173,,3.0,2.2,토사,False,,
9969,osm,way/1120978290,105,백운산 (의왕시),,0.058,,1.0,0.7,토사,False,,
9970,osm,way/1122102341,105,백운산 (의왕시),,0.068,,1.2,0.8,,False,,
9971,osm,way/1122102342,105,백운산 (의왕시),,0.019,,0.3,0.2,,False,,
9972,osm,way/1122102343,105,백운산 (의왕시),,0.085,,1.5,1.1,토사,False,,
9973,osm,way/1122102343,105,백운산 (의왕시),,0.063,,1.1,0.8,토사,False,,
9974,osm,way/1122102343,105,백운산 (의왕시),,0.315,,5.5,3.9,토사,False,,
9975,osm,way/1122102343,105,백운산 (의왕시),,0.104,,1.8,1.3,토사,False,,
9976,osm,way/1122104800,105,백운산 (의왕시),,0.417,,7.3,5.2,,False,,
9977,osm,way/1122104802,105,백운산 (의왕시),,0.211,,3.7,2.6,,False,,
9978,osm,way/1122104803,105,백운산 (의왕시),,0.24,,4.2,3.0,토사,False,,
9979,osm,way/1122104803,105,백운산 (의왕시),,0.062,,1.1,0.8,토사,False,,
9980,osm,way/1122104804,105,백운산 (의왕시),,0.762,,13.3,9.5,토사,False,,
9981,osm,way/1122105741,105,백운산 (의왕시),,0.214,,3.8,2.7,토사,False,,
9982,osm,way/1122108064,105,백운산 (의왕시),,1.018,,17.8,12.7,토사,False,,
9983,osm,way/1122108064,105,백운산 (의왕시),,0.961,,16.8,12.0,토사,False,,
9984,osm,way/1122108064,105,백운산 (의왕시),,0.801,,14.0,10.0,토사,False,,
9985,osm,way/1122108065,105,백운산 (의왕시),,0.596,,10.4,7.5,토사,False,,
9986,osm,way/1122108065,105,백운산 (의왕시),,0.502,,8.8,6.3,토사,False,,
9987,osm,way/1122108067,105,백운산 (의왕시),,0.231,,4.0,2.9,토사,False,,
9988,osm,way/1122109632,105,백운산 (의왕시),,0.516,,9.0,6.5,토사,False,,
9989,osm,way/1122109632,105,백운산 (의왕시),,0.028,,0.5,0.3,토사,False,,
9990,osm,way/1122109633,105,백운산 (의왕시),모수길,0.537,,9.4,6.7,토사,False,,
9991,osm,way/1122110471,105,백운산 (의왕시),,0.444,,7.8,5.6,토사,False,,
9992,osm,way/1122110471,105,백운산 (의왕시),,0.537,,9.4,6.7,토사,False,,
9993,osm,way/1122829406,105,백운산 (의왕시),,0.01,,0.2,0.1,토사,False,,
9994,osm,way/1122829406,105,백운산 (의왕시),,0.241,,4.2,3.0,토사,False,,
9995,osm,way/1122829406,105,백운산 (의왕시),,0.118,,2.1,1.5,토사,False,,
9996,osm,way/1122829406,105,백운산 (의왕시),,0.008,,0.1,0.1,토사,False,,
9997,osm,way/1122829407,105,백운산 (의왕시),,0.008,,0.1,0.1,토사,False,,
9998,osm,way/1122829409,105,백운산 (의왕시),,0.268,,4.7,3.3,토사,False,,
9999,osm,way/1122829410,105,백운산 (의왕시),,0.01,,0.2,0.1,토사,False,,
10000,osm,way/1122829411,105,백운산 (의왕시),,0.165,,2.9,2.1,,False,,
10001,osm,way/1122829414,105,백운산 (의왕시),,0.145,,2.5,1.8,토사,False,,
10002,osm,way/1122829414,105,백운산 (의왕시),,0.522,,9.1,6.5,토사,False,,
10003,osm,way/1122829414,105,백운산 (의왕시),,0.474,,8.3,5.9,토사,False,,
10004,osm,way/1122829414,105,백운산 (의왕시),,0.093,,1.6,1.2,토사,False,,
10005,osm,way/1122829414,105,백운산 (의왕시),,0.043,,0.7,0.5,토사,False,,
10006,osm,way/1122829415,105,백운산 (의왕시),,0.083,,1.5,1.0,토사,False,,
10007,osm,way/1122829416,105,백운산 (의왕시),,0.014,,0.2,0.2,,False,,
10008,osm,way/1122829417,105,백운산 (의왕시),,0.005,,0.1,0.1,토사,False,,
10009,osm,way/1122829417,105,백운산 (의왕시),,0.318,,5.6,4.0,토사,False,,
10010,osm,way/1122831369,105,백운산 (의왕시),모수길,0.585,,10.2,7.3,토사,False,,
10011,osm,way/1122831369,105,백운산 (의왕시),모수길,0.079,,1.4,1.0,토사,False,,
10012,osm,way/1122831369,105,백운산 (의왕시),모수길,0.007,,0.1,0.1,토사,False,,
10013,osm,way/1122831369,105,백운산 (의왕시),모수길,0.117,,2.0,1.5,토사,False,,
10014,osm,way/1122831369,105,백운산 (의왕시),모수길,0.208,,3.6,2.6,토사,False,,
10015,osm,way/1122831369,105,백운산 (의왕시),모수길,0.512,,9.0,6.4,토사,False,,
10016,osm,way/1122831369,105,백운산 (의왕시),모수길,0.202,,3.5,2.5,토사,False,,
10017,osm,way/1122831372,105,백운산 (의왕시),,0.355,,6.2,4.4,토사,False,,
10018,osm,way/1122831372,105,백운산 (의왕시),,0.194,,3.4,2.4,토사,False,,
10019,osm,way/1122831375,105,백운산 (의왕시),,0.338,,5.9,4.2,토사,False,,
10020,osm,way/1122831376,105,백운산 (의왕시),,0.671,,11.7,8.4,토사,False,,
10021,osm,way/1122831376,105,백운산 (의왕시),,0.26,,4.5,3.2,토사,False,,
10022,osm,way/1122832577,105,백운산 (의왕시),,0.069,,1.2,0.9,토사,False,,
10023,osm,way/1122832577,105,백운산 (의왕시),,0.085,,1.5,1.1,토사,False,,
10024,osm,way/1122832577,105,백운산 (의왕시),,0.147,,2.6,1.8,토사,False,,
10025,osm,way/1122832973,105,백운산 (의왕시),,0.294,,5.1,3.7,토사,False,,
10026,osm,way/1122832973,105,백운산 (의왕시),,0.329,,5.8,4.1,토사,False,,
10027,osm,way/1122832974,105,백운산 (의왕시),,0.029,,0.5,0.4,,False,,
10028,osm,way/1122832974,105,백운산 (의왕시),,0.223,,3.9,2.8,,False,,
10029,osm,way/1122832975,105,백운산 (의왕시),,0.054,,0.9,0.7,,False,,
10030,osm,way/1122832976,105,백운산 (의왕시),,0.057,,1.0,0.7,,False,,
10031,osm,way/1122832976,105,백운산 (의왕시),,0.007,,0.1,0.1,,False,,
10032,osm,way/1122832976,105,백운산 (의왕시),,0.018,,0.3,0.2,,False,,
10033,osm,way/1123264269,105,백운산 (의왕시),,0.164,,2.9,2.1,토사,False,,
10034,osm,way/1123264270,105,백운산 (의왕시),,0.553,,9.7,6.9,토사,False,,
10035,osm,way/1123264271,105,백운산 (의왕시),,0.475,,8.3,5.9,토사,False,,
10036,osm,way/1123264272,105,백운산 (의왕시),,0.277,,4.9,3.5,토사,False,,
10037,osm,way/1123264272,105,백운산 (의왕시),,0.034,,0.6,0.4,토사,False,,
10038,osm,way/1123264274,105,백운산 (의왕시),,0.567,,9.9,7.1,토사,False,,
10039,osm,way/1123264275,105,백운산 (의왕시),모수길,0.032,,0.6,0.4,토사,False,,
10040,osm,way/1123264275,105,백운산 (의왕시),모수길,1.124,,19.7,14.1,토사,False,,
10041,osm,way/1123264276,105,백운산 (의왕시),,0.239,,4.2,3.0,토사,False,,
10042,osm,way/1123264278,105,백운산 (의왕시),,0.127,,2.2,1.6,토사,False,,
10043,osm,way/1123264280,105,백운산 (의왕시),,0.205,,3.6,2.6,토사,False,,
10044,osm,way/1123264281,105,백운산 (의왕시),,1.847,,32.3,23.1,토사,False,,
10045,osm,way/1123264282,105,백운산 (의왕시),,0.331,,5.8,4.1,토사,False,,
10046,osm,way/1123264283,105,백운산 (의왕시),,0.325,,5.7,4.1,토사,False,,
10047,osm,way/1123264284,105,백운산 (의왕시),,0.313,,5.5,3.9,토사,False,,
10048,osm,way/1123264285,105,백운산 (의왕시),,0.345,,6.0,4.3,토사,False,,
10049,osm,way/1123264285,105,백운산 (의왕시),,0.022,,0.4,0.3,토사,False,,
10050,osm,way/1123264286,105,백운산 (의왕시),,0.357,,6.3,4.5,토사,False,,
10051,osm,way/1123264286,105,백운산 (의왕시),,0.524,,9.2,6.5,토사,False,,
10052,osm,way/1123264288,105,백운산 (의왕시),,0.651,,11.4,8.1,토사,False,,
10053,osm,way/1123264289,105,백운산 (의왕시),,1.315,,23.0,16.4,토사,False,,
10054,osm,way/1123264290,105,백운산 (의왕시),,1.407,,24.6,17.6,토사,False,,
10055,osm,way/1123264291,105,백운산 (의왕시),,1.701,,29.8,21.3,토사,False,,
10056,osm,way/1123264292,105,백운산 (의왕시),,0.539,,9.4,6.7,토사,False,,
10057,osm,way/1123264293,105,백운산 (의왕시),,1.685,,29.5,21.1,토사,False,,
10058,osm,way/1123264294,105,백운산 (의왕시),,0.385,,6.7,4.8,토사,False,,
10059,osm,way/1123264294,105,백운산 (의왕시),,1.101,,19.3,13.8,토사,False,,
10060,osm,way/1123264295,105,백운산 (의왕시),,0.16,,2.8,2.0,토사,False,,
10061,osm,way/1134707137,105,백운산 (의왕시),,0.085,,1.5,1.1,토사,False,,
10062,osm,way/1134707138,105,백운산 (의왕시),,0.086,,1.5,1.1,토사,False,,
10063,osm,way/1135570814,105,백운산 (의왕시),모수길,0.29,,5.1,3.6,토사,False,,
10064,osm,way/1135570814,105,백운산 (의왕시),모수길,0.043,,0.7,0.5,토사,False,,
10065,osm,way/1135570814,105,백운산 (의왕시),모수길,0.292,,5.1,3.7,토사,False,,
10066,osm,way/1135570814,105,백운산 (의왕시),모수길,0.054,,0.9,0.7,토사,False,,
10067,osm,way/1135570814,105,백운산 (의왕시),모수길,0.076,,1.3,1.0,토사,False,,
10068,osm,way/1135570815,105,백운산 (의왕시),,0.171,,3.0,2.1,토사,False,,
10069,osm,way/1135570817,105,백운산 (의왕시),,0.086,,1.5,1.1,토사,False,,
10070,osm,way/1135570817,105,백운산 (의왕시),,0.094,,1.6,1.2,토사,False,,
10071,osm,way/1135570817,105,백운산 (의왕시),,0.102,,1.8,1.3,토사,False,,
10072,osm,way/1135570818,105,백운산 (의왕시),,1.076,,18.8,13.4,토사,False,,
10073,osm,way/1135570819,105,백운산 (의왕시),,0.063,,1.1,0.8,토사,False,,
10074,osm,way/1135570821,105,백운산 (의왕시),,0.461,,8.1,5.8,토사,False,,
10075,osm,way/1135570821,105,백운산 (의왕시),,0.661,,11.6,8.3,토사,False,,
10076,osm,way/1135570822,105,백운산 (의왕시),,0.287,,5.0,3.6,토사,False,,
10077,osm,way/1135570822,105,백운산 (의왕시),,0.684,,12.0,8.5,토사,False,,
10078,osm,way/1135570822,105,백운산 (의왕시),,0.081,,1.4,1.0,토사,False,,
10079,osm,way/1135570823,105,백운산 (의왕시),,0.629,,11.0,7.9,토사,False,,
10080,osm,way/1135570824,105,백운산 (의왕시),,0.364,,6.4,4.6,토사,False,,
10081,osm,way/1135570825,105,백운산 (의왕시),,0.196,,3.4,2.5,토사,False,,
10082,osm,way/1135570826,105,백운산 (의왕시),,0.442,,7.7,5.5,토사,False,,
10083,osm,way/1135570826,105,백운산 (의왕시),,0.513,,9.0,6.4,토사,False,,
10084,osm,way/1135570826,105,백운산 (의왕시),,0.247,,4.3,3.1,토사,False,,
10085,osm,way/1135570827,105,백운산 (의왕시),,0.984,,17.2,12.3,토사,False,,
10086,osm,way/1135570828,105,백운산 (의왕시),,0.137,,2.4,1.7,토사,False,,
10087,osm,way/1135570829,105,백운산 (의왕시),,0.317,,5.5,4.0,토사,False,,
10088,osm,way/1135570830,105,백운산 (의왕시),,0.168,,2.9,2.1,토사,False,,
10089,osm,way/1135570830,105,백운산 (의왕시),,0.45,,7.9,5.6,토사,False,,
10090,osm,way/1135570830,105,백운산 (의왕시),,0.162,,2.8,2.0,토사,False,,
10091,osm,way/1135570830,105,백운산 (의왕시),,0.783,,13.7,9.8,토사,False,,
10092,osm,way/1135570831,105,백운산 (의왕시),,0.1,,1.7,1.2,토사,False,,
10093,osm,way/1135570833,105,백운산 (의왕시),,0.648,,11.3,8.1,토사,False,,
10094,osm,way/1135570834,105,백운산 (의왕시),,0.045,,0.8,0.6,토사,False,,
10095,osm,way/1135570834,105,백운산 (의왕시),,0.037,,0.7,0.5,토사,False,,
10096,osm,way/1135570834,105,백운산 (의왕시),,0.15,,2.6,1.9,토사,False,,
10097,osm,way/1135609170,105,백운산 (의왕시),,1.052,,18.4,13.2,토사,False,,
10098,osm,way/1137771467,105,백운산 (의왕시),,0.037,,0.6,0.5,토사,False,,
10099,osm,way/1147541880,105,백운산 (의왕시),,0.083,,1.5,1.0,토사,False,,
10100,osm,way/1147541881,105,백운산 (의왕시),,0.016,,0.3,0.2,토사,False,,
10101,osm,way/1147541882,105,백운산 (의왕시),,0.018,,0.3,0.2,토사,False,,
10102,osm,way/1147541883,105,백운산 (의왕시),,0.008,,0.1,0.1,토사,False,,
10103,osm,way/1147541884,105,백운산 (의왕시),,0.106,,1.8,1.3,토사,False,,
10104,osm,way/1147541885,105,백운산 (의왕시),,0.008,,0.1,0.1,토사,False,,
10105,osm,way/1147541886,105,백운산 (의왕시),,0.023,,0.4,0.3,토사,False,,
10106,osm,way/1147541887,105,백운산 (의왕시),한남정맥,0.02,,0.4,0.3,,False,,
10107,osm,way/1147541887,105,백운산 (의왕시),한남정맥,0.065,,1.1,0.8,,False,,
10108,osm,way/1147541887,105,백운산 (의왕시),한남정맥,0.067,,1.2,0.8,,False,,
10109,osm,way/1147541887,105,백운산 (의왕시),한남정맥,0.037,,0.6,0.5,,False,,
10110,osm,way/1147541888,105,백운산 (의왕시),한남정맥,0.028,,0.5,0.4,,False,,
10111,osm,way/1147541889,105,백운산 (의왕시),,0.149,,2.6,1.9,토사,False,,
10112,osm,way/1147541890,105,백운산 (의왕시),,0.047,,0.8,0.6,토사,False,,
10113,osm,way/1147541891,105,백운산 (의왕시),,0.275,,4.8,3.4,토사,False,,
10114,osm,way/1147541891,105,백운산 (의왕시),,0.012,,0.2,0.2,토사,False,,
10115,osm,way/1147541893,105,백운산 (의왕시),,0.012,,0.2,0.1,토사,False,,
10116,osm,way/1147541894,105,백운산 (의왕시),,0.421,,7.4,5.3,토사,False,,
10117,osm,way/1147541895,105,백운산 (의왕시),,0.04,,0.7,0.5,토사,False,,
10118,osm,way/1147545038,105,백운산 (의왕시),,0.041,,0.7,0.5,토사,False,,
10119,osm,way/1147545038,105,백운산 (의왕시),,0.191,,3.4,2.4,토사,False,,
10120,osm,way/1147545038,105,백운산 (의왕시),,0.005,,0.1,0.1,토사,False,,
10121,osm,way/1147545039,105,백운산 (의왕시),,0.005,,0.1,0.1,토사,False,,
10122,osm,way/1147545041,105,백운산 (의왕시),,0.014,,0.2,0.2,,False,,
10123,osm,way/1147545042,105,백운산 (의왕시),,0.006,,0.1,0.1,,False,,
10124,osm,way/1147545043,105,백운산 (의왕시),,0.001,,0.0,0.0,,False,,
10125,osm,way/1147545044,105,백운산 (의왕시),,0.042,,0.7,0.5,,False,,
10126,osm,way/1147545044,105,백운산 (의왕시),,0.093,,1.6,1.2,,False,,
10127,osm,way/1147545044,105,백운산 (의왕시),,0.095,,1.7,1.2,,False,,
10128,osm,way/1147545045,105,백운산 (의왕시),,1.028,,18.0,12.8,토사,False,,
10129,osm,way/1147545045,105,백운산 (의왕시),,0.11,,1.9,1.4,토사,False,,
10130,osm,way/1147545047,105,백운산 (의왕시),,0.046,,0.8,0.6,토사,False,,
10131,osm,way/1147545049,105,백운산 (의왕시),,0.017,,0.3,0.2,토사,False,,
10132,osm,way/1150348411,105,백운산 (의왕시),,0.135,,2.4,1.7,토사,False,,
10133,osm,way/1150348411,105,백운산 (의왕시),,0.105,,1.8,1.3,토사,False,,
10134,osm,way/1150348411,105,백운산 (의왕시),,0.865,,15.1,10.8,토사,False,,
10135,osm,way/1150348412,105,백운산 (의왕시),,0.01,,0.2,0.1,토사,False,,
10136,osm,way/1150348414,105,백운산 (의왕시),,0.014,,0.2,0.2,토사,False,,
10137,osm,way/1154218253,105,백운산 (의왕시),,0.571,,10.0,7.1,,False,,
10138,osm,way/1154218254,105,백운산 (의왕시),,0.518,,9.1,6.5,토사,False,,
10139,osm,way/1154218256,105,백운산 (의왕시),,1.3,,22.8,16.3,토사,False,,
10140,osm,way/1154218257,105,백운산 (의왕시),,0.796,,13.9,9.9,토사,False,,
10141,osm,way/1154225024,105,백운산 (의왕시),,1.053,,18.4,13.2,토사,False,,
10142,osm,way/1154226017,105,백운산 (의왕시),,0.567,,9.9,7.1,토사,False,,
10143,osm,way/1154226577,105,백운산 (의왕시),,0.215,,3.8,2.7,토사,False,,
10144,osm,way/1154226579,105,백운산 (의왕시),,0.818,,14.3,10.2,토사,False,,
10145,osm,way/1154226579,105,백운산 (의왕시),,0.765,,13.4,9.6,토사,False,,
10146,osm,way/1154226580,105,백운산 (의왕시),,0.44,,7.7,5.5,토사,False,,
10147,osm,way/1154226581,105,백운산 (의왕시),,0.145,,2.5,1.8,토사,False,,
10148,osm,way/1154227809,105,백운산 (의왕시),,0.394,,6.9,4.9,토사,False,,
10149,osm,way/1154227810,105,백운산 (의왕시),,0.306,,5.4,3.8,토사,False,,
10150,osm,way/1154737976,105,백운산 (의왕시),,0.024,,0.4,0.3,토사,False,,
10151,osm,way/1154737976,105,백운산 (의왕시),,0.172,,3.0,2.1,토사,False,,
10152,osm,way/1178504926,105,백운산 (의왕시),,0.056,,1.0,0.7,토사,False,,
10153,osm,way/1178504926,105,백운산 (의왕시),,0.39,,6.8,4.9,토사,False,,
10154,osm,way/1178504926,105,백운산 (의왕시),,0.322,,5.6,4.0,토사,False,,
10155,osm,way/1178504926,105,백운산 (의왕시),,0.653,,11.4,8.2,토사,False,,
10156,osm,way/1178504927,105,백운산 (의왕시),,0.136,,2.4,1.7,토사,False,,
10157,osm,way/1178504928,105,백운산 (의왕시),,0.022,,0.4,0.3,토사,False,,
10158,osm,way/1184923363,105,백운산 (의왕시),,0.227,,4.0,2.8,토사,False,,
10159,osm,way/1184923363,105,백운산 (의왕시),,0.631,,11.0,7.9,토사,False,,
10160,osm,way/1184923364,105,백운산 (의왕시),,0.116,,2.0,1.4,토사,False,,
10161,osm,way/1184923365,105,백운산 (의왕시),,0.062,,1.1,0.8,토사,False,,
10162,osm,way/1184923365,105,백운산 (의왕시),,0.459,,8.0,5.7,토사,False,,
10163,osm,way/1184923366,105,백운산 (의왕시),,0.018,,0.3,0.2,토사,False,,
10164,osm,way/1184923366,105,백운산 (의왕시),,0.059,,1.0,0.7,토사,False,,
10165,osm,way/1184923367,105,백운산 (의왕시),모수길,0.077,,1.3,1.0,토사,False,,
10166,osm,way/1184923367,105,백운산 (의왕시),모수길,0.024,,0.4,0.3,토사,False,,
10167,osm,way/1184923367,105,백운산 (의왕시),모수길,0.156,,2.7,2.0,토사,False,,
10168,osm,way/1184923367,105,백운산 (의왕시),모수길,0.057,,1.0,0.7,토사,False,,
10169,osm,way/1184923367,105,백운산 (의왕시),모수길,0.291,,5.1,3.6,토사,False,,
10170,osm,way/1184923367,105,백운산 (의왕시),모수길,0.047,,0.8,0.6,토사,False,,
10171,osm,way/1184923368,105,백운산 (의왕시),모수길,0.023,,0.4,0.3,목재,False,,
10172,osm,way/1184923369,105,백운산 (의왕시),,0.127,,2.2,1.6,토사,False,,
10173,osm,way/1184923370,105,백운산 (의왕시),,0.083,,1.4,1.0,토사,False,,
10174,osm,way/1184923370,105,백운산 (의왕시),,0.098,,1.7,1.2,토사,False,,
10175,osm,way/1184923371,105,백운산 (의왕시),,0.049,,0.9,0.6,토사,False,,
10176,osm,way/1184923372,105,백운산 (의왕시),,0.311,,5.4,3.9,토사,False,,
10177,osm,way/1184923372,105,백운산 (의왕시),,0.293,,5.1,3.7,토사,False,,
10178,osm,way/1184923374,105,백운산 (의왕시),한남정맥,0.18,,3.2,2.3,,False,,
10179,osm,way/1184923375,105,백운산 (의왕시),한남정맥,0.017,,0.3,0.2,,False,,
10180,osm,way/1184923376,105,백운산 (의왕시),한남정맥,0.081,,1.4,1.0,,False,,
10181,osm,way/1184923377,105,백운산 (의왕시),한남정맥,0.028,,0.5,0.3,포장,False,,
10182,osm,way/1184923378,105,백운산 (의왕시),한남정맥,0.011,,0.2,0.1,,False,,
10183,osm,way/1184923378,105,백운산 (의왕시),한남정맥,0.047,,0.8,0.6,,False,,
10184,osm,way/1184923379,105,백운산 (의왕시),,0.011,,0.2,0.1,목재,False,,
10185,osm,way/1184923380,105,백운산 (의왕시),한남정맥,0.173,,3.0,2.2,포장,False,,
10186,osm,way/1184923381,105,백운산 (의왕시),한남정맥,0.024,,0.4,0.3,포장,False,,
10187,osm,way/1184923382,105,백운산 (의왕시),,0.018,,0.3,0.2,목재,False,,
10188,osm,way/1184923383,105,백운산 (의왕시),한남정맥,0.012,,0.2,0.1,목재,False,,
10189,osm,way/1184923383,105,백운산 (의왕시),한남정맥,0.009,,0.2,0.1,목재,False,,
10190,osm,way/1184923383,105,백운산 (의왕시),한남정맥,0.021,,0.4,0.3,목재,False,,
10191,osm,way/1184923384,105,백운산 (의왕시),한남정맥,0.021,,0.4,0.3,목재,False,,
10192,osm,way/1184923385,105,백운산 (의왕시),한남정맥,0.021,,0.4,0.3,,False,,
10193,osm,way/1184923386,105,백운산 (의왕시),한남정맥,0.128,,2.2,1.6,,False,,
10194,osm,way/1184923387,105,백운산 (의왕시),한남정맥,0.025,,0.4,0.3,목재,False,,
10195,osm,way/1184923388,105,백운산 (의왕시),한남정맥,0.402,,7.0,5.0,,False,,
10196,osm,way/1184923389,105,백운산 (의왕시),한남정맥,0.101,,1.8,1.3,,False,,
10197,osm,way/1184923390,105,백운산 (의왕시),한남정맥,0.136,,2.4,1.7,,False,,
10198,osm,way/1184923391,105,백운산 (의왕시),한남정맥,0.011,,0.2,0.1,목재,False,,
10199,osm,way/1184923393,105,백운산 (의왕시),,0.05,,0.9,0.6,토사,False,,
10200,osm,way/1184923394,105,백운산 (의왕시),,0.046,,0.8,0.6,토사,False,,
10201,osm,way/1184923395,105,백운산 (의왕시),한남정맥,0.027,,0.5,0.3,목재,False,,
10202,osm,way/1184923395,105,백운산 (의왕시),한남정맥,0.033,,0.6,0.4,목재,False,,
10203,osm,way/1184923396,105,백운산 (의왕시),,0.071,,1.2,0.9,토사,False,,
10204,osm,way/1184923397,105,백운산 (의왕시),한남정맥,0.044,,0.8,0.6,,False,,
10205,osm,way/1184923398,105,백운산 (의왕시),한남정맥,0.025,,0.4,0.3,,False,,
10206,osm,way/1184923399,105,백운산 (의왕시),한남정맥,0.125,,2.2,1.6,토사,False,,
10207,osm,way/1184923400,105,백운산 (의왕시),한남정맥,0.068,,1.2,0.8,토사,False,,
10208,osm,way/1184923401,105,백운산 (의왕시),한남정맥,0.019,,0.3,0.2,토사,False,,
10209,osm,way/1184923402,105,백운산 (의왕시),한남정맥,0.029,,0.5,0.4,,False,,
10210,osm,way/1184923403,105,백운산 (의왕시),한남정맥,0.019,,0.3,0.2,목재,False,,
10211,osm,way/1184923404,105,백운산 (의왕시),한남정맥,0.011,,0.2,0.1,,False,,
10212,osm,way/1184923405,105,백운산 (의왕시),한남정맥,0.096,,1.7,1.2,목재,False,,
10213,osm,way/1184923414,105,백운산 (의왕시),,0.432,,7.6,5.4,,False,,
10214,osm,way/1184923415,105,백운산 (의왕시),,0.016,,0.3,0.2,,False,,
10215,osm,way/1184923416,105,백운산 (의왕시),한남정맥,0.031,,0.5,0.4,목재,False,,
10216,osm,way/1184923417,105,백운산 (의왕시),한남정맥,0.037,,0.6,0.5,,False,,
10217,osm,way/1184923418,105,백운산 (의왕시),,0.064,,1.1,0.8,토사,False,,
10218,osm,way/1184923418,105,백운산 (의왕시),,0.232,,4.1,2.9,토사,False,,
10219,osm,way/1184928953,105,백운산 (의왕시),,0.121,,2.1,1.5,토사,False,,
10220,osm,way/1184928953,105,백운산 (의왕시),,0.146,,2.5,1.8,토사,False,,
10221,osm,way/1184928954,105,백운산 (의왕시),모수길,0.117,,2.0,1.5,토사,False,,
10222,osm,way/1184928954,105,백운산 (의왕시),모수길,0.161,,2.8,2.0,토사,False,,
10223,osm,way/1184928954,105,백운산 (의왕시),모수길,0.11,,1.9,1.4,토사,False,,
10224,osm,way/1184928954,105,백운산 (의왕시),모수길,0.159,,2.8,2.0,토사,False,,
10225,osm,way/1184928954,105,백운산 (의왕시),모수길,0.056,,1.0,0.7,토사,False,,
10226,osm,way/1184928967,105,백운산 (의왕시),,0.044,,0.8,0.5,,False,,
10227,osm,way/1184928968,105,백운산 (의왕시),,0.074,,1.3,0.9,포장,False,,
10228,osm,way/1184928969,105,백운산 (의왕시),,0.052,,0.9,0.7,목재,False,,
10229,osm,way/1184928970,105,백운산 (의왕시),,0.007,,0.1,0.1,,False,,
10230,osm,way/1184928970,105,백운산 (의왕시),,0.055,,1.0,0.7,,False,,
10231,osm,way/1184928971,105,백운산 (의왕시),,0.061,,1.1,0.8,목재,False,,
10232,osm,way/1184928972,105,백운산 (의왕시),,0.167,,2.9,2.1,,False,,
10233,osm,way/1184928973,105,백운산 (의왕시),,0.144,,2.5,1.8,토사,False,,
10234,osm,way/1187715969,105,백운산 (의왕시),,0.015,,0.3,0.2,포장,False,,
10235,osm,way/1187715970,105,백운산 (의왕시),,0.144,,2.5,1.8,포장,False,,
10236,osm,way/1187715976,105,백운산 (의왕시),,0.23,,4.0,2.9,포장,False,,
10237,osm,way/1187715978,105,백운산 (의왕시),,1.123,,19.7,14.0,토사,False,,
10238,osm,way/1187715979,105,백운산 (의왕시),,0.083,,1.5,1.0,토사,False,,
10239,osm,way/1187715980,105,백운산 (의왕시),,0.006,,0.1,0.1,토사,False,,
10240,osm,way/1187715981,105,백운산 (의왕시),모수길,0.01,,0.2,0.1,포장,False,,
10241,osm,way/1187715982,105,백운산 (의왕시),모수길,0.057,,1.0,0.7,포장,False,,
10242,osm,way/1187715983,105,백운산 (의왕시),모수길,0.018,,0.3,0.2,포장,False,,
10243,osm,way/1187715984,105,백운산 (의왕시),모수길,0.015,,0.3,0.2,토사,False,,
10244,osm,way/1187715985,105,백운산 (의왕시),모수길,0.023,,0.4,0.3,목재,False,,
10245,osm,way/1187715986,105,백운산 (의왕시),모수길,0.02,,0.3,0.2,토사,False,,
10246,osm,way/1187715989,105,백운산 (의왕시),,0.005,,0.1,0.1,목재,False,,
10247,osm,way/1187715990,105,백운산 (의왕시),,0.267,,4.7,3.3,토사,False,,
10248,osm,way/1187715991,105,백운산 (의왕시),,0.23,,4.0,2.9,토사,False,,
10249,osm,way/1187715992,105,백운산 (의왕시),모수길,0.028,,0.5,0.3,목재,False,,
10250,osm,way/1187715993,105,백운산 (의왕시),,1.175,,20.6,14.7,토사,False,,
10251,osm,way/1187715994,105,백운산 (의왕시),,0.225,,3.9,2.8,토사,False,,
10252,osm,way/1187715994,105,백운산 (의왕시),,0.021,,0.4,0.3,토사,False,,
10253,osm,way/1187715995,105,백운산 (의왕시),,1.948,,34.1,24.3,토사,False,,
10254,osm,way/1187715996,105,백운산 (의왕시),모수길,0.064,,1.1,0.8,토사,False,,
10255,osm,way/1187715996,105,백운산 (의왕시),모수길,0.611,,10.7,7.6,토사,False,,
10256,osm,way/1187715998,105,백운산 (의왕시),,0.047,,0.8,0.6,토사,False,,
10257,osm,way/1187715999,105,백운산 (의왕시),,0.053,,0.9,0.7,토사,False,,
10258,osm,way/1187716000,105,백운산 (의왕시),,0.052,,0.9,0.6,토사,False,,
10259,osm,way/1187716001,105,백운산 (의왕시),한남정맥,0.017,,0.3,0.2,,False,,
10260,osm,way/1187716001,105,백운산 (의왕시),한남정맥,0.294,,5.1,3.7,,False,,
10261,osm,way/1187716001,105,백운산 (의왕시),한남정맥,0.27,,4.7,3.4,,False,,
10262,osm,way/1187716001,105,백운산 (의왕시),한남정맥,0.265,,4.6,3.3,,False,,
10263,osm,way/1187716001,105,백운산 (의왕시),한남정맥,0.067,,1.2,0.8,,False,,
10264,osm,way/1187716002,105,백운산 (의왕시),한남정맥,0.036,,0.6,0.4,목재,False,,
10265,osm,way/1187716003,105,백운산 (의왕시),한남정맥,0.034,,0.6,0.4,목재,False,,
10266,osm,way/1187716004,105,백운산 (의왕시),한남정맥,0.193,,3.4,2.4,,False,,
10267,osm,way/1187716005,105,백운산 (의왕시),한남정맥,0.017,,0.3,0.2,목재,False,,
10268,osm,way/1187716006,105,백운산 (의왕시),한남정맥,0.064,,1.1,0.8,,False,,
10269,osm,way/1187716007,105,백운산 (의왕시),한남정맥,0.055,,1.0,0.7,목재,False,,
10270,osm,way/1187716008,105,백운산 (의왕시),한남정맥,0.017,,0.3,0.2,,False,,
10271,osm,way/1187716008,105,백운산 (의왕시),한남정맥,0.136,,2.4,1.7,,False,,
10272,osm,way/1187716009,105,백운산 (의왕시),,0.063,,1.1,0.8,목재,False,,
10273,osm,way/1187716010,105,백운산 (의왕시),,0.145,,2.5,1.8,토사,False,,
10274,osm,way/1187716011,105,백운산 (의왕시),,0.012,,0.2,0.1,목재,False,,
10275,osm,way/1187716012,105,백운산 (의왕시),,0.051,,0.9,0.6,토사,False,,
10276,osm,way/1187716012,105,백운산 (의왕시),,0.016,,0.3,0.2,토사,False,,
10277,osm,way/1187716012,105,백운산 (의왕시),,0.013,,0.2,0.2,토사,False,,
10278,osm,way/1187716012,105,백운산 (의왕시),,0.033,,0.6,0.4,토사,False,,
10279,osm,way/1187716012,105,백운산 (의왕시),,0.105,,1.8,1.3,토사,False,,
10280,osm,way/1187716012,105,백운산 (의왕시),,0.342,,6.0,4.3,토사,False,,
10281,osm,way/1187716013,105,백운산 (의왕시),,0.043,,0.8,0.5,토사,False,,
10282,osm,way/1187716014,105,백운산 (의왕시),,0.084,,1.5,1.0,목재,False,,
10283,osm,way/1187716015,105,백운산 (의왕시),,0.048,,0.8,0.6,토사,False,,
10284,osm,way/1187716016,105,백운산 (의왕시),,0.006,,0.1,0.1,목재,False,,
10285,osm,way/1187716017,105,백운산 (의왕시),,0.018,,0.3,0.2,목재,False,,
10286,osm,way/1187716017,105,백운산 (의왕시),,0.008,,0.1,0.1,목재,False,,
10287,osm,way/1187716018,105,백운산 (의왕시),,0.032,,0.6,0.4,토사,False,,
10288,osm,way/1187716019,105,백운산 (의왕시),,0.259,,4.5,3.2,토사,False,,
10289,osm,way/1187716020,105,백운산 (의왕시),,0.008,,0.1,0.1,목재,False,,
10290,osm,way/1187731096,105,백운산 (의왕시),한남정맥,0.026,,0.5,0.3,목재,False,,
10291,osm,way/1187731097,105,백운산 (의왕시),한남정맥,0.322,,5.6,4.0,,False,,
10292,osm,way/1187731097,105,백운산 (의왕시),한남정맥,0.002,,0.0,0.0,,False,,
10293,osm,way/1230236668,105,백운산 (의왕시),,0.036,,0.6,0.4,,False,,
10294,osm,way/1230236672,105,백운산 (의왕시),,0.573,,10.0,7.2,,False,,
10295,osm,way/1230236672,105,백운산 (의왕시),,0.092,,1.6,1.2,,False,,
10296,osm,way/1230236673,105,백운산 (의왕시),,0.015,,0.3,0.2,,False,,
10297,osm,way/1230236674,105,백운산 (의왕시),,0.071,,1.2,0.9,,False,,
10298,osm,way/1230236674,105,백운산 (의왕시),,0.097,,1.7,1.2,,False,,
10299,osm,way/1230236675,105,백운산 (의왕시),,0.027,,0.5,0.3,,False,,
10300,osm,way/1230236675,105,백운산 (의왕시),,0.023,,0.4,0.3,,False,,
10301,osm,way/1230236676,105,백운산 (의왕시),,0.036,,0.6,0.4,,False,,
10302,osm,way/1230236676,105,백운산 (의왕시),,0.114,,2.0,1.4,,False,,
10303,osm,way/1230236677,105,백운산 (의왕시),,0.054,,0.9,0.7,,False,,
10304,osm,way/1230236677,105,백운산 (의왕시),,0.027,,0.5,0.3,,False,,
10305,osm,way/1230236678,105,백운산 (의왕시),,0.364,,6.4,4.5,,False,,
10306,osm,way/1230236678,105,백운산 (의왕시),,0.055,,1.0,0.7,,False,,
10307,osm,way/1230236681,105,백운산 (의왕시),,0.533,,9.3,6.7,,False,,
10308,osm,way/1230236685,105,백운산 (의왕시),,0.377,,6.6,4.7,,False,,
10309,osm,way/1230236686,105,백운산 (의왕시),,0.161,,2.8,2.0,,False,,
10310,osm,way/1230236687,105,백운산 (의왕시),,0.213,,3.7,2.7,,False,,
10311,osm,way/1234000770,105,백운산 (의왕시),,0.026,,0.5,0.3,metal,False,,
10312,osm,way/1245973168,105,백운산 (의왕시),,0.023,,0.4,0.3,토사,False,,
10313,osm,way/1245973635,105,백운산 (의왕시),,0.015,,0.3,0.2,토사,False,,
10314,osm,way/1245973635,105,백운산 (의왕시),,0.278,,4.9,3.5,토사,False,,
10315,osm,way/1245973635,105,백운산 (의왕시),,0.002,,0.0,0.0,토사,False,,
10316,osm,way/1245973636,105,백운산 (의왕시),,0.006,,0.1,0.1,토사,False,,
10317,osm,way/1245973637,105,백운산 (의왕시),,0.043,,0.8,0.5,토사,False,,
10318,osm,way/1245974069,105,백운산 (의왕시),,0.014,,0.2,0.2,토사,False,,
10319,osm,way/1245974070,105,백운산 (의왕시),,0.004,,0.1,0.0,목재,False,,
10320,osm,way/1249921799,105,백운산 (의왕시),,0.128,,2.2,1.6,,False,,
10321,osm,way/1270549944,105,백운산 (의왕시),,0.135,,2.4,1.7,,False,,
10322,osm,way/1305680303,105,백운산 (의왕시),,0.139,,2.4,1.7,,False,,
10323,osm,way/1305680303,105,백운산 (의왕시),,0.397,,6.9,5.0,,False,,
10324,osm,way/1305680303,105,백운산 (의왕시),,0.273,,4.8,3.4,,False,,
10325,osm,way/1305680312,105,백운산 (의왕시),,0.277,,4.9,3.5,,False,,
10326,osm,way/1305680312,105,백운산 (의왕시),,0.271,,4.7,3.4,,False,,
10327,osm,way/1305680338,105,백운산 (의왕시),,0.242,,4.2,3.0,토사,False,,
10328,osm,way/1377329347,105,백운산 (의왕시),,0.565,,9.9,7.1,토사,False,,
10329,osm,way/1377329357,105,백운산 (의왕시),,0.41,,7.2,5.1,,False,,
10330,osm,way/1377329358,105,백운산 (의왕시),,0.057,,1.0,0.7,,False,,
10331,osm,way/1377329359,105,백운산 (의왕시),,0.174,,3.1,2.2,,False,,
10332,osm,way/1377694854,105,백운산 (의왕시),,0.031,,0.5,0.4,,False,,
10333,osm,way/1377694855,105,백운산 (의왕시),,0.051,,0.9,0.6,,False,,
10334,osm,way/1377694856,105,백운산 (의왕시),,0.624,,10.9,7.8,,False,,
10335,osm,way/1377694856,105,백운산 (의왕시),,0.193,,3.4,2.4,,False,,
10336,osm,way/1377694857,105,백운산 (의왕시),,0.375,,6.6,4.7,,False,,
10337,osm,way/1377694857,105,백운산 (의왕시),,0.079,,1.4,1.0,,False,,
10338,osm,way/1377694861,105,백운산 (의왕시),,0.247,,4.3,3.1,,False,,
10339,osm,way/1393431123,105,백운산 (의왕시),,0.915,,16.0,11.4,,False,,
10340,osm,way/1393431125,105,백운산 (의왕시),,0.072,,1.3,0.9,,False,,
10341,osm,way/1393431126,105,백운산 (의왕시),,0.005,,0.1,0.1,,False,,
10342,osm,way/1393431127,105,백운산 (의왕시),,0.064,,1.1,0.8,,False,,
10343,osm,way/1393431128,105,백운산 (의왕시),,0.182,,3.2,2.3,,False,,
10344,osm,way/1393431128,105,백운산 (의왕시),,0.007,,0.1,0.1,,False,,
10345,osm,way/1393431129,105,백운산 (의왕시),,0.15,,2.6,1.9,,False,,
10346,osm,way/1393431130,105,백운산 (의왕시),,1.013,,17.7,12.7,,False,,
10347,osm,way/1393431132,105,백운산 (의왕시),,0.835,,14.6,10.4,,False,,
10348,osm,way/1393431133,105,백운산 (의왕시),,0.066,,1.2,0.8,,False,,
10349,osm,way/1393431134,105,백운산 (의왕시),,0.092,,1.6,1.1,,False,,
10350,osm,way/1393431135,105,백운산 (의왕시),,0.039,,0.7,0.5,,False,,
10351,osm,way/1393431136,105,백운산 (의왕시),,0.004,,0.1,0.0,,False,,
10352,osm,way/1393431136,105,백운산 (의왕시),,0.151,,2.6,1.9,,False,,
10353,osm,way/1434989454,105,백운산 (의왕시),,0.038,,0.7,0.5,토사,False,,
10354,osm,way/1434989455,105,백운산 (의왕시),,0.558,,9.8,7.0,토사,False,,
10355,osm,way/1434989462,105,백운산 (의왕시),,0.169,,3.0,2.1,,False,,
10356,osm,way/1434989463,105,백운산 (의왕시),,0.034,,0.6,0.4,,False,,
10357,osm,way/1443172352,105,백운산 (의왕시),,0.19,,3.3,2.4,토사,False,,
10358,osm,way/1443172356,105,백운산 (의왕시),,0.063,,1.1,0.8,토사,False,,
10359,osm,way/1443172357,105,백운산 (의왕시),,0.004,,0.1,0.1,포장,False,,
10360,osm,way/1443172357,105,백운산 (의왕시),,0.004,,0.1,0.0,포장,False,,
10361,osm,way/1443172358,105,백운산 (의왕시),,0.301,,5.3,3.8,토사,False,,
10362,osm,way/1443172358,105,백운산 (의왕시),,0.289,,5.0,3.6,토사,False,,
10363,osm,way/1443172359,105,백운산 (의왕시),,0.068,,1.2,0.8,토사,False,,
10364,osm,way/1443172359,105,백운산 (의왕시),,0.046,,0.8,0.6,토사,False,,
10365,osm,way/1443172359,105,백운산 (의왕시),,0.302,,5.3,3.8,토사,False,,
10366,osm,way/1443172360,105,백운산 (의왕시),,0.06,,1.1,0.8,토사,False,,
10367,osm,way/1443172361,105,백운산 (의왕시),모수길,0.207,,3.6,2.6,토사,False,,
10368,osm,way/1443172362,105,백운산 (의왕시),모수길,0.095,,1.7,1.2,토사,False,,
10369,osm,way/1443172363,105,백운산 (의왕시),,0.035,,0.6,0.4,토사,False,,
10370,osm,way/1474045360,105,백운산 (의왕시),,0.033,,0.6,0.4,,False,,
10371,osm,way/1474045361,105,백운산 (의왕시),,0.024,,0.4,0.3,,False,,
10372,osm,way/1474045361,105,백운산 (의왕시),,0.031,,0.6,0.4,,False,,
10373,osm,way/1483007729,105,백운산 (의왕시),,0.088,,1.5,1.1,토사,False,,
10374,osm,way/1483007730,105,백운산 (의왕시),,0.042,,0.7,0.5,토사,False,,
10375,osm,way/1483007731,105,백운산 (의왕시),,0.028,,0.5,0.4,토사,False,,
10376,osm,way/1483007732,105,백운산 (의왕시),,0.035,,0.6,0.4,토사,False,,
10377,osm,way/1484817539,105,백운산 (의왕시),,0.673,,11.8,8.4,토사,False,,
10378,osm,way/1484817540,105,백운산 (의왕시),,0.012,,0.2,0.1,,False,,
10379,osm,way/1487136283,105,백운산 (의왕시),,0.374,,6.6,4.7,,False,,
10380,osm,way/1487136283,105,백운산 (의왕시),,0.111,,1.9,1.4,,False,,
10381,osm,way/1487136285,105,백운산 (의왕시),,0.15,,2.6,1.9,,False,,
10382,osm,way/1487136286,105,백운산 (의왕시),,0.291,,5.1,3.6,,False,,
10383,osm,way/1487136286,105,백운산 (의왕시),,0.066,,1.2,0.8,,False,,
10384,osm,way/1487136286,105,백운산 (의왕시),,0.041,,0.7,0.5,,False,,
10385,osm,way/1487136286,105,백운산 (의왕시),,0.014,,0.2,0.2,,False,,
10386,osm,way/1487136297,105,백운산 (의왕시),십자가의길,0.067,,1.2,0.8,토사,False,,
10387,osm,way/1487136301,105,백운산 (의왕시),,0.254,,4.4,3.2,,False,,
10388,osm,way/1487136303,105,백운산 (의왕시),,0.135,,2.4,1.7,,False,,
10389,osm,way/1487136303,105,백운산 (의왕시),,0.009,,0.2,0.1,,False,,
10390,osm,way/1487136303,105,백운산 (의왕시),,0.273,,4.8,3.4,,False,,
10391,osm,way/1488790564,105,백운산 (의왕시),,0.016,,0.3,0.2,,False,,
10392,osm,way/1488790565,105,백운산 (의왕시),,0.032,,0.6,0.4,목재,False,,
10393,osm,way/1488790567,105,백운산 (의왕시),,0.003,,0.0,0.0,,False,,
10394,osm,way/1488790568,105,백운산 (의왕시),,0.004,,0.1,0.1,,False,,
10395,osm,way/1488791958,105,백운산 (의왕시),,0.019,,0.3,0.2,,False,,
10396,osm,way/1488812843,105,백운산 (의왕시),,0.021,,0.4,0.3,토사,False,,
10397,osm,way/1495314484,105,백운산 (의왕시),,0.137,,2.4,1.7,,False,,
10398,osm,way/1495314486,105,백운산 (의왕시),,0.017,,0.3,0.2,,False,,
10399,osm,way/1495314487,105,백운산 (의왕시),,0.012,,0.2,0.2,,False,,
10400,osm,way/1518298760,105,백운산 (의왕시),,0.309,,5.4,3.9,,False,,
10401,osm,way/1518298761,105,백운산 (의왕시),,0.303,,5.3,3.8,,False,,
10402,osm,way/1518635409,105,백운산 (의왕시),,0.066,,1.2,0.8,토사,False,,
10403,osm,way/1518635410,105,백운산 (의왕시),,0.094,,1.6,1.2,,False,,
10404,osm,way/1524240747,105,백운산 (의왕시),,0.711,,12.4,8.9,,False,,
10405,osm,way/1524240750,105,백운산 (의왕시),,0.008,,0.1,0.1,토사,False,,
10406,osm,way/1524240751,105,백운산 (의왕시),,0.098,,1.7,1.2,토사,False,,
10407,osm,way/1524240751,105,백운산 (의왕시),,0.337,,5.9,4.2,토사,False,,
10408,osm,way/1529651604,105,백운산 (의왕시),,0.012,,0.2,0.2,목재,False,,
10409,osm,way/1529651605,105,백운산 (의왕시),,0.02,,0.3,0.2,토사,False,,
10410,osm,way/1529651606,105,백운산 (의왕시),,0.009,,0.2,0.1,목재,False,,
10411,osm,way/1530740066,105,백운산 (의왕시),,0.052,,0.9,0.6,,False,,
10412,osm,way/1557804243,105,백운산 (의왕시),,0.258,,4.5,3.2,,False,,
10413,osm,way/580162057,106,오봉산 (의왕),,0.369,,6.5,4.6,,False,,
10414,osm,way/580162057,106,오봉산 (의왕),,0.069,,1.2,0.9,,False,,
10415,osm,way/580162057,106,오봉산 (의왕),,0.069,,1.2,0.9,,False,,
10416,osm,way/580162058,106,오봉산 (의왕),,0.099,,1.7,1.2,,False,,
10417,osm,way/580162058,106,오봉산 (의왕),,0.204,,3.6,2.6,,False,,
10418,osm,way/580162060,106,오봉산 (의왕),,0.098,,1.7,1.2,,False,,
10419,osm,way/580162060,106,오봉산 (의왕),,0.083,,1.5,1.0,,False,,
10420,osm,way/580162061,106,오봉산 (의왕),,0.271,,4.7,3.4,,False,,
10421,osm,way/580162061,106,오봉산 (의왕),,0.188,,3.3,2.3,,False,,
10422,osm,way/580162063,106,오봉산 (의왕),,0.353,,6.2,4.4,,False,,
10423,osm,way/580162063,106,오봉산 (의왕),,0.298,,5.2,3.7,,False,,
10424,osm,way/580162065,106,오봉산 (의왕),,0.863,,15.1,10.8,,False,,
10425,osm,way/580162067,106,오봉산 (의왕),,0.179,,3.1,2.2,,False,,
10426,osm,way/580162067,106,오봉산 (의왕),,0.259,,4.5,3.2,,False,,
10427,osm,way/580162067,106,오봉산 (의왕),,0.051,,0.9,0.6,,False,,
10428,osm,way/580162067,106,오봉산 (의왕),,0.063,,1.1,0.8,,False,,
10429,osm,way/580162067,106,오봉산 (의왕),,0.445,,7.8,5.6,,False,,
10430,osm,way/580162071,106,오봉산 (의왕),한남정맥,0.153,,2.7,1.9,,False,,
10431,osm,way/580162071,106,오봉산 (의왕),한남정맥,0.336,,5.9,4.2,,False,,
10432,osm,way/1052910963,106,오봉산 (의왕),,0.211,,3.7,2.6,,False,,
10433,osm,way/1052910964,106,오봉산 (의왕),,0.133,,2.3,1.7,,False,,
10434,osm,way/1052910965,106,오봉산 (의왕),,0.206,,3.6,2.6,,False,,
10435,osm,way/1052910965,106,오봉산 (의왕),,0.11,,1.9,1.4,,False,,
10436,osm,way/1052910966,106,오봉산 (의왕),,0.202,,3.5,2.5,,False,,
10437,osm,way/1052910967,106,오봉산 (의왕),,0.082,,1.4,1.0,,False,,
10438,osm,way/1052910970,106,오봉산 (의왕),,0.285,,5.0,3.6,,False,,
10439,osm,way/1052910970,106,오봉산 (의왕),,0.439,,7.7,5.5,,False,,
10440,osm,way/1052910970,106,오봉산 (의왕),,0.142,,2.5,1.8,,False,,
10441,osm,way/1052910970,106,오봉산 (의왕),,0.17,,3.0,2.1,,False,,
10442,osm,way/1081789311,110,설성산,설성산 등산로,0.328,,5.7,4.1,토사,False,,
10443,osm,way/1082218409,110,설성산,설성산 등산로,0.406,,7.1,5.1,,False,,
10444,osm,way/1082218409,110,설성산,설성산 등산로,0.008,,0.1,0.1,,False,,
10445,osm,way/1082218409,110,설성산,설성산 등산로,0.003,,0.1,0.0,,False,,
10446,osm,way/1085770293,110,설성산,,0.757,,13.3,9.5,포장,False,,
10447,osm,way/1085770293,110,설성산,,0.538,,9.4,6.7,포장,False,,
10448,osm,way/1085770297,110,설성산,,0.723,,12.6,9.0,포장,False,,
10449,osm,way/1085770297,110,설성산,,0.175,,3.1,2.2,포장,False,,
10450,osm,way/1085770297,110,설성산,,0.032,,0.6,0.4,포장,False,,
10451,osm,way/1085770298,110,설성산,,1.409,,24.7,17.6,포장,False,,
10452,osm,way/1085770299,110,설성산,,0.091,,1.6,1.1,포장,False,,
10453,osm,way/1085770299,110,설성산,,0.288,,5.0,3.6,포장,False,,
10454,osm,way/1085805396,110,설성산,,0.503,,8.8,6.3,포장,False,,
10455,osm,way/1085805397,110,설성산,,0.279,,4.9,3.5,포장,False,,
10456,osm,way/1371542021,110,설성산,,0.263,,4.6,3.3,,False,,
10457,osm,way/1371542024,110,설성산,,0.351,,6.1,4.4,,False,,
10458,osm,way/1371542025,110,설성산,,0.179,,3.1,2.2,,False,,
10459,osm,way/1371542025,110,설성산,,0.019,,0.3,0.2,,False,,
10460,osm,way/1371542026,110,설성산,,0.139,,2.4,1.7,,False,,
10461,osm,way/1371542027,110,설성산,,0.41,,7.2,5.1,,False,,
10462,osm,way/1371542027,110,설성산,,0.368,,6.4,4.6,,False,,
10463,osm,way/1371542029,110,설성산,,1.912,,33.5,23.9,,False,,
10464,osm,way/1119506420,116,관음산,,2.423,,42.4,30.3,토사,False,,
10465,osm,way/1119506421,116,관음산,,3.108,,54.4,38.9,토사,False,,
10466,osm,way/1119506422,116,관음산,,5.363,,93.8,67.0,토사,False,,
10467,osm,way/1119506422,116,관음산,,1.045,,18.3,13.1,토사,False,,
10468,osm,way/1119506422,116,관음산,,0.068,,1.2,0.8,토사,False,,
10469,osm,way/1119506422,116,관음산,,3.392,,59.4,42.4,토사,False,,
10470,osm,way/1105960512,123,종현산,,5.745,,100.5,71.8,토사,False,,
10471,osm,way/1105960512,123,종현산,,3.64,,63.7,45.5,토사,False,,
10472,osm,way/1126123544,123,종현산,,2.623,,45.9,32.8,토사,False,,
10473,osm,way/1126123544,123,종현산,,3.204,,56.1,40.0,토사,False,,
10474,osm,way/482750992,125,객산,위례둘레길,0.896,,15.7,11.2,,False,,
10475,osm,way/482750992,125,객산,위례둘레길,0.739,,12.9,9.2,,False,,
10476,osm,way/482750992,125,객산,위례둘레길,0.363,,6.4,4.5,,False,,
10477,osm,way/482750992,125,객산,위례둘레길,0.8,,14.0,10.0,,False,,
10478,osm,way/482750992,125,객산,위례둘레길,1.509,,26.4,18.9,,False,,
10479,osm,way/482750992,125,객산,위례둘레길,0.015,,0.3,0.2,,False,,
10480,osm,way/482750992,125,객산,위례둘레길,0.494,,8.6,6.2,,False,,
10481,osm,way/482750992,125,객산,위례둘레길,0.268,,4.7,3.3,,False,,
10482,osm,way/482750992,125,객산,위례둘레길,0.17,,3.0,2.1,,False,,
10483,osm,way/482750992,125,객산,위례둘레길,0.165,,2.9,2.1,,False,,
10484,osm,way/482750992,125,객산,위례둘레길,0.59,,10.3,7.4,,False,,
10485,osm,way/482750992,125,객산,위례둘레길,0.339,,5.9,4.2,,False,,
10486,osm,way/482750992,125,객산,위례둘레길,1.037,,18.2,13.0,,False,,
10487,osm,way/572743523,125,객산,,1.598,,28.0,20.0,,False,,
10488,osm,way/572743523,125,객산,,0.983,,17.2,12.3,,False,,
10489,osm,way/1063167821,125,객산,,1.384,,24.2,17.3,,False,,
10490,osm,way/1131932040,125,객산,,1.401,,24.5,17.5,토사,False,,
10491,osm,way/1131932042,125,객산,,0.179,,3.1,2.2,토사,False,,
10492,osm,way/1131932042,125,객산,,0.616,,10.8,7.7,토사,False,,
10493,osm,way/1131932043,125,객산,,0.224,,3.9,2.8,토사,False,,
10494,osm,way/1268094743,125,객산,,0.426,,7.5,5.3,,False,,
10495,osm,way/1268094744,125,객산,,0.684,,12.0,8.5,,False,,
10496,osm,way/1268094745,125,객산,,0.19,,3.3,2.4,,False,,
10497,osm,way/1268094746,125,객산,,1.074,,18.8,13.4,,False,,
10498,osm,way/1305162837,125,객산,,0.394,,6.9,4.9,,False,,
10499,osm,way/1305162850,125,객산,,0.935,,16.4,11.7,,False,,
10500,osm,way/1305162859,125,객산,,0.389,,6.8,4.9,,False,,
10501,osm,way/1305162859,125,객산,,0.714,,12.5,8.9,,False,,
10502,osm,way/1305162863,125,객산,,0.467,,8.2,5.8,,False,,
10503,osm,way/1305162864,125,객산,,0.74,,13.0,9.3,,False,,
10504,osm,way/1305162864,125,객산,,0.018,,0.3,0.2,,False,,
10505,osm,way/1305372387,125,객산,,0.06,,1.0,0.7,,False,,
10506,osm,way/1305372393,125,객산,,0.144,,2.5,1.8,,False,,
10507,osm,way/37972293,127,금암산,,0.513,,9.0,6.4,,False,,
10508,osm,way/37972293,127,금암산,,0.235,,4.1,2.9,,False,,
10509,osm,way/37972293,127,금암산,,0.364,,6.4,4.6,,False,,
10510,osm,way/37972293,127,금암산,,0.15,,2.6,1.9,,False,,
10511,osm,way/37972293,127,금암산,,0.45,,7.9,5.6,,False,,
10512,osm,way/332485084,127,금암산,,0.273,,4.8,3.4,,False,,
10513,osm,way/482750992,127,금암산,위례둘레길,0.659,,11.5,8.2,,False,,
10514,osm,way/482750992,127,금암산,위례둘레길,0.237,,4.1,3.0,,False,,
10515,osm,way/482750992,127,금암산,위례둘레길,0.739,,12.9,9.2,,False,,
10516,osm,way/482750992,127,금암산,위례둘레길,0.363,,6.4,4.5,,False,,
10517,osm,way/482750992,127,금암산,위례둘레길,0.8,,14.0,10.0,,False,,
10518,osm,way/482750992,127,금암산,위례둘레길,1.509,,26.4,18.9,,False,,
10519,osm,way/482750992,127,금암산,위례둘레길,0.509,,8.9,6.4,,False,,
10520,osm,way/482750992,127,금암산,위례둘레길,0.268,,4.7,3.3,,False,,
10521,osm,way/482750992,127,금암산,위례둘레길,0.17,,3.0,2.1,,False,,
10522,osm,way/482750992,127,금암산,위례둘레길,0.165,,2.9,2.1,,False,,
10523,osm,way/482750992,127,금암산,위례둘레길,1.967,,34.4,24.6,,False,,
10524,osm,way/482751546,127,금암산,,0.33,,5.8,4.1,,False,,
10525,osm,way/482751546,127,금암산,,0.041,,0.7,0.5,,False,,
10526,osm,way/482751546,127,금암산,,0.318,,5.6,4.0,,False,,
10527,osm,way/482751546,127,금암산,,0.148,,2.6,1.9,,False,,
10528,osm,way/482751546,127,금암산,,0.838,,14.7,10.5,,False,,
10529,osm,way/490447200,127,금암산,,0.361,,6.3,4.5,,False,,
10530,osm,way/572743518,127,금암산,,0.195,,3.4,2.4,,False,,
10531,osm,way/572743523,127,금암산,,2.582,,45.2,32.3,,False,,
10532,osm,way/648625117,127,금암산,남한산성순환코스,1.463,,25.6,18.3,포장,False,,
10533,osm,way/648625117,127,금암산,남한산성순환코스,0.06,,1.0,0.7,포장,False,,
10534,osm,way/648625117,127,금암산,남한산성순환코스,0.036,,0.6,0.5,포장,False,,
10535,osm,way/648625117,127,금암산,남한산성순환코스,0.091,,1.6,1.1,포장,False,,
10536,osm,way/648625117,127,금암산,남한산성순환코스,0.435,,7.6,5.4,포장,False,,
10537,osm,way/648625117,127,금암산,남한산성순환코스,0.242,,4.2,3.0,포장,False,,
10538,osm,way/648625117,127,금암산,남한산성순환코스,0.398,,7.0,5.0,포장,False,,
10539,osm,way/648625117,127,금암산,남한산성순환코스,0.293,,5.1,3.7,포장,False,,
10540,osm,way/648625117,127,금암산,남한산성순환코스,0.032,,0.6,0.4,포장,False,,
10541,osm,way/648625117,127,금암산,남한산성순환코스,0.052,,0.9,0.7,포장,False,,
10542,osm,way/652498964,127,금암산,,0.646,,11.3,8.1,,False,,
10543,osm,way/652498964,127,금암산,,0.382,,6.7,4.8,,False,,
10544,osm,way/652498964,127,금암산,,0.205,,3.6,2.6,,False,,
10545,osm,way/652498964,127,금암산,,0.677,,11.8,8.5,,False,,
10546,osm,way/652498965,127,금암산,,0.055,,1.0,0.7,,False,,
10547,osm,way/652498965,127,금암산,,0.034,,0.6,0.4,,False,,
10548,osm,way/652498966,127,금암산,,0.156,,2.7,2.0,,False,,
10549,osm,way/652498968,127,금암산,,0.248,,4.3,3.1,,False,,
10550,osm,way/652498970,127,금암산,,1.02,,17.9,12.8,,False,,
10551,osm,way/652498970,127,금암산,,0.047,,0.8,0.6,,False,,
10552,osm,way/652498970,127,금암산,,0.052,,0.9,0.7,,False,,
10553,osm,way/652498970,127,금암산,,0.337,,5.9,4.2,,False,,
10554,osm,way/652498970,127,금암산,,0.077,,1.3,1.0,,False,,
10555,osm,way/652498970,127,금암산,,0.069,,1.2,0.9,,False,,
10556,osm,way/652498970,127,금암산,,0.098,,1.7,1.2,,False,,
10557,osm,way/652498970,127,금암산,,0.942,,16.5,11.8,,False,,
10558,osm,way/652498970,127,금암산,,0.435,,7.6,5.4,,False,,
10559,osm,way/652498970,127,금암산,,0.839,,14.7,10.5,,False,,
10560,osm,way/652498973,127,금암산,,0.061,,1.1,0.8,,False,,
10561,osm,way/652498974,127,금암산,,0.127,,2.2,1.6,,False,,
10562,osm,way/652498974,127,금암산,,0.323,,5.7,4.0,,False,,
10563,osm,way/652498975,127,금암산,,0.043,,0.8,0.5,,False,,
10564,osm,way/652498975,127,금암산,,0.077,,1.3,1.0,,False,,
10565,osm,way/652498976,127,금암산,,0.141,,2.5,1.8,,False,,
10566,osm,way/652498976,127,금암산,,0.05,,0.9,0.6,,False,,
10567,osm,way/652498977,127,금암산,,0.177,,3.1,2.2,,False,,
10568,osm,way/652498977,127,금암산,,0.76,,13.3,9.5,,False,,
10569,osm,way/652498978,127,금암산,,0.059,,1.0,0.7,,False,,
10570,osm,way/652498978,127,금암산,,0.994,,17.4,12.4,,False,,
10571,osm,way/652498978,127,금암산,,0.096,,1.7,1.2,,False,,
10572,osm,way/652498979,127,금암산,,0.427,,7.5,5.3,,False,,
10573,osm,way/652498982,127,금암산,,0.191,,3.3,2.4,,False,,
10574,osm,way/652498982,127,금암산,,0.154,,2.7,1.9,,False,,
10575,osm,way/652498983,127,금암산,,0.021,,0.4,0.3,,False,,
10576,osm,way/652498983,127,금암산,,0.305,,5.3,3.8,,False,,
10577,osm,way/652498983,127,금암산,,0.073,,1.3,0.9,,False,,
10578,osm,way/652498983,127,금암산,,0.227,,4.0,2.8,,False,,
10579,osm,way/652498983,127,금암산,,0.151,,2.7,1.9,,False,,
10580,osm,way/652498983,127,금암산,,0.222,,3.9,2.8,,False,,
10581,osm,way/652498983,127,금암산,,0.238,,4.2,3.0,,False,,
10582,osm,way/745308576,127,금암산,,0.013,,0.2,0.2,,False,,
10583,osm,way/745308578,127,금암산,,0.167,,2.9,2.1,,False,,
10584,osm,way/745308578,127,금암산,,0.262,,4.6,3.3,,False,,
10585,osm,way/745308578,127,금암산,,0.058,,1.0,0.7,,False,,
10586,osm,way/745308578,127,금암산,,0.251,,4.4,3.1,,False,,
10587,osm,way/745308580,127,금암산,,0.105,,1.8,1.3,unpaved,False,,
10588,osm,way/745308581,127,금암산,,0.025,,0.4,0.3,,False,,
10589,osm,way/745308584,127,금암산,,0.109,,1.9,1.4,unpaved,False,,
10590,osm,way/745308584,127,금암산,,0.018,,0.3,0.2,unpaved,False,,
10591,osm,way/745308584,127,금암산,,0.972,,17.0,12.2,unpaved,False,,
10592,osm,way/745308584,127,금암산,,0.252,,4.4,3.1,unpaved,False,,
10593,osm,way/745308584,127,금암산,,0.335,,5.9,4.2,unpaved,False,,
10594,osm,way/745308584,127,금암산,,0.157,,2.7,2.0,unpaved,False,,
10595,osm,way/872191487,127,금암산,,0.827,,14.5,10.3,,False,,
10596,osm,way/872191487,127,금암산,,1.266,,22.2,15.8,,False,,
10597,osm,way/872191487,127,금암산,,0.053,,0.9,0.7,,False,,
10598,osm,way/872191495,127,금암산,,0.28,,4.9,3.5,,False,,
10599,osm,way/872191495,127,금암산,,0.064,,1.1,0.8,,False,,
10600,osm,way/872191496,127,금암산,,0.015,,0.3,0.2,,False,,
10601,osm,way/872191497,127,금암산,,0.145,,2.5,1.8,,False,,
10602,osm,way/872191497,127,금암산,,0.489,,8.6,6.1,,False,,
10603,osm,way/872191497,127,금암산,,1.276,,22.3,15.9,,False,,
10604,osm,way/872191498,127,금암산,,0.008,,0.1,0.1,,False,,
10605,osm,way/872191499,127,금암산,,0.009,,0.2,0.1,,False,,
10606,osm,way/872191503,127,금암산,,0.12,,2.1,1.5,,False,,
10607,osm,way/872191525,127,금암산,,0.006,,0.1,0.1,,False,,
10608,osm,way/872191526,127,금암산,,0.008,,0.1,0.1,,False,,
10609,osm,way/909814444,127,금암산,,0.515,,9.0,6.4,토사,False,,
10610,osm,way/1063167821,127,금암산,,1.384,,24.2,17.3,,False,,
10611,osm,way/1106487610,127,금암산,,1.2,,21.0,15.0,토사,False,,
10612,osm,way/1131932001,127,금암산,,0.599,,10.5,7.5,토사,False,,
10613,osm,way/1131932001,127,금암산,,0.52,,9.1,6.5,토사,False,,
10614,osm,way/1131932002,127,금암산,,0.104,,1.8,1.3,토사,False,,
10615,osm,way/1131932002,127,금암산,,0.299,,5.2,3.7,토사,False,,
10616,osm,way/1131932003,127,금암산,,0.436,,7.6,5.4,토사,False,,
10617,osm,way/1131932038,127,금암산,,0.372,,6.5,4.6,토사,False,,
10618,osm,way/1131932040,127,금암산,,1.401,,24.5,17.5,토사,False,,
10619,osm,way/1131932042,127,금암산,,0.179,,3.1,2.2,토사,False,,
10620,osm,way/1131932042,127,금암산,,0.616,,10.8,7.7,토사,False,,
10621,osm,way/1131932043,127,금암산,,0.224,,3.9,2.8,토사,False,,
10622,osm,way/1152815336,127,금암산,,0.247,,4.3,3.1,토사,False,,
10623,osm,way/1152815337,127,금암산,,0.21,,3.7,2.6,토사,False,,
10624,osm,way/1152815338,127,금암산,,0.143,,2.5,1.8,토사,False,,
10625,osm,way/1152815597,127,금암산,,0.975,,17.1,12.2,토사,False,,
10626,osm,way/1240345141,127,금암산,,0.127,,2.2,1.6,unpaved,False,,
10627,osm,way/1240345141,127,금암산,,0.022,,0.4,0.3,unpaved,False,,
10628,osm,way/1240345141,127,금암산,,0.216,,3.8,2.7,unpaved,False,,
10629,osm,way/1240345142,127,금암산,,0.386,,6.8,4.8,,False,,
10630,osm,way/1240345144,127,금암산,,1.0,,17.5,12.5,,False,,
10631,osm,way/1240345144,127,금암산,,1.18,,20.7,14.8,,False,,
10632,osm,way/1268094743,127,금암산,,0.426,,7.5,5.3,,False,,
10633,osm,way/1268094744,127,금암산,,0.684,,12.0,8.5,,False,,
10634,osm,way/1268094745,127,금암산,,0.19,,3.3,2.4,,False,,
10635,osm,way/1268250518,127,금암산,,0.618,,10.8,7.7,,False,,
10636,osm,way/1268250523,127,금암산,,0.462,,8.1,5.8,,False,,
10637,osm,way/1268250523,127,금암산,,0.095,,1.7,1.2,,False,,
10638,osm,way/1268250523,127,금암산,,0.021,,0.4,0.3,,False,,
10639,osm,way/1268250523,127,금암산,,0.933,,16.3,11.7,,False,,
10640,osm,way/1268257121,127,금암산,,1.151,,20.1,14.4,,False,,
10641,osm,way/1285475284,127,금암산,,0.046,,0.8,0.6,,False,,
10642,osm,way/1305162842,127,금암산,,0.051,,0.9,0.6,,False,,
10643,osm,way/1305162842,127,금암산,,0.009,,0.2,0.1,,False,,
10644,osm,way/1305162843,127,금암산,,0.06,,1.0,0.7,,False,,
10645,osm,way/1305162843,127,금암산,,0.01,,0.2,0.1,,False,,
10646,osm,way/1305162843,127,금암산,,0.037,,0.7,0.5,,False,,
10647,osm,way/1305162843,127,금암산,,0.017,,0.3,0.2,,False,,
10648,osm,way/1305162843,127,금암산,,0.007,,0.1,0.1,,False,,
10649,osm,way/1305162843,127,금암산,,0.007,,0.1,0.1,,False,,
10650,osm,way/1305162843,127,금암산,,0.007,,0.1,0.1,,False,,
10651,osm,way/1305162843,127,금암산,,0.006,,0.1,0.1,,False,,
10652,osm,way/1305162843,127,금암산,,0.04,,0.7,0.5,,False,,
10653,osm,way/1305162843,127,금암산,,0.025,,0.4,0.3,,False,,
10654,osm,way/1305162843,127,금암산,,0.022,,0.4,0.3,,False,,
10655,osm,way/1305162843,127,금암산,,0.156,,2.7,1.9,,False,,
10656,osm,way/1305162843,127,금암산,,0.017,,0.3,0.2,,False,,
10657,osm,way/1305162843,127,금암산,,0.048,,0.8,0.6,,False,,
10658,osm,way/1305162848,127,금암산,,0.442,,7.7,5.5,,False,,
10659,osm,way/1305162850,127,금암산,,0.935,,16.4,11.7,,False,,
10660,osm,way/1305162859,127,금암산,,0.389,,6.8,4.9,,False,,
10661,osm,way/1305162859,127,금암산,,0.714,,12.5,8.9,,False,,
10662,osm,way/1437047684,127,금암산,,0.008,,0.1,0.1,,False,,
10663,osm,way/1437047684,127,금암산,,0.008,,0.1,0.1,,False,,
10664,osm,way/1437047684,127,금암산,,0.006,,0.1,0.1,,False,,
10665,osm,way/1437047684,127,금암산,,0.009,,0.2,0.1,,False,,
10666,osm,way/1437047685,127,금암산,,0.005,,0.1,0.1,,False,,
10667,osm,way/1437047686,127,금암산,,0.006,,0.1,0.1,,False,,
10668,osm,way/1437047687,127,금암산,,0.008,,0.1,0.1,,False,,
10669,osm,way/1437047694,127,금암산,,0.008,,0.1,0.1,,False,,
10670,osm,way/1437047694,127,금암산,,0.01,,0.2,0.1,,False,,
10671,osm,way/1437047695,127,금암산,,0.014,,0.2,0.2,,False,,
10672,osm,way/1437047719,127,금암산,,0.042,,0.7,0.5,,False,,
10673,osm,way/1437047720,127,금암산,,0.032,,0.6,0.4,,False,,
10674,osm,way/1437047726,127,금암산,,0.007,,0.1,0.1,,False,,
10675,osm,way/1437047726,127,금암산,,0.008,,0.1,0.1,,False,,
10676,osm,way/1437052901,127,금암산,,0.054,,1.0,0.7,,False,,
10677,osm,way/1437052902,127,금암산,,0.011,,0.2,0.1,,False,,
10678,osm,way/1441567689,127,금암산,,0.056,,1.0,0.7,,False,,
10679,osm,way/1441567689,127,금암산,,0.094,,1.6,1.2,,False,,
10680,osm,way/1447068237,127,금암산,,0.084,,1.5,1.1,,False,,
10681,osm,way/1447068238,127,금암산,,0.075,,1.3,0.9,,False,,
10682,osm,way/1501266239,127,금암산,,0.108,,1.9,1.4,,False,,
10683,osm,way/1501266240,127,금암산,,0.11,,1.9,1.4,,False,,
10684,osm,way/1501266240,127,금암산,,0.076,,1.3,0.9,,False,,
10685,osm,way/37972293,129,이성산,,0.513,,9.0,6.4,,False,,
10686,osm,way/37972293,129,이성산,,0.235,,4.1,2.9,,False,,
10687,osm,way/37972293,129,이성산,,0.209,,3.7,2.6,,False,,
10688,osm,way/37972293,129,이성산,,0.155,,2.7,1.9,,False,,
10689,osm,way/37972293,129,이성산,,0.15,,2.6,1.9,,False,,
10690,osm,way/37972293,129,이성산,,0.45,,7.9,5.6,,False,,
10691,osm,way/332485084,129,이성산,,0.273,,4.8,3.4,,False,,
10692,osm,way/482751546,129,이성산,,0.33,,5.8,4.1,,False,,
10693,osm,way/482751546,129,이성산,,0.041,,0.7,0.5,,False,,
10694,osm,way/482751546,129,이성산,,0.318,,5.6,4.0,,False,,
10695,osm,way/482751546,129,이성산,,0.148,,2.6,1.9,,False,,
10696,osm,way/482751546,129,이성산,,0.791,,13.8,9.9,,False,,
10697,osm,way/482751546,129,이성산,,0.047,,0.8,0.6,,False,,
10698,osm,way/482751547,129,이성산,,0.843,,14.8,10.5,,False,,
10699,osm,way/482751547,129,이성산,,0.163,,2.8,2.0,,False,,
10700,osm,way/482751547,129,이성산,,0.065,,1.1,0.8,,False,,
10701,osm,way/482751548,129,이성산,,0.171,,3.0,2.1,unpaved,False,,
10702,osm,way/482751548,129,이성산,,0.016,,0.3,0.2,unpaved,False,,
10703,osm,way/482751548,129,이성산,,0.326,,5.7,4.1,unpaved,False,,
10704,osm,way/482751548,129,이성산,,0.001,,0.0,0.0,unpaved,False,,
10705,osm,way/482751548,129,이성산,,0.039,,0.7,0.5,unpaved,False,,
10706,osm,way/490447200,129,이성산,,0.361,,6.3,4.5,,False,,
10707,osm,way/652498965,129,이성산,,0.055,,1.0,0.7,,False,,
10708,osm,way/652498965,129,이성산,,0.034,,0.6,0.4,,False,,
10709,osm,way/652498966,129,이성산,,0.156,,2.7,2.0,,False,,
10710,osm,way/652498968,129,이성산,,0.248,,4.3,3.1,,False,,
10711,osm,way/652498970,129,이성산,,1.02,,17.9,12.8,,False,,
10712,osm,way/652498970,129,이성산,,0.047,,0.8,0.6,,False,,
10713,osm,way/652498970,129,이성산,,0.052,,0.9,0.7,,False,,
10714,osm,way/652498970,129,이성산,,0.337,,5.9,4.2,,False,,
10715,osm,way/652498970,129,이성산,,0.077,,1.3,1.0,,False,,
10716,osm,way/652498970,129,이성산,,0.069,,1.2,0.9,,False,,
10717,osm,way/652498970,129,이성산,,1.039,,18.2,13.0,,False,,
10718,osm,way/652498970,129,이성산,,1.275,,22.3,15.9,,False,,
10719,osm,way/810918239,129,이성산,,0.01,,0.2,0.1,,False,,
10720,osm,way/810918239,129,이성산,,0.028,,0.5,0.4,,False,,
10721,osm,way/810918240,129,이성산,,0.002,,0.0,0.0,,False,,
10722,osm,way/850701978,129,이성산,,0.068,,1.2,0.9,,False,,
10723,osm,way/850701978,129,이성산,,0.017,,0.3,0.2,,False,,
10724,osm,way/850701978,129,이성산,,0.075,,1.3,0.9,,False,,
10725,osm,way/850701978,129,이성산,,0.069,,1.2,0.9,,False,,
10726,osm,way/850701978,129,이성산,,0.045,,0.8,0.6,,False,,
10727,osm,way/850701978,129,이성산,,0.024,,0.4,0.3,,False,,
10728,osm,way/850701978,129,이성산,,0.042,,0.7,0.5,,False,,
10729,osm,way/850701979,129,이성산,,0.01,,0.2,0.1,,False,,
10730,osm,way/850701980,129,이성산,,0.041,,0.7,0.5,,False,,
10731,osm,way/850701981,129,이성산,,0.019,,0.3,0.2,,False,,
10732,osm,way/850701983,129,이성산,,0.04,,0.7,0.5,,False,,
10733,osm,way/850701983,129,이성산,,0.12,,2.1,1.5,,False,,
10734,osm,way/850701983,129,이성산,,0.026,,0.5,0.3,,False,,
10735,osm,way/850701983,129,이성산,,0.006,,0.1,0.1,,False,,
10736,osm,way/850701984,129,이성산,,0.008,,0.1,0.1,,False,,
10737,osm,way/850701984,129,이성산,,0.007,,0.1,0.1,,False,,
10738,osm,way/850701984,129,이성산,,0.018,,0.3,0.2,,False,,
10739,osm,way/850701985,129,이성산,,0.008,,0.1,0.1,,False,,
10740,osm,way/850701985,129,이성산,,0.005,,0.1,0.1,,False,,
10741,osm,way/850701985,129,이성산,,0.043,,0.8,0.5,,False,,
10742,osm,way/850701985,129,이성산,,0.007,,0.1,0.1,,False,,
10743,osm,way/850701986,129,이성산,,0.036,,0.6,0.4,,False,,
10744,osm,way/850701986,129,이성산,,0.038,,0.7,0.5,,False,,
10745,osm,way/850701987,129,이성산,,0.012,,0.2,0.2,,False,,
10746,osm,way/850701989,129,이성산,,0.008,,0.1,0.1,,False,,
10747,osm,way/850701990,129,이성산,,0.069,,1.2,0.9,,False,,
10748,osm,way/850701990,129,이성산,,0.018,,0.3,0.2,,False,,
10749,osm,way/850701991,129,이성산,,0.01,,0.2,0.1,,False,,
10750,osm,way/850701992,129,이성산,,0.027,,0.5,0.3,,False,,
10751,osm,way/850768069,129,이성산,,0.127,,2.2,1.6,,False,,
10752,osm,way/850768069,129,이성산,,0.024,,0.4,0.3,,False,,
10753,osm,way/850768069,129,이성산,,0.013,,0.2,0.2,,False,,
10754,osm,way/850768069,129,이성산,,0.029,,0.5,0.4,,False,,
10755,osm,way/850768069,129,이성산,,0.032,,0.6,0.4,,False,,
10756,osm,way/850768069,129,이성산,,0.06,,1.1,0.8,,False,,
10757,osm,way/850768069,129,이성산,,0.024,,0.4,0.3,,False,,
10758,osm,way/850768069,129,이성산,,0.111,,1.9,1.4,,False,,
10759,osm,way/850768070,129,이성산,,0.053,,0.9,0.7,,False,,
10760,osm,way/850768070,129,이성산,,0.089,,1.6,1.1,,False,,
10761,osm,way/850768071,129,이성산,,0.012,,0.2,0.2,,False,,
10762,osm,way/850768072,129,이성산,,0.021,,0.4,0.3,,False,,
10763,osm,way/850768072,129,이성산,,0.014,,0.2,0.2,,False,,
10764,osm,way/850768073,129,이성산,,0.024,,0.4,0.3,,False,,
10765,osm,way/850768074,129,이성산,,0.097,,1.7,1.2,,False,,
10766,osm,way/850768074,129,이성산,,0.042,,0.7,0.5,,False,,
10767,osm,way/850768074,129,이성산,,0.054,,0.9,0.7,,False,,
10768,osm,way/850768075,129,이성산,,0.088,,1.5,1.1,,False,,
10769,osm,way/877719782,129,이성산,,0.034,,0.6,0.4,,False,,
10770,osm,way/877719782,129,이성산,,0.053,,0.9,0.7,,False,,
10771,osm,way/877719782,129,이성산,,0.015,,0.3,0.2,,False,,
10772,osm,way/877719782,129,이성산,,0.019,,0.3,0.2,,False,,
10773,osm,way/877719782,129,이성산,,0.011,,0.2,0.1,,False,,
10774,osm,way/877719783,129,이성산,,0.028,,0.5,0.3,,False,,
10775,osm,way/877719784,129,이성산,,0.063,,1.1,0.8,,False,,
10776,osm,way/877719784,129,이성산,,0.003,,0.0,0.0,,False,,
10777,osm,way/877719785,129,이성산,,0.06,,1.0,0.7,,False,,
10778,osm,way/877719787,129,이성산,,0.007,,0.1,0.1,,False,,
10779,osm,way/877719787,129,이성산,,0.06,,1.1,0.8,,False,,
10780,osm,way/877719788,129,이성산,,0.168,,2.9,2.1,,False,,
10781,osm,way/877719789,129,이성산,,0.058,,1.0,0.7,,False,,
10782,osm,way/877719790,129,이성산,,0.119,,2.1,1.5,unpaved,False,,
10783,osm,way/877719791,129,이성산,,0.134,,2.3,1.7,,False,,
10784,osm,way/877719792,129,이성산,,0.043,,0.7,0.5,,False,,
10785,osm,way/877719792,129,이성산,,0.003,,0.1,0.0,,False,,
10786,osm,way/877719792,129,이성산,,0.007,,0.1,0.1,,False,,
10787,osm,way/877719792,129,이성산,,0.018,,0.3,0.2,,False,,
10788,osm,way/877719793,129,이성산,,0.023,,0.4,0.3,,False,,
10789,osm,way/877719795,129,이성산,,0.021,,0.4,0.3,,False,,
10790,osm,way/877719797,129,이성산,,0.121,,2.1,1.5,,False,,
10791,osm,way/877719797,129,이성산,,0.043,,0.7,0.5,,False,,
10792,osm,way/877719798,129,이성산,,0.031,,0.5,0.4,,False,,
10793,osm,way/877721566,129,이성산,,0.166,,2.9,2.1,,False,,
10794,osm,way/877721566,129,이성산,,0.028,,0.5,0.4,,False,,
10795,osm,way/877721566,129,이성산,,0.194,,3.4,2.4,,False,,
10796,osm,way/888819936,129,이성산,,0.064,,1.1,0.8,,False,,
10797,osm,way/888819936,129,이성산,,0.262,,4.6,3.3,,False,,
10798,osm,way/888819937,129,이성산,하남위례교,0.115,,2.0,1.4,,False,,
10799,osm,way/1240345144,129,이성산,,1.0,,17.5,12.5,,False,,
10800,osm,way/1240345144,129,이성산,,1.18,,20.7,14.8,,False,,
10801,osm,way/1252340255,129,이성산,,0.107,,1.9,1.3,,False,,
10802,osm,way/1252340256,129,이성산,,0.131,,2.3,1.6,,False,,
10803,osm,way/1252340257,129,이성산,,0.09,,1.6,1.1,,False,,
10804,osm,way/1252362620,129,이성산,,0.087,,1.5,1.1,포장,False,,
10805,osm,way/1252362620,129,이성산,,0.002,,0.0,0.0,포장,False,,
10806,osm,way/1260580068,129,이성산,,0.025,,0.4,0.3,,False,,
10807,osm,way/1260580068,129,이성산,,0.014,,0.2,0.2,,False,,
10808,osm,way/1268250518,129,이성산,,0.618,,10.8,7.7,,False,,
10809,osm,way/1268250523,129,이성산,,0.462,,8.1,5.8,,False,,
10810,osm,way/1268250523,129,이성산,,0.095,,1.7,1.2,,False,,
10811,osm,way/1268250523,129,이성산,,0.021,,0.4,0.3,,False,,
10812,osm,way/1268250523,129,이성산,,0.933,,16.3,11.7,,False,,
10813,osm,way/1305162842,129,이성산,,0.051,,0.9,0.6,,False,,
10814,osm,way/1305162842,129,이성산,,0.009,,0.2,0.1,,False,,
10815,osm,way/1305162843,129,이성산,,0.06,,1.0,0.7,,False,,
10816,osm,way/1305162843,129,이성산,,0.01,,0.2,0.1,,False,,
10817,osm,way/1305162843,129,이성산,,0.037,,0.7,0.5,,False,,
10818,osm,way/1305162843,129,이성산,,0.017,,0.3,0.2,,False,,
10819,osm,way/1305162843,129,이성산,,0.007,,0.1,0.1,,False,,
10820,osm,way/1305162843,129,이성산,,0.007,,0.1,0.1,,False,,
10821,osm,way/1305162843,129,이성산,,0.007,,0.1,0.1,,False,,
10822,osm,way/1305162843,129,이성산,,0.006,,0.1,0.1,,False,,
10823,osm,way/1305162843,129,이성산,,0.04,,0.7,0.5,,False,,
10824,osm,way/1305162843,129,이성산,,0.025,,0.4,0.3,,False,,
10825,osm,way/1305162843,129,이성산,,0.022,,0.4,0.3,,False,,
10826,osm,way/1305162843,129,이성산,,0.156,,2.7,1.9,,False,,
10827,osm,way/1305162843,129,이성산,,0.017,,0.3,0.2,,False,,
10828,osm,way/1305162843,129,이성산,,0.048,,0.8,0.6,,False,,
10829,osm,way/1305162848,129,이성산,,0.442,,7.7,5.5,,False,,
10830,osm,way/1325614386,129,이성산,,0.156,,2.7,1.9,,False,,
10831,osm,way/1325614386,129,이성산,,0.069,,1.2,0.9,,False,,
10832,osm,way/1325614386,129,이성산,,0.056,,1.0,0.7,,False,,
10833,osm,way/1325614386,129,이성산,,0.022,,0.4,0.3,,False,,
10834,osm,way/1325614386,129,이성산,,0.134,,2.3,1.7,,False,,
10835,osm,way/1325614387,129,이성산,,0.04,,0.7,0.5,,False,,
10836,osm,way/1325614388,129,이성산,,0.017,,0.3,0.2,,False,,
10837,osm,way/1325614389,129,이성산,,0.027,,0.5,0.3,,False,,
10838,osm,way/1325614390,129,이성산,,0.01,,0.2,0.1,,False,,
10839,osm,way/1325614391,129,이성산,,0.1,,1.8,1.3,,False,,
10840,osm,way/1325614391,129,이성산,,0.148,,2.6,1.8,,False,,
10841,osm,way/1325614392,129,이성산,,0.088,,1.5,1.1,,False,,
10842,osm,way/1431622752,129,이성산,,0.009,,0.2,0.1,,False,,
10843,osm,way/1437047684,129,이성산,,0.008,,0.1,0.1,,False,,
10844,osm,way/1437047684,129,이성산,,0.008,,0.1,0.1,,False,,
10845,osm,way/1437047684,129,이성산,,0.006,,0.1,0.1,,False,,
10846,osm,way/1437047684,129,이성산,,0.009,,0.2,0.1,,False,,
10847,osm,way/1437047685,129,이성산,,0.005,,0.1,0.1,,False,,
10848,osm,way/1437047686,129,이성산,,0.006,,0.1,0.1,,False,,
10849,osm,way/1437047687,129,이성산,,0.008,,0.1,0.1,,False,,
10850,osm,way/1437047694,129,이성산,,0.008,,0.1,0.1,,False,,
10851,osm,way/1437047694,129,이성산,,0.01,,0.2,0.1,,False,,
10852,osm,way/1437047695,129,이성산,,0.014,,0.2,0.2,,False,,
10853,osm,way/1437047719,129,이성산,,0.042,,0.7,0.5,,False,,
10854,osm,way/1437047720,129,이성산,,0.032,,0.6,0.4,,False,,
10855,osm,way/1437047726,129,이성산,,0.007,,0.1,0.1,,False,,
10856,osm,way/1437047726,129,이성산,,0.008,,0.1,0.1,,False,,
10857,osm,way/1437052901,129,이성산,,0.054,,1.0,0.7,,False,,
10858,osm,way/1437052902,129,이성산,,0.011,,0.2,0.1,,False,,
10859,osm,way/1461981752,129,이성산,,0.022,,0.4,0.3,,False,,
10860,osm,way/1461981753,129,이성산,,0.017,,0.3,0.2,,False,,
10861,osm,way/1461981754,129,이성산,,0.031,,0.5,0.4,,False,,
10862,osm,way/1461981756,129,이성산,,0.048,,0.8,0.6,,False,,
10863,osm,way/1461981756,129,이성산,,0.1,,1.8,1.3,,False,,
10864,osm,way/1461981756,129,이성산,,0.005,,0.1,0.1,,False,,
10865,osm,way/1461981763,129,이성산,,0.003,,0.1,0.0,unpaved,False,,
10866,osm,way/1461981763,129,이성산,,0.033,,0.6,0.4,unpaved,False,,
10867,osm,way/1461981763,129,이성산,,0.114,,2.0,1.4,unpaved,False,,
10868,osm,way/1461981763,129,이성산,,0.01,,0.2,0.1,unpaved,False,,
10869,osm,way/1461981763,129,이성산,,0.06,,1.1,0.8,unpaved,False,,
10870,osm,way/1461981763,129,이성산,,0.137,,2.4,1.7,unpaved,False,,
10871,osm,way/1461981763,129,이성산,,0.024,,0.4,0.3,unpaved,False,,
10872,osm,way/1461981764,129,이성산,,0.021,,0.4,0.3,,False,,
10873,osm,way/1461981765,129,이성산,,0.174,,3.1,2.2,,False,,
10874,osm,way/1461981766,129,이성산,,0.233,,4.1,2.9,,False,,
10875,osm,way/1562496134,129,이성산,,0.018,,0.3,0.2,,False,,
10876,osm,way/37972408,130,일자산,,0.253,,4.4,3.2,토사,False,,
10877,osm,way/37972408,130,일자산,,0.594,,10.4,7.4,토사,False,,
10878,osm,way/37972408,130,일자산,,0.018,,0.3,0.2,토사,False,,
10879,osm,way/464506670,130,일자산,,0.017,,0.3,0.2,토사,False,,
10880,osm,way/464506670,130,일자산,,0.029,,0.5,0.4,토사,False,,
10881,osm,way/464506670,130,일자산,,0.175,,3.1,2.2,토사,False,,
10882,osm,way/464506670,130,일자산,,0.019,,0.3,0.2,토사,False,,
10883,osm,way/464506670,130,일자산,,0.141,,2.5,1.8,토사,False,,
10884,osm,way/464506670,130,일자산,,0.103,,1.8,1.3,토사,False,,
10885,osm,way/464506670,130,일자산,,0.124,,2.2,1.5,토사,False,,
10886,osm,way/464506670,130,일자산,,0.109,,1.9,1.4,토사,False,,
10887,osm,way/464506670,130,일자산,,0.24,,4.2,3.0,토사,False,,
10888,osm,way/464506670,130,일자산,,0.319,,5.6,4.0,토사,False,,
10889,osm,way/464506670,130,일자산,,0.044,,0.8,0.5,토사,False,,
10890,osm,way/464506670,130,일자산,,0.155,,2.7,1.9,토사,False,,
10891,osm,way/464506670,130,일자산,,0.014,,0.2,0.2,토사,False,,
10892,osm,way/464506670,130,일자산,,0.28,,4.9,3.5,토사,False,,
10893,osm,way/464506670,130,일자산,,0.25,,4.4,3.1,토사,False,,
10894,osm,way/464506670,130,일자산,,0.029,,0.5,0.4,토사,False,,
10895,osm,way/464506670,130,일자산,,0.136,,2.4,1.7,토사,False,,
10896,osm,way/464506670,130,일자산,,0.194,,3.4,2.4,토사,False,,
10897,osm,way/478392845,130,일자산,,0.393,,6.9,4.9,,False,,
10898,osm,way/1085475674,130,일자산,,0.498,,8.7,6.2,토사,False,,
10899,osm,way/1085475675,130,일자산,,0.078,,1.4,1.0,포장,False,,
10900,osm,way/1272162844,130,일자산,,0.013,,0.2,0.2,,False,,
10901,osm,way/1272162845,130,일자산,,0.087,,1.5,1.1,토사,False,,
10902,osm,way/1272162846,130,일자산,,0.031,,0.5,0.4,토사,False,,
10903,osm,way/1272162846,130,일자산,,0.019,,0.3,0.2,토사,False,,
10904,osm,way/1272162846,130,일자산,,0.044,,0.8,0.5,토사,False,,
10905,osm,way/1272162846,130,일자산,,0.117,,2.0,1.5,토사,False,,
10906,osm,way/1272162846,130,일자산,,0.147,,2.6,1.8,토사,False,,
10907,osm,way/1272162846,130,일자산,,0.202,,3.5,2.5,토사,False,,
10908,osm,way/1272162846,130,일자산,,0.036,,0.6,0.4,토사,False,,
10909,osm,way/1272162846,130,일자산,,0.056,,1.0,0.7,토사,False,,
10910,osm,way/1272162848,130,일자산,,0.034,,0.6,0.4,토사,False,,
10911,osm,way/1272162850,130,일자산,,0.108,,1.9,1.3,토사,False,,
10912,osm,way/1272162851,130,일자산,,0.007,,0.1,0.1,목재,False,,
10913,osm,way/1272162851,130,일자산,,0.002,,0.0,0.0,목재,False,,
10914,osm,way/1272162852,130,일자산,,0.016,,0.3,0.2,토사,False,,
10915,osm,way/1272162852,130,일자산,,0.02,,0.4,0.3,토사,False,,
10916,osm,way/1272162853,130,일자산,,0.042,,0.7,0.5,,False,,
10917,osm,way/1272162854,130,일자산,,0.007,,0.1,0.1,목재,False,,
10918,osm,way/1272162855,130,일자산,,0.025,,0.4,0.3,토사,False,,
10919,osm,way/1272162856,130,일자산,,0.124,,2.2,1.5,토사,False,,
10920,osm,way/1272162857,130,일자산,,0.043,,0.7,0.5,토사,False,,
10921,osm,way/1272162858,130,일자산,,0.017,,0.3,0.2,,False,,
10922,osm,way/1272162861,130,일자산,,0.067,,1.2,0.8,토사,False,,
10923,osm,way/1272162862,130,일자산,,0.211,,3.7,2.6,,False,,
10924,osm,way/1272162864,130,일자산,,0.032,,0.6,0.4,토사,False,,
10925,osm,way/1272162865,130,일자산,,0.077,,1.3,1.0,목재,False,,
10926,osm,way/1272162866,130,일자산,,0.108,,1.9,1.4,,False,,
10927,osm,way/1272162866,130,일자산,,0.151,,2.6,1.9,,False,,
10928,osm,way/1272162867,130,일자산,,0.054,,1.0,0.7,,False,,
10929,osm,way/1272162869,130,일자산,,0.02,,0.3,0.2,,False,,
10930,osm,way/1272162870,130,일자산,,0.074,,1.3,0.9,토사,False,,
10931,osm,way/1272162870,130,일자산,,0.234,,4.1,2.9,토사,False,,
10932,osm,way/1272162871,130,일자산,,0.102,,1.8,1.3,,False,,
10933,osm,way/1272162872,130,일자산,,0.044,,0.8,0.6,토사,False,,
10934,osm,way/1272162872,130,일자산,,0.086,,1.5,1.1,토사,False,,
10935,osm,way/1272162873,130,일자산,,0.053,,0.9,0.7,목재,False,,
10936,osm,way/1272162877,130,일자산,,0.034,,0.6,0.4,,False,,
10937,osm,way/1272162878,130,일자산,,0.034,,0.6,0.4,토사,False,,
10938,osm,way/1272162879,130,일자산,,0.292,,5.1,3.6,,False,,
10939,osm,way/1272162880,130,일자산,,0.033,,0.6,0.4,목재,False,,
10940,osm,way/1272162881,130,일자산,,0.022,,0.4,0.3,토사,False,,
10941,osm,way/1272162882,130,일자산,,0.026,,0.5,0.3,,False,,
10942,osm,way/1272162883,130,일자산,,0.029,,0.5,0.4,토사,False,,
10943,osm,way/1272162883,130,일자산,,0.039,,0.7,0.5,토사,False,,
10944,osm,way/1272162884,130,일자산,,0.021,,0.4,0.3,,False,,
10945,osm,way/1272162885,130,일자산,,0.053,,0.9,0.7,,False,,
10946,osm,way/1272162885,130,일자산,,0.016,,0.3,0.2,,False,,
10947,osm,way/1272162886,130,일자산,,0.098,,1.7,1.2,,False,,
10948,osm,way/1272162889,130,일자산,,0.043,,0.7,0.5,토사,False,,
10949,osm,way/1272162890,130,일자산,,0.024,,0.4,0.3,,False,,
10950,osm,way/1272162891,130,일자산,,0.041,,0.7,0.5,,False,,
10951,osm,way/1272162892,130,일자산,,0.038,,0.7,0.5,,False,,
10952,osm,way/1273647086,130,일자산,,0.086,,1.5,1.1,,False,,
10953,osm,way/1273647086,130,일자산,,0.042,,0.7,0.5,,False,,
10954,osm,way/1273647086,130,일자산,,0.168,,2.9,2.1,,False,,
10955,osm,way/1273647086,130,일자산,,0.07,,1.2,0.9,,False,,
10956,osm,way/1273647086,130,일자산,,0.07,,1.2,0.9,,False,,
10957,osm,way/1273647086,130,일자산,,0.168,,2.9,2.1,,False,,
10958,osm,way/1273816442,130,일자산,,0.078,,1.4,1.0,토사,False,,
10959,osm,way/1273816442,130,일자산,,0.024,,0.4,0.3,토사,False,,
10960,osm,way/1273816443,130,일자산,,0.006,,0.1,0.1,토사,False,,
10961,osm,way/1273816443,130,일자산,,0.013,,0.2,0.2,토사,False,,
10962,osm,way/1273816443,130,일자산,,0.074,,1.3,0.9,토사,False,,
10963,osm,way/1273816443,130,일자산,,0.055,,1.0,0.7,토사,False,,
10964,osm,way/1417456214,130,일자산,,0.024,,0.4,0.3,,False,,
10965,osm,way/1417456214,130,일자산,,0.146,,2.6,1.8,,False,,
10966,osm,way/1417456214,130,일자산,,0.059,,1.0,0.7,,False,,
10967,osm,way/1524491289,130,일자산,,0.177,,3.1,2.2,,False,,
10968,osm,way/468405745,131,천마산 (하남),,0.058,,1.0,0.7,,False,,
10969,osm,way/1242096813,131,천마산 (하남),,0.01,,0.2,0.1,,False,,
10970,osm,way/1242096813,131,천마산 (하남),,0.084,,1.5,1.0,,False,,
10971,osm,way/1242096814,131,천마산 (하남),,0.121,,2.1,1.5,,False,,
10972,osm,way/1242096815,131,천마산 (하남),,0.01,,0.2,0.1,,False,,
10973,osm,way/1242096815,131,천마산 (하남),,0.011,,0.2,0.1,,False,,
10974,osm,way/1242096815,131,천마산 (하남),,0.013,,0.2,0.2,,False,,
10975,osm,way/1242096815,131,천마산 (하남),,0.098,,1.7,1.2,,False,,
10976,osm,way/1242096815,131,천마산 (하남),,0.019,,0.3,0.2,,False,,
10977,osm,way/1242096815,131,천마산 (하남),,0.01,,0.2,0.1,,False,,
10978,osm,way/1242096815,131,천마산 (하남),,0.009,,0.2,0.1,,False,,
10979,osm,way/1242096815,131,천마산 (하남),,0.129,,2.3,1.6,,False,,
10980,osm,way/1242096815,131,천마산 (하남),,0.06,,1.1,0.8,,False,,
10981,osm,way/1242096815,131,천마산 (하남),,0.019,,0.3,0.2,,False,,
10982,osm,way/1242096815,131,천마산 (하남),,0.015,,0.3,0.2,,False,,
10983,osm,way/1242096815,131,천마산 (하남),,0.016,,0.3,0.2,,False,,
10984,osm,way/1242096815,131,천마산 (하남),,0.064,,1.1,0.8,,False,,
10985,osm,way/1242096815,131,천마산 (하남),,0.021,,0.4,0.3,,False,,
10986,osm,way/1242096815,131,천마산 (하남),,0.041,,0.7,0.5,,False,,
10987,osm,way/1242096815,131,천마산 (하남),,0.004,,0.1,0.1,,False,,
10988,osm,way/1242096815,131,천마산 (하남),,0.013,,0.2,0.2,,False,,
10989,osm,way/1242096816,131,천마산 (하남),,0.009,,0.2,0.1,,False,,
10990,osm,way/1242096817,131,천마산 (하남),,0.111,,1.9,1.4,,False,,
10991,osm,way/1242096817,131,천마산 (하남),,0.05,,0.9,0.6,,False,,
10992,osm,way/1242096817,131,천마산 (하남),,0.046,,0.8,0.6,,False,,
10993,osm,way/1242096818,131,천마산 (하남),,0.04,,0.7,0.5,,False,,
10994,osm,way/1242096821,131,천마산 (하남),,0.026,,0.5,0.3,,False,,
10995,osm,way/1242096821,131,천마산 (하남),,0.016,,0.3,0.2,,False,,
10996,osm,way/1242096822,131,천마산 (하남),,0.033,,0.6,0.4,,False,,
10997,osm,way/1242096822,131,천마산 (하남),,0.031,,0.5,0.4,,False,,
10998,osm,way/1242096823,131,천마산 (하남),,0.099,,1.7,1.2,,False,,
10999,osm,way/1242096823,131,천마산 (하남),,0.016,,0.3,0.2,,False,,
11000,osm,way/1242096823,131,천마산 (하남),,0.005,,0.1,0.1,,False,,
11001,osm,way/1242096826,131,천마산 (하남),,0.058,,1.0,0.7,,False,,
11002,osm,way/1242096826,131,천마산 (하남),,0.031,,0.5,0.4,,False,,
11003,osm,way/1242096826,131,천마산 (하남),,0.021,,0.4,0.3,,False,,
11004,osm,way/1242096826,131,천마산 (하남),,0.041,,0.7,0.5,,False,,
11005,osm,way/1242096826,131,천마산 (하남),,0.018,,0.3,0.2,,False,,
11006,osm,way/1242096826,131,천마산 (하남),,0.06,,1.0,0.7,,False,,
11007,osm,way/1242096828,131,천마산 (하남),,0.033,,0.6,0.4,,False,,
11008,osm,way/1242096829,131,천마산 (하남),,0.037,,0.6,0.5,,False,,
11009,osm,way/1242096830,131,천마산 (하남),,0.027,,0.5,0.3,,False,,
11010,osm,way/1242096830,131,천마산 (하남),,0.056,,1.0,0.7,,False,,
11011,osm,way/1242096831,131,천마산 (하남),,0.008,,0.1,0.1,,False,,
11012,osm,way/1242096831,131,천마산 (하남),,0.074,,1.3,0.9,,False,,
11013,osm,way/1242096831,131,천마산 (하남),,0.016,,0.3,0.2,,False,,
11014,osm,way/1242096831,131,천마산 (하남),,0.086,,1.5,1.1,,False,,
11015,osm,way/1242096831,131,천마산 (하남),,0.169,,3.0,2.1,,False,,
11016,osm,way/1242096831,131,천마산 (하남),,0.009,,0.2,0.1,,False,,
11017,osm,way/1242096831,131,천마산 (하남),,0.086,,1.5,1.1,,False,,
11018,osm,way/1242096831,131,천마산 (하남),,0.056,,1.0,0.7,,False,,
11019,osm,way/1242096831,131,천마산 (하남),,0.07,,1.2,0.9,,False,,
11020,osm,way/1242096834,131,천마산 (하남),,0.046,,0.8,0.6,,False,,
11021,osm,way/1242096834,131,천마산 (하남),,0.099,,1.7,1.2,,False,,
11022,osm,way/1242096834,131,천마산 (하남),,0.106,,1.9,1.3,,False,,
11023,osm,way/1242096834,131,천마산 (하남),,0.092,,1.6,1.1,,False,,
11024,osm,way/1242096834,131,천마산 (하남),,0.078,,1.4,1.0,,False,,
11025,osm,way/1242096834,131,천마산 (하남),,0.015,,0.3,0.2,,False,,
11026,osm,way/1242096836,131,천마산 (하남),,0.146,,2.6,1.8,,False,,
11027,osm,way/1242096836,131,천마산 (하남),,0.011,,0.2,0.1,,False,,
11028,osm,way/1242096836,131,천마산 (하남),,0.146,,2.6,1.8,,False,,
11029,osm,way/1242096836,131,천마산 (하남),,0.007,,0.1,0.1,,False,,
11030,osm,way/1242096837,131,천마산 (하남),,0.083,,1.4,1.0,,False,,
11031,osm,way/1242096837,131,천마산 (하남),,0.083,,1.4,1.0,,False,,
11032,osm,way/1242096838,131,천마산 (하남),,0.047,,0.8,0.6,,False,,
11033,osm,way/1242096838,131,천마산 (하남),,0.06,,1.1,0.8,,False,,
11034,osm,way/1242096838,131,천마산 (하남),,0.023,,0.4,0.3,,False,,
11035,osm,way/1242096838,131,천마산 (하남),,0.012,,0.2,0.2,,False,,
11036,osm,way/1242096839,131,천마산 (하남),,0.097,,1.7,1.2,,False,,
11037,osm,way/1242096841,131,천마산 (하남),,0.012,,0.2,0.2,,False,,
11038,osm,way/1242096841,131,천마산 (하남),,0.055,,1.0,0.7,,False,,
11039,osm,way/1242096841,131,천마산 (하남),,0.023,,0.4,0.3,,False,,
11040,osm,way/1242096842,131,천마산 (하남),,0.138,,2.4,1.7,,False,,
11041,osm,way/1242096844,131,천마산 (하남),,0.003,,0.1,0.0,,False,,
11042,osm,way/1243093054,131,천마산 (하남),,0.013,,0.2,0.2,,False,,
11043,osm,way/1243093055,131,천마산 (하남),,0.02,,0.3,0.2,,False,,
11044,osm,way/1243093055,131,천마산 (하남),,0.072,,1.3,0.9,,False,,
11045,osm,way/1243093055,131,천마산 (하남),,0.013,,0.2,0.2,,False,,
11046,osm,way/1243093055,131,천마산 (하남),,0.011,,0.2,0.1,,False,,
11047,osm,way/1243093056,131,천마산 (하남),,0.048,,0.8,0.6,,False,,
11048,osm,way/1243093057,131,천마산 (하남),,0.046,,0.8,0.6,,False,,
11049,osm,way/1243093057,131,천마산 (하남),,0.026,,0.5,0.3,,False,,
11050,osm,way/1243093057,131,천마산 (하남),,0.045,,0.8,0.6,,False,,
11051,osm,way/1243093057,131,천마산 (하남),,0.021,,0.4,0.3,,False,,
11052,osm,way/1243093058,131,천마산 (하남),,0.033,,0.6,0.4,,False,,
11053,osm,way/1243093059,131,천마산 (하남),,0.154,,2.7,1.9,,False,,
11054,osm,way/1243093060,131,천마산 (하남),,0.036,,0.6,0.5,,False,,
11055,osm,way/1243093060,131,천마산 (하남),,0.025,,0.4,0.3,,False,,
11056,osm,way/1243093061,131,천마산 (하남),,0.046,,0.8,0.6,,False,,
11057,osm,way/1243093061,131,천마산 (하남),,0.051,,0.9,0.6,,False,,
11058,osm,way/1243093062,131,천마산 (하남),,0.054,,0.9,0.7,,False,,
11059,osm,way/1243093063,131,천마산 (하남),,0.027,,0.5,0.3,,False,,
11060,osm,way/1243093063,131,천마산 (하남),,0.022,,0.4,0.3,,False,,
11061,osm,way/1243093064,131,천마산 (하남),,0.129,,2.3,1.6,,False,,
11062,osm,way/1243093065,131,천마산 (하남),,0.074,,1.3,0.9,,False,,
11063,osm,way/1243093066,131,천마산 (하남),,0.151,,2.6,1.9,,False,,
11064,osm,way/1243093067,131,천마산 (하남),,0.086,,1.5,1.1,,False,,
11065,osm,way/1243093067,131,천마산 (하남),,0.184,,3.2,2.3,,False,,
11066,osm,way/1243093068,131,천마산 (하남),,0.029,,0.5,0.4,,False,,
11067,osm,way/1243093068,131,천마산 (하남),,0.044,,0.8,0.6,,False,,
11068,osm,way/1243093068,131,천마산 (하남),,0.214,,3.8,2.7,,False,,
11069,osm,way/1243093068,131,천마산 (하남),,0.058,,1.0,0.7,,False,,
11070,osm,way/1243093068,131,천마산 (하남),,0.015,,0.3,0.2,,False,,
11071,osm,way/1243093068,131,천마산 (하남),,0.029,,0.5,0.4,,False,,
11072,osm,way/1243093069,131,천마산 (하남),,0.04,,0.7,0.5,,False,,
11073,osm,way/1243093070,131,천마산 (하남),,0.053,,0.9,0.7,,False,,
11074,osm,way/1243093070,131,천마산 (하남),,0.198,,3.5,2.5,,False,,
11075,osm,way/1243093071,131,천마산 (하남),,0.161,,2.8,2.0,,False,,
11076,osm,way/1243093072,131,천마산 (하남),,0.052,,0.9,0.7,,False,,
11077,osm,way/1243093072,131,천마산 (하남),,0.023,,0.4,0.3,,False,,
11078,osm,way/1243093073,131,천마산 (하남),,0.056,,1.0,0.7,,False,,
11079,osm,way/1243093074,131,천마산 (하남),,0.024,,0.4,0.3,,False,,
11080,osm,way/1243093074,131,천마산 (하남),,0.014,,0.2,0.2,,False,,
11081,osm,way/1243093075,131,천마산 (하남),,0.021,,0.4,0.3,,False,,
11082,osm,way/1243093075,131,천마산 (하남),,0.014,,0.2,0.2,,False,,
11083,osm,way/1243093076,131,천마산 (하남),,0.009,,0.2,0.1,,False,,
11084,osm,way/1243093077,131,천마산 (하남),,0.109,,1.9,1.4,,False,,
11085,osm,way/1243093077,131,천마산 (하남),,0.066,,1.2,0.8,,False,,
11086,osm,way/1243093078,131,천마산 (하남),,0.013,,0.2,0.2,,False,,
11087,osm,way/1243093078,131,천마산 (하남),,0.033,,0.6,0.4,,False,,
11088,osm,way/1243093079,131,천마산 (하남),,0.025,,0.4,0.3,,False,,
11089,osm,way/1243093079,131,천마산 (하남),,0.054,,0.9,0.7,,False,,
11090,osm,way/1243093080,131,천마산 (하남),,0.051,,0.9,0.6,,False,,
11091,osm,way/1243093081,131,천마산 (하남),,0.009,,0.1,0.1,,False,,
11092,osm,way/1243093081,131,천마산 (하남),,0.132,,2.3,1.7,,False,,
11093,osm,way/1243093081,131,천마산 (하남),,0.03,,0.5,0.4,,False,,
11094,osm,way/1243093081,131,천마산 (하남),,0.02,,0.4,0.3,,False,,
11095,osm,way/1243093082,131,천마산 (하남),,0.121,,2.1,1.5,,False,,
11096,osm,way/1243093082,131,천마산 (하남),,0.023,,0.4,0.3,,False,,
11097,osm,way/1243093083,131,천마산 (하남),,0.015,,0.3,0.2,,False,,
11098,osm,way/1243093084,131,천마산 (하남),,0.043,,0.7,0.5,,False,,
11099,osm,way/1243093085,131,천마산 (하남),,0.087,,1.5,1.1,,False,,
11100,osm,way/1243093085,131,천마산 (하남),,0.079,,1.4,1.0,,False,,
11101,osm,way/1243093085,131,천마산 (하남),,0.015,,0.3,0.2,,False,,
11102,osm,way/1243093086,131,천마산 (하남),,0.016,,0.3,0.2,,False,,
11103,osm,way/1243093086,131,천마산 (하남),,0.154,,2.7,1.9,,False,,
11104,osm,way/1243093086,131,천마산 (하남),,0.039,,0.7,0.5,,False,,
11105,osm,way/1243093087,131,천마산 (하남),,0.104,,1.8,1.3,,False,,
11106,osm,way/1243093087,131,천마산 (하남),,0.028,,0.5,0.3,,False,,
11107,osm,way/1243093088,131,천마산 (하남),,0.081,,1.4,1.0,,False,,
11108,osm,way/1243093088,131,천마산 (하남),,0.029,,0.5,0.4,,False,,
11109,osm,way/1243093088,131,천마산 (하남),,0.018,,0.3,0.2,,False,,
11110,osm,way/1243093089,131,천마산 (하남),,0.022,,0.4,0.3,,False,,
11111,osm,way/1243093089,131,천마산 (하남),,0.051,,0.9,0.6,,False,,
11112,osm,way/1243093090,131,천마산 (하남),,0.023,,0.4,0.3,,False,,
11113,osm,way/1243093092,131,천마산 (하남),,0.094,,1.7,1.2,,False,,
11114,osm,way/1243093093,131,천마산 (하남),,0.047,,0.8,0.6,,False,,
11115,osm,way/1243093093,131,천마산 (하남),,0.091,,1.6,1.1,,False,,
11116,osm,way/1243093095,131,천마산 (하남),,0.271,,4.7,3.4,,False,,
11117,osm,way/1243093095,131,천마산 (하남),,0.018,,0.3,0.2,,False,,
11118,osm,way/1243093096,131,천마산 (하남),,0.046,,0.8,0.6,,False,,
11119,osm,way/1558537641,131,천마산 (하남),,0.033,,0.6,0.4,,False,,
11120,osm,way/1558537642,131,천마산 (하남),,0.041,,0.7,0.5,,False,,
11121,osm,way/1558537643,131,천마산 (하남),,0.01,,0.2,0.1,,False,,
11122,osm,way/1558537644,131,천마산 (하남),,0.013,,0.2,0.2,,False,,
11123,osm,way/1558537645,131,천마산 (하남),,0.017,,0.3,0.2,,False,,
11124,osm,way/1558537645,131,천마산 (하남),,0.122,,2.1,1.5,,False,,
11125,osm,way/1558537646,131,천마산 (하남),,0.008,,0.1,0.1,,False,,
11126,osm,way/1558537647,131,천마산 (하남),,0.029,,0.5,0.4,,False,,
11127,osm,way/1558537647,131,천마산 (하남),,0.074,,1.3,0.9,,False,,
11128,osm,way/1558537648,131,천마산 (하남),,0.004,,0.1,0.0,,False,,
11129,osm,way/839538530,132,건달산,,0.673,,11.8,8.4,,False,,
11130,osm,way/839538530,132,건달산,,0.121,,2.1,1.5,,False,,
11131,osm,way/839538530,132,건달산,,0.392,,6.9,4.9,,False,,
11132,osm,way/839538530,132,건달산,,0.422,,7.4,5.3,,False,,
11133,osm,way/839538530,132,건달산,,0.016,,0.3,0.2,,False,,
11134,osm,way/839538530,132,건달산,,0.252,,4.4,3.2,,False,,
11135,osm,way/839538530,132,건달산,,0.147,,2.6,1.8,,False,,
11136,osm,way/839538530,132,건달산,,0.251,,4.4,3.1,,False,,
11137,osm,way/839538530,132,건달산,,0.197,,3.4,2.5,,False,,
11138,osm,way/839538530,132,건달산,,0.44,,7.7,5.5,,False,,
11139,osm,way/839541005,132,건달산,,1.661,,29.1,20.8,,False,,
11140,osm,way/839541006,132,건달산,,0.344,,6.0,4.3,,False,,
11141,osm,way/839541007,132,건달산,,0.859,,15.0,10.7,,False,,
11142,osm,way/988814682,132,건달산,,0.713,,12.5,8.9,,False,,
11143,osm,way/988814684,132,건달산,,0.945,,16.5,11.8,,False,,
11144,osm,way/1136150661,132,건달산,,0.573,,10.0,7.2,,False,,
11145,osm,way/1321757218,132,건달산,,0.149,,2.6,1.9,,False,,
11146,osm,way/839542667,135,서봉산,,1.8,,31.5,22.5,,False,,
11147,osm,way/839542667,135,서봉산,,0.316,,5.5,4.0,,False,,
11148,osm,way/839542667,135,서봉산,,0.922,,16.1,11.5,,False,,
11149,osm,way/839542667,135,서봉산,,0.157,,2.8,2.0,,False,,
11150,osm,way/839542667,135,서봉산,,0.16,,2.8,2.0,,False,,
11151,osm,way/839542667,135,서봉산,,0.423,,7.4,5.3,,False,,
11152,osm,way/839542667,135,서봉산,,0.243,,4.2,3.0,,False,,
11153,osm,way/839542667,135,서봉산,,0.941,,16.5,11.8,,False,,
11154,osm,way/839542667,135,서봉산,,0.13,,2.3,1.6,,False,,
11155,osm,way/839542667,135,서봉산,,0.063,,1.1,0.8,,False,,
11156,osm,way/839542667,135,서봉산,,0.388,,6.8,4.9,,False,,
11157,osm,way/839542671,135,서봉산,,0.455,,8.0,5.7,,False,,
11158,osm,way/839542671,135,서봉산,,0.16,,2.8,2.0,,False,,
11159,osm,way/839542672,135,서봉산,,0.751,,13.1,9.4,,False,,
11160,osm,way/839542672,135,서봉산,,0.328,,5.7,4.1,,False,,
11161,osm,way/839542673,135,서봉산,,0.085,,1.5,1.1,,False,,
11162,osm,way/839542673,135,서봉산,,0.039,,0.7,0.5,,False,,
11163,osm,way/839542673,135,서봉산,,0.046,,0.8,0.6,,False,,
11164,osm,way/839542674,135,서봉산,,0.262,,4.6,3.3,,False,,
11165,osm,way/839542675,135,서봉산,,0.231,,4.0,2.9,,False,,
11166,osm,way/839542675,135,서봉산,,0.222,,3.9,2.8,,False,,
11167,osm,way/839542675,135,서봉산,,0.129,,2.3,1.6,,False,,
11168,osm,way/884005146,135,서봉산,,0.141,,2.5,1.8,토사,False,,
11169,osm,way/884005146,135,서봉산,,0.104,,1.8,1.3,토사,False,,
11170,osm,way/884005146,135,서봉산,,0.491,,8.6,6.1,토사,False,,
11171,osm,way/884005146,135,서봉산,,0.052,,0.9,0.6,토사,False,,
11172,osm,way/884005146,135,서봉산,,0.131,,2.3,1.6,토사,False,,
11173,osm,way/884005147,135,서봉산,,0.089,,1.6,1.1,,False,,
11174,osm,way/884005148,135,서봉산,,0.021,,0.4,0.3,,False,,
11175,osm,way/884005148,135,서봉산,,0.035,,0.6,0.4,,False,,
11176,osm,way/884005149,135,서봉산,,0.031,,0.5,0.4,,False,,
11177,osm,way/884005150,135,서봉산,,0.046,,0.8,0.6,,False,,
11178,osm,way/884005151,135,서봉산,,0.216,,3.8,2.7,토사,False,,
11179,osm,way/991383095,135,서봉산,,1.021,,17.9,12.8,,False,,
11180,osm,way/991383096,135,서봉산,,0.595,,10.4,7.4,토사,False,,
11181,osm,way/1014962037,135,서봉산,,0.458,,8.0,5.7,,False,,
11182,osm,way/1070226710,135,서봉산,,0.679,,11.9,8.5,토사,False,,
11183,osm,way/1070229184,135,서봉산,,0.209,,3.7,2.6,,False,,
11184,osm,way/1181087006,135,서봉산,,0.015,,0.3,0.2,,False,,
11185,osm,way/1181088146,135,서봉산,,0.043,,0.8,0.5,,False,,
11186,osm,way/1321757209,135,서봉산,,0.361,,6.3,4.5,,False,,
11187,osm,way/1321757210,135,서봉산,,1.13,,19.8,14.1,,False,,
11188,osm,way/481564789,140,지내산,,0.712,,12.5,8.9,,False,,
11189,osm,way/481564789,140,지내산,,0.474,,8.3,5.9,,False,,
11190,osm,way/481564789,140,지내산,,1.302,,22.8,16.3,,False,,
11191,osm,way/481564789,140,지내산,,0.287,,5.0,3.6,,False,,
11192,osm,way/481564789,140,지내산,,0.788,,13.8,9.8,,False,,
11193,osm,way/481564789,140,지내산,,2.166,,37.9,27.1,,False,,
11194,osm,way/481564789,140,지내산,,0.557,,9.8,7.0,,False,,
11195,osm,way/481564789,140,지내산,,0.197,,3.4,2.5,,False,,
11196,osm,way/481564789,140,지내산,,0.856,,15.0,10.7,,False,,
11197,osm,way/481564791,140,지내산,,0.478,,8.4,6.0,,False,,
11198,osm,way/876022152,140,지내산,,0.297,,5.2,3.7,,False,,
11199,osm,way/876022152,140,지내산,,0.042,,0.7,0.5,,False,,
11200,osm,way/876022155,140,지내산,,0.222,,3.9,2.8,,False,,
11201,osm,way/876022155,140,지내산,,0.473,,8.3,5.9,,False,,
11202,osm,way/876022155,140,지내산,,0.184,,3.2,2.3,,False,,
11203,osm,way/876022155,140,지내산,,0.191,,3.3,2.4,,False,,
11204,osm,way/876022155,140,지내산,,0.408,,7.1,5.1,,False,,
11205,osm,way/876022156,140,지내산,,0.146,,2.6,1.8,,False,,
11206,osm,way/876022157,140,지내산,,0.098,,1.7,1.2,,False,,
11207,osm,way/876022158,140,지내산,,0.343,,6.0,4.3,,False,,
11208,osm,way/876022158,140,지내산,,0.132,,2.3,1.7,,False,,
11209,osm,way/876022158,140,지내산,,0.232,,4.1,2.9,,False,,
11210,osm,way/876022159,140,지내산,,0.025,,0.4,0.3,,False,,
11211,osm,way/937280450,140,지내산,,0.379,,6.6,4.7,,False,,
11212,osm,way/1039075191,140,지내산,,0.476,,8.3,5.9,토사,False,,
11213,osm,way/1039075191,140,지내산,,2.265,,39.6,28.3,토사,False,,
11214,osm,way/1039075191,140,지내산,,0.025,,0.4,0.3,토사,False,,
11215,osm,way/1039075191,140,지내산,,0.904,,15.8,11.3,토사,False,,
11216,osm,way/1039075191,140,지내산,,0.52,,9.1,6.5,토사,False,,
11217,osm,way/1039076254,140,지내산,,1.383,,24.2,17.3,,False,,
11218,osm,way/1106733255,140,지내산,,0.281,,4.9,3.5,토사,False,,
11219,osm,way/1106733255,140,지내산,,0.358,,6.3,4.5,토사,False,,
11220,osm,way/1150599183,140,지내산,,0.513,,9.0,6.4,토사,False,,
11221,osm,way/1150599183,140,지내산,,0.358,,6.3,4.5,토사,False,,
11222,osm,way/1150599186,140,지내산,,0.857,,15.0,10.7,토사,False,,
11223,osm,way/1224028480,140,지내산,,0.65,,11.4,8.1,,False,,
11224,osm,way/1224028481,140,지내산,,0.464,,8.1,5.8,,False,,
11225,osm,way/1224028481,140,지내산,,0.66,,11.5,8.2,,False,,
11226,osm,way/1224028486,140,지내산,,0.291,,5.1,3.6,,False,,
11227,osm,way/1224028487,140,지내산,,0.463,,8.1,5.8,,False,,
11228,osm,way/1224028487,140,지내산,,0.118,,2.1,1.5,,False,,
11229,osm,way/1224028488,140,지내산,,0.157,,2.7,2.0,,False,,
11230,osm,way/1224028489,140,지내산,,0.134,,2.3,1.7,,False,,
11231,osm,way/1224028489,140,지내산,,0.047,,0.8,0.6,,False,,
11232,osm,way/1224028490,140,지내산,,0.18,,3.2,2.3,,False,,
11233,osm,way/1224028491,140,지내산,,0.077,,1.3,1.0,,False,,
11234,osm,way/1224028491,140,지내산,,0.17,,3.0,2.1,,False,,
11235,osm,way/1224028499,140,지내산,,0.094,,1.6,1.2,,False,,
11236,osm,way/1224028500,140,지내산,,0.156,,2.7,1.9,,False,,
11237,osm,way/1224028500,140,지내산,,0.189,,3.3,2.4,,False,,
11238,osm,way/1224028501,140,지내산,,0.901,,15.8,11.3,,False,,
11239,osm,way/1224028501,140,지내산,,0.134,,2.3,1.7,,False,,
11240,osm,way/833835581,141,태봉산 (화성시),,0.084,,1.5,1.0,토사,False,,
11241,osm,way/833835582,141,태봉산 (화성시),,0.018,,0.3,0.2,토사,False,,
11242,osm,way/833835582,141,태봉산 (화성시),,0.007,,0.1,0.1,토사,False,,
11243,osm,way/1014962042,141,태봉산 (화성시),,0.081,,1.4,1.0,토사,False,,
11244,osm,way/1014962042,141,태봉산 (화성시),,0.028,,0.5,0.3,토사,False,,
11245,osm,way/1014962042,141,태봉산 (화성시),,1.234,,21.6,15.4,토사,False,,
11246,osm,way/1014962043,141,태봉산 (화성시),,0.834,,14.6,10.4,,False,,
11247,osm,way/1014962043,141,태봉산 (화성시),,0.679,,11.9,8.5,,False,,
11248,osm,way/1014962043,141,태봉산 (화성시),,0.313,,5.5,3.9,,False,,
11249,osm,way/1014962043,141,태봉산 (화성시),,0.303,,5.3,3.8,,False,,
11250,osm,way/1039076527,141,태봉산 (화성시),,0.558,,9.8,7.0,,False,,
11251,osm,way/1106283049,141,태봉산 (화성시),,0.765,,13.4,9.6,,False,,
11252,osm,way/1106283050,141,태봉산 (화성시),,0.064,,1.1,0.8,,False,,
11253,osm,way/1224028497,141,태봉산 (화성시),,0.349,,6.1,4.4,,False,,
11254,osm,way/1224028498,141,태봉산 (화성시),,0.569,,10.0,7.1,,False,,
11255,osm,way/1321757221,141,태봉산 (화성시),,0.11,,1.9,1.4,,False,,
11256,osm,way/1321757222,141,태봉산 (화성시),,0.185,,3.2,2.3,,False,,
11257,osm,way/1321757223,141,태봉산 (화성시),,0.335,,5.9,4.2,,False,,
